/*
 Navicat Premium Data Transfer

 Source Server         : 数据库连接
 Source Server Type    : MySQL
 Source Server Version : 80025
 Source Host           : localhost:3306
 Source Schema         : learn

 Target Server Type    : MySQL
 Target Server Version : 80025
 File Encoding         : 65001

 Date: 29/03/2022 15:23:51
*/

SET NAMES utf8mb4;
SET FOREIGN_KEY_CHECKS = 0;

-- ----------------------------
-- Table structure for answer
-- ----------------------------
DROP TABLE IF EXISTS `answer`;
CREATE TABLE `answer` (
  `answer_id` int NOT NULL AUTO_INCREMENT COMMENT '答题记录编号',
  `user_id` varchar(255) DEFAULT NULL COMMENT '用户编号',
  `library_id` varchar(255) CHARACTER SET utf8 COLLATE utf8_general_ci DEFAULT NULL COMMENT '题库编号',
  `answer_num` int DEFAULT NULL COMMENT '最终得分',
  `create_time` datetime DEFAULT NULL,
  PRIMARY KEY (`answer_id`)
) ENGINE=InnoDB AUTO_INCREMENT=13 DEFAULT CHARSET=utf8mb3;

-- ----------------------------
-- Records of answer
-- ----------------------------
BEGIN;
INSERT INTO `answer` VALUES (1, '1', '1', 90, '2022-03-28 20:05:24');
INSERT INTO `answer` VALUES (2, '3', '2', 90, '2022-03-28 20:05:27');
INSERT INTO `answer` VALUES (3, '4', '2', 80, '2022-03-28 20:05:33');
INSERT INTO `answer` VALUES (4, '5', '2', 70, '2022-03-28 20:05:36');
INSERT INTO `answer` VALUES (5, '6', '3', 88, '2022-03-28 20:05:39');
INSERT INTO `answer` VALUES (6, '7', '1', 83, '2022-03-28 20:05:42');
INSERT INTO `answer` VALUES (7, '8', '4', 70, '2022-03-28 20:05:44');
INSERT INTO `answer` VALUES (8, '7', '4', 60, '2022-03-28 20:05:47');
INSERT INTO `answer` VALUES (9, '4', '1', 99, '2022-03-28 20:05:49');
INSERT INTO `answer` VALUES (10, '1', '3', 100, '2022-03-28 20:05:51');
INSERT INTO `answer` VALUES (11, '3', '4', 80, '2022-03-28 20:05:54');
INSERT INTO `answer` VALUES (12, '1', '2', 0, '2022-03-28 22:10:55');
COMMIT;

-- ----------------------------
-- Table structure for comment
-- ----------------------------
DROP TABLE IF EXISTS `comment`;
CREATE TABLE `comment` (
  `posts_id` varchar(255) DEFAULT NULL COMMENT '帖子id',
  `user_id` varchar(255) DEFAULT NULL COMMENT '用户id',
  `comment_info` text COMMENT '评论内容',
  `create_time` datetime DEFAULT NULL COMMENT '评论时间',
  `comment_id` int NOT NULL AUTO_INCREMENT,
  PRIMARY KEY (`comment_id`)
) ENGINE=InnoDB AUTO_INCREMENT=10 DEFAULT CHARSET=utf8mb3;

-- ----------------------------
-- Records of comment
-- ----------------------------
BEGIN;
INSERT INTO `comment` VALUES ('1', '1', '测试的评论信息', '2022-03-28 14:32:22', 1);
INSERT INTO `comment` VALUES ('2', '2', '测试的评论信息', '2022-03-28 14:32:34', 2);
INSERT INTO `comment` VALUES ('4', '1', '测试的评论信息——01', '2022-03-28 14:32:34', 4);
INSERT INTO `comment` VALUES ('3', '3', '测试的评论信息', '2022-03-28 14:32:34', 5);
INSERT INTO `comment` VALUES ('3', '4', '测试的评论信息——02', '2022-03-28 14:32:34', 6);
INSERT INTO `comment` VALUES ('2', '1', '管理员账户发布的一个评论信息', '2022-03-28 19:28:19', 7);
INSERT INTO `comment` VALUES ('1', '1', '测试的发布评论信息', '2022-03-28 19:29:58', 8);
INSERT INTO `comment` VALUES ('6', '1', '这是一个测试的评论', '2022-03-28 22:12:17', 9);
COMMIT;

-- ----------------------------
-- Table structure for learn_library
-- ----------------------------
DROP TABLE IF EXISTS `learn_library`;
CREATE TABLE `learn_library` (
  `library_id` int NOT NULL AUTO_INCREMENT COMMENT '题库编号',
  `user_id` varchar(255) DEFAULT NULL COMMENT '教师编号',
  `library_info` varchar(255) DEFAULT NULL COMMENT '题库信息',
  `library_code` int DEFAULT NULL COMMENT '是否私有',
  `library_class` varchar(255) DEFAULT NULL COMMENT '题库分类',
  `library_img` varchar(255) DEFAULT NULL COMMENT '题库图片',
  PRIMARY KEY (`library_id`)
) ENGINE=InnoDB AUTO_INCREMENT=6 DEFAULT CHARSET=utf8mb3;

-- ----------------------------
-- Records of learn_library
-- ----------------------------
BEGIN;
INSERT INTO `learn_library` VALUES (1, '2', '一个测试的题库', 1, '1', '/0f1b97e3-33c3-4cfd-a7b2-5e3fea66957bimg.png');
INSERT INTO `learn_library` VALUES (2, '2', '第二个测试的题库', 1, '1', '/712564BA-C453-4008-9003-A9D4ED8247D3.JPG');
INSERT INTO `learn_library` VALUES (3, '2', '第三个测试的题库', 1, '2', '/5b8cec05-802e-4f1c-994b-ace277e5cdadimg.png');
INSERT INTO `learn_library` VALUES (4, '2', '第四个测试的题库', 1, '3', '/31f5fc37-f902-4ca8-b0a1-58c426d68e7a5b8cec05-802e-4f1c-994b-ace277e5cdadimg.png');
COMMIT;

-- ----------------------------
-- Table structure for learn_res
-- ----------------------------
DROP TABLE IF EXISTS `learn_res`;
CREATE TABLE `learn_res` (
  `res_id` int NOT NULL AUTO_INCREMENT COMMENT '资源编号',
  `user_id` varchar(255) DEFAULT NULL COMMENT '用户id',
  `res_address` varchar(255) DEFAULT NULL COMMENT '资源地址',
  `res_title` varchar(255) DEFAULT NULL COMMENT '资源描述',
  `res_download` int DEFAULT '0' COMMENT '下载次数',
  PRIMARY KEY (`res_id`)
) ENGINE=InnoDB AUTO_INCREMENT=8 DEFAULT CHARSET=utf8mb3;

-- ----------------------------
-- Records of learn_res
-- ----------------------------
BEGIN;
INSERT INTO `learn_res` VALUES (1, '1', 'src/main/res/20201020133_耿程程_任务书.docx', '20201020133_耿程程_任务书.docx', 1);
INSERT INTO `learn_res` VALUES (2, '1', 'src/main/res/20201020133_耿程程_开题报告.doc', '20201020133_耿程程_开题报告.doc', 3);
INSERT INTO `learn_res` VALUES (6, '1', 'src/main/res/1.doc', '1.doc', 0);
COMMIT;

-- ----------------------------
-- Table structure for library_class
-- ----------------------------
DROP TABLE IF EXISTS `library_class`;
CREATE TABLE `library_class` (
  `class_id` int NOT NULL AUTO_INCREMENT COMMENT '题库分类编号',
  `class_info` varchar(255) DEFAULT NULL COMMENT '题库分类信息',
  PRIMARY KEY (`class_id`)
) ENGINE=InnoDB AUTO_INCREMENT=5 DEFAULT CHARSET=utf8mb3;

-- ----------------------------
-- Records of library_class
-- ----------------------------
BEGIN;
INSERT INTO `library_class` VALUES (1, 'JAVA');
INSERT INTO `library_class` VALUES (2, 'Python');
INSERT INTO `library_class` VALUES (3, 'C#');
COMMIT;

-- ----------------------------
-- Table structure for logs
-- ----------------------------
DROP TABLE IF EXISTS `logs`;
CREATE TABLE `logs` (
  `log_id` bigint NOT NULL AUTO_INCREMENT COMMENT 'ID',
  `description` varchar(255) CHARACTER SET utf8 COLLATE utf8_general_ci DEFAULT NULL,
  `log_type` varchar(255) CHARACTER SET utf8 COLLATE utf8_general_ci DEFAULT NULL,
  `method` varchar(255) CHARACTER SET utf8 COLLATE utf8_general_ci DEFAULT NULL,
  `params` text CHARACTER SET utf8 COLLATE utf8_general_ci,
  `request_ip` varchar(255) CHARACTER SET utf8 COLLATE utf8_general_ci DEFAULT NULL,
  `time` bigint DEFAULT NULL,
  `user_name` varchar(255) CHARACTER SET utf8 COLLATE utf8_general_ci DEFAULT NULL,
  `address` varchar(255) CHARACTER SET utf8 COLLATE utf8_general_ci DEFAULT NULL,
  `browser` varchar(255) CHARACTER SET utf8 COLLATE utf8_general_ci DEFAULT NULL,
  `exception_detail` text CHARACTER SET utf8 COLLATE utf8_general_ci,
  `create_time` datetime DEFAULT NULL COMMENT '创建时间',
  PRIMARY KEY (`log_id`) USING BTREE
) ENGINE=InnoDB AUTO_INCREMENT=1114 DEFAULT CHARSET=utf8mb3 ROW_FORMAT=DYNAMIC COMMENT='系统日志';

-- ----------------------------
-- Records of logs
-- ----------------------------
BEGIN;
INSERT INTO `logs` VALUES (774, '删除日志', 'INFO', 'com.bs.demo.controller.admin.LogsController.deleteRole()', '[{\"logType\":\"INFO\",\"address\":\"吉林省辽源市 联通\",\"method\":\"com.bs.demo.controller.admin.LogsController.logList()\",\"createTime\":1643686077000,\"browser\":\"Chrome 97.0.4692.99\",\"description\":\"\",\"logId\":773,\"requestIp\":\"0:0:0:0:0:0:0:1\",\"time\":8,\"userName\":\"admin\",\"params\":\"{\\\"searchText\\\":\\\"\\\",\\\"pageSize\\\":10,\\\"currentPage\\\":1}\"},{\"logType\":\"INFO\",\"address\":\"吉林省辽源市 联通\",\"method\":\"com.bs.demo.controller.admin.LogsController.deleteRole()\",\"createTime\":1643686076000,\"browser\":\"Chrome 97.0.4692.99\",\"description\":\"删除日志\",\"logId\":772,\"requestIp\":\"0:0:0:0:0:0:0:1\",\"time\":2,\"userName\":\"admin\",\"params\":\"[{\\\"logType\\\":\\\"INFO\\\",\\\"address\\\":\\\"吉林省辽源市 联通\\\",\\\"method\\\":\\\"com.bs.demo.controller.admin.LogsController.deleteRole()\\\",\\\"createTime\\\":1643686073000,\\\"browser\\\":\\\"Chrome 97.0.4692.99\\\",\\\"description\\\":\\\"删除日志\\\",\\\"logId\\\":770,\\\"requestIp\\\":\\\"0:0:0:0:0:0:0:1\\\",\\\"time\\\":2,\\\"userName\\\":\\\"admin\\\",\\\"params\\\":\\\"[{\\\\\\\"logType\\\\\\\":\\\\\\\"INFO\\\\\\\",\\\\\\\"address\\\\\\\":\\\\\\\"吉林省辽源市 联通\\\\\\\",\\\\\\\"method\\\\\\\":\\\\\\\"com.bs.demo.controller.admin.LogsController.deleteRole()\\\\\\\",\\\\\\\"createTime\\\\\\\":1643686070000,\\\\\\\"browser\\\\\\\":\\\\\\\"Chrome 97.0.4692.99\\\\\\\",\\\\\\\"description\\\\\\\":\\\\\\\"删除日志\\\\\\\",\\\\\\\"logId\\\\\\\":768,\\\\\\\"requestIp\\\\\\\":\\\\\\\"0:0:0:0:0:0:0:1\\\\\\\",\\\\\\\"time\\\\\\\":2,\\\\\\\"userName\\\\\\\":\\\\\\\"admin\\\\\\\",\\\\\\\"params\\\\\\\":\\\\\\\"[{\\\\\\\\\\\\\\\"logType\\\\\\\\\\\\\\\":\\\\\\\\\\\\\\\"INFO\\\\\\\\\\\\\\\",\\\\\\\\\\\\\\\"address\\\\\\\\\\\\\\\":\\\\\\\\\\\\\\\"吉林省辽源市 联通\\\\\\\\\\\\\\\",\\\\\\\\\\\\\\\"method\\\\\\\\\\\\\\\":\\\\\\\\\\\\\\\"com.bs.demo.controller.admin.LogsController.deleteRole()\\\\\\\\\\\\\\\",\\\\\\\\\\\\\\\"createTime\\\\\\\\\\\\\\\":1643686062000,\\\\\\\\\\\\\\\"browser\\\\\\\\\\\\\\\":\\\\\\\\\\\\\\\"Chrome 97.0.4692.99\\\\\\\\\\\\\\\",\\\\\\\\\\\\\\\"description\\\\\\\\\\\\\\\":\\\\\\\\\\\\\\\"删除日志\\\\\\\\\\\\\\\",\\\\\\\\\\\\\\\"logId\\\\\\\\\\\\\\\":766,\\\\\\\\\\\\\\\"requestIp\\\\\\\\\\\\\\\":\\\\\\\\\\\\\\\"0:0:0:0:0:0:0:1\\\\\\\\\\\\\\\",\\\\\\\\\\\\\\\"time\\\\\\\\\\\\\\\":9447,\\\\\\\\\\\\\\\"userName\\\\\\\\\\\\\\\":\\\\\\\\\\\\\\\"admin\\\\\\\\\\\\\\\",\\\\\\\\\\\\\\\"params\\\\\\\\\\\\\\\":\\\\\\\\\\\\\\\"[{\\\\\\\\\\\\\\\\\\\\\\\\\\\\\\\"logType\\\\\\\\\\\\\\\\\\\\\\\\\\\\\\\":\\\\\\\\\\\\\\\\\\\\\\\\\\\\\\\"INFO\\\\\\\\\\\\\\\\\\\\\\\\\\\\\\\",\\\\\\\\\\\\\\\\\\\\\\\\\\\\\\\"address\\\\\\\\\\\\\\\\\\\\\\\\\\\\\\\":\\\\\\\\\\\\\\\\\\\\\\\\\\\\\\\"吉林省辽源市 联通\\\\\\\\\\\\\\\\\\\\\\\\\\\\\\\",\\\\\\\\\\\\\\\\\\\\\\\\\\\\\\\"method\\\\\\\\\\\\\\\\\\\\\\\\\\\\\\\":\\\\\\\\\\\\\\\\\\\\\\\\\\\\\\\"com.bs.demo.controller.admin.LogsController.deleteRole()\\\\\\\\\\\\\\\\\\\\\\\\\\\\\\\",\\\\\\\\\\\\\\\\\\\\\\\\\\\\\\\"createTime\\\\\\\\\\\\\\\\\\\\\\\\\\\\\\\":1643686043000,\\\\\\\\\\\\\\\\\\\\\\\\\\\\\\\"browser\\\\\\\\\\\\\\\\\\\\\\\\\\\\\\\":\\\\\\\\\\\\\\\\\\\\\\\\\\\\\\\"Chrome 97.0.4692.99\\\\\\\\\\\\\\\\\\\\\\\\\\\\\\\",\\\\\\\\\\\\\\\\\\\\\\\\\\\\\\\"description\\\\\\\\\\\\\\\\\\\\\\\\\\\\\\\":\\\\\\\\\\\\\\\\\\\\\\\\\\\\\\\"删除日志\\\\\\\\\\\\\\\\\\\\\\\\\\\\\\\",\\\\\\\\\\\\\\\\\\\\\\\\\\\\\\\"logId\\\\\\\\\\\\\\\\\\\\\\\\\\\\\\\":764,\\\\\\\\\\\\\\\\\\\\\\\\\\\\\\\"requestIp\\\\\\\\\\\\\\\\\\\\\\\\\\\\\\\":\\\\\\\\\\\\\\\\\\\\\\\\\\\\\\\"0:0:0:0:0:0:0:1\\\\\\\\\\\\\\\\\\\\\\\\\\\\\\\",\\\\\\\\\\\\\\\\\\\\\\\\\\\\\\\"time\\\\\\\\\\\\\\\\\\\\\\\\\\\\\\\":7302,\\\\\\\\\\\\\\\\\\\\\\\\\\\\\\\"userName\\\\\\\\\\\\\\\\\\\\\\\\\\\\\\\":\\\\\\\\\\\\\\\\\\\\\\\\\\\\\\\"admin\\\\\\\\\\\\\\\\\\\\\\\\\\\\\\\",\\\\\\\\\\\\\\\\\\\\\\\\\\\\\\\"params\\\\\\\\\\\\\\\\\\\\\\\\\\\\\\\":\\\\\\\\\\\\\\\\\\\\\\\\\\\\\\\"[{\\\\\\\\\\\\\\\\\\\\\\\\\\\\\\\\\\\\\\\\\\\\\\\\\\\\\\\\\\\\\\\"logType\\\\\\\\\\\\\\\\\\\\\\\\\\\\\\\\\\\\\\\\\\\\\\\\\\\\\\\\\\\\\\\":\\\\\\\\\\\\\\\\\\\\\\\\\\\\\\\\\\\\\\\\\\\\\\\\\\\\\\\\\\\\\\\"INFO\\\\\\\\\\\\\\\\\\\\\\\\\\\\\\\\\\\\\\\\\\\\\\\\\\\\\\\\\\\\\\\",\\\\\\\\\\\\\\\\\\\\\\\\\\\\\\\\\\\\\\\\\\\\\\\\\\\\\\\\\\\\\\\"address\\\\\\\\\\\\\\\\\\\\\\\\\\\\\\\\\\\\\\\\\\\\\\\\\\\\\\\\\\\\\\\":\\\\\\\\\\\\\\\\\\\\\\\\\\\\\\\\\\\\\\\\\\\\\\\\\\\\\\\\\\\\\\\"吉林省辽源市 联通\\\\\\\\\\\\\\\\\\\\\\\\\\\\\\\\\\\\\\\\\\\\\\\\\\\\\\\\\\\\\\\",\\\\\\\\\\\\\\\\\\\\\\\\\\\\\\\\\\\\\\\\\\\\\\\\\\\\\\\\\\\\\\\"method\\\\\\\\\\\\\\\\\\\\\\\\\\\\\\\\\\\\\\\\\\\\\\\\\\\\\\\\\\\\\\\":\\\\\\\\\\\\\\\\\\\\\\\\\\\\\\\\\\\\\\\\\\\\\\\\\\\\\\\\\\\\\\\"com.bs.demo.controller.admin.LogsController.logList()\\\\\\\\\\\\\\\\\\\\\\\\\\\\\\\\\\\\\\\\\\\\\\\\\\\\\\\\\\\\\\\",\\\\\\\\\\\\\\\\\\\\\\\\\\\\\\\\\\\\\\\\\\\\\\\\\\\\\\\\\\\\\\\"createTime\\\\\\\\\\\\\\\\\\\\\\\\\\\\\\\\\\\\\\\\\\\\\\\\\\\\\\\\\\\\\\\":1643685620000,\\\\\\\\\\\\\\\\\\\\\\\\\\\\\\\\\\\\\\\\\\\\\\\\\\\\\\\\\\\\\\\"browser\\\\\\\\\\\\\\\\\\\\\\\\\\\\\\\\\\\\\\\\\\\\\\\\\\\\\\\\\\\\\\\":\\\\\\\\\\\\\\\\\\\\\\\\\\\\\\\\\\\\\\\\\\\\\\\\\\\\\\\\\\\\\\\"Chrome 97.0.4692.99\\\\\\\\\\\\\\\\\\\\\\\\\\\\\\\\\\\\\\\\\\\\\\\\\\\\\\\\\\\\\\\",\\\\\\\\\\\\\\\\\\\\\\\\\\\\\\\\\\\\\\\\\\\\\\\\\\\\\\\\\\\\\\\"description\\\\\\\\\\\\\\\\\\\\\\\\\\\\\\\\\\\\\\\\\\\\\\\\\\\\\\\\\\\\\\\":\\\\\\\\\\\\\\\\\\\\\\\\\\\\\\\\\\\\\\\\\\\\\\\\\\\\\\\\\\\\\\\"\\\\\\\\\\\\\\\\\\\\\\\\\\\\\\\\\\\\\\\\\\\\\\\\\\\\\\\\\\\\\\\",\\\\\\\\\\\\\\\\\\\\\\\\\\\\\\\\\\\\\\\\\\\\\\\\\\\\\\\\\\\\\\\"logId\\\\\\\\\\\\\\\\\\\\\\\\\\\\\\\\\\\\\\\\\\\\\\\\\\\\\\\\\\\\\\\":759,\\\\\\\\\\\\\\\\\\\\\\\\\\\\\\\\\\\\\\\\\\\\\\\\\\\\\\\\\\\\\\\"requestIp\\\\\\\\\\\\\\\\\\\\\\\\\\\\\\\\\\\\\\\\\\\\\\\\\\\\\\\\\\\\\\\":\\\\\\\\\\\\\\\\\\\\\\\\\\\\\\\\\\\\\\\\\\\\\\\\\\\\\\\\\\\\\\\"0:0:0:0:0:0:0:1\\\\\\\\\\\\\\\\\\\\\\\\\\\\\\\\\\\\\\\\\\\\\\\\\\\\\\\\\\\\\\\",\\\\\\\\\\\\\\\\\\\\\\\\\\\\\\\\\\\\\\\\\\\\\\\\\\\\\\\\\\\\\\\"time\\\\\\\\\\\\\\\\\\\\\\\\\\\\\\\\\\\\\\\\\\\\\\\\\\\\\\\\\\\\\\\":18,\\\\\\\\\\\\\\\\\\\\\\\\\\\\\\\\\\\\\\\\\\\\\\\\\\\\\\\\\\\\\\\"userName\\\\\\\\\\\\\\\\\\\\\\\\\\\\\\\\\\\\\\\\\\\\\\\\\\\\\\\\\\\\\\\":\\\\\\\\\\\\\\\\\\\\\\\\\\\\\\\\\\\\\\\\\\\\\\\\\\\\\\\\\\\\\\\"admin\\\\\\\\\\\\\\\\\\\\\\\\\\\\\\\\\\\\\\\\\\\\\\\\\\\\\\\\\\\\\\\",\\\\\\\\\\\\\\\\\\\\\\\\\\\\\\\\\\\\\\\\\\\\\\\\\\\\\\\\\\\\\\\"params\\\\\\\\\\\\\\\\\\\\\\\\\\\\\\\\\\\\\\\\\\\\\\\\\\\\\\\\\\\\\\\":\\\\\\\\\\\\\\\\\\\\\\\\\\\\\\\\\\\\\\\\\\\\\\\\\\\\\\\\\\\\\\\"{\\\\\\\\\\\\\\\\\\\\\\\\\\\\\\\\\\\\\\\\\\\\\\\\\\\\\\\\\\\\\\\\\\\\\\\\\\\\\\\\\\\\\\\\\\\\\\\\\\\\\\\\\\\\\\\\\\\\\\\\\\\\\\\"searchText\\\\\\\\\\\\\\\\\\\\\\\\\\\\\\\\\\\\\\\\\\\\\\\\\\\\\\\\\\\\\\\\\\\\\\\\\\\\\\\\\\\\\\\\\\\\\\\\\\\\\\\\\\\\\\\\\\\\\\\\\\\\\\\":\\\\\\\\\\\\\\\\\\\\\\\\\\\\\\\\\\\\\\\\\\\\\\\\\\\\\\\\\\\\\\\\\\\\\\\\\\\\\\\\\\\\\\\\\\\\\\\\\\\\\\\\\\\\\\\\\\\\\\\\\\\\\\\"\\\\\\\\\\\\\\\\\\\\\\\\\\\\\\\\\\\\\\\\\\\\\\\\\\\\\\\\\\\\\\\\\\\\\\\\\\\\\\\\\\\\\\\\\\\\\\\\\\\\\\\\\\\\\\\\\\\\\\\\\\\\\\\",\\\\\\\\\\\\\\\\\\\\\\\\\\\\\\\\\\\\\\\\\\\\\\\\\\\\\\\\\\\\\\\\\\\\\\\\\\\\\\\\\\\\\\\\\\\\\\\\\\\\\\\\\\\\\\\\\\\\\\\\\\\\\\\"pageSize\\\\\\\\\\\\\\\\\\\\\\\\\\\\\\\\\\\\\\\\\\\\\\\\\\\\\\\\\\\\\\\\\\\\\\\\\\\\\\\\\\\\\\\\\\\\\\\\\\\\\\\\\\\\\\\\\\\\\\\\\\\\\\\":10,\\\\\\\\\\\\\\\\\\\\\\\\\\\\\\\\\\\\\\\\\\\\\\\\\\\\\\\\\\\\\\\\\\\\\\\\\\\\\\\\\\\\\\\\\\\\\\\\\\\\\\\\\\\\\\\\\\\\\\\\\\\\\\\"currentPage\\\\\\\\\\\\\\\\\\\\\\\\\\\\\\\\\\\\\\\\\\\\\\\\\\\\\\\\\\\\\\\\\\\\\\\\\\\\\\\\\\\\\\\\\\\\\\\\\\\\\\\\\\\\\\\\\\\\\\\\\\\\\\\":1}\\\\\\\\\\\\\\\\\\\\\\\\\\\\\\\\\\\\\\\\\\\\\\\\\\\\\\\\\\\\\\\"},{\\\\\\\\\\\\\\\\\\\\\\\\\\\\\\\\\\\\\\\\\\\\\\\\\\\\\\\\\\\\\\\"logType\\\\\\\\\\\\\\\\\\\\\\\\\\\\\\\\\\\\\\\\\\\\\\\\\\\\\\\\\\\\\\\":\\\\\\\\\\\\\\\\\\\\\\\\\\\\\\\\\\\\\\\\\\\\\\\\\\\\\\\\\\\\\\\"INFO\\\\\\\\\\\\\\\\\\\\\\\\\\\\\\\\\\\\\\\\\\\\\\\\\\\\\\\\\\\\\\\",\\\\\\\\\\\\\\\\\\\\\\\\\\\\\\\\\\\\\\\\\\\\\\\\\\\\\\\\\\\\\\\"address\\\\\\\\\\\\\\\\\\\\\\\\\\\\\\\\\\\\\\\\\\\\\\\\\\\\\\\\\\\\\\\":\\\\\\\\\\\\\\\\\\\\\\\\\\\\\\\\\\\\\\\\\\\\\\\\\\\\\\\\\\\\\\\"吉林省辽源市 联通\\\\\\\\\\\\\\\\\\\\\\\\\\\\\\\\\\\\\\\\\\\\\\\\\\\\\\\\\\\\\\\",\\\\\\\\\\\\\\\\\\\\\\\\\\\\\\\\\\\\\\\\\\\\\\\\\\\\\\\\\\\\\\\"method\\\\\\\\\\\\\\\\\\\\\\\\\\\\\\\\\\\\\\\\\\\\\\\\\\\\\\\\\\\\\\\":\\\\\\\\\\\\\\\\\\\\\\\\\\\\\\\\\\\\\\\\\\\\\\\\\\\\\\\\\\\\\\\"com.bs.demo.controller.admin.LogsController.logList()\\\\\\\\\\\\\\\\\\\\\\\\\\\\\\\\\\\\\\\\\\\\\\\\\\\\\\\\\\\\\\\",\\\\\\\\\\\\\\\\\\\\\\\\\\\\\\\\\\\\\\\\\\\\\\\\\\\\\\\\\\\\\\\"createTime\\\\\\\\\\\\\\\\\\\\\\\\\\\\\\\\\\\\\\\\\\\\\\\\\\\\\\\\\\\\\\\":1643685615000,\\\\\\\\\\\\\\\\\\\\\\\\\\\\\\\\\\\\\\\\\\\\\\\\\\\\\\\\\\\\\\\"browser\\\\\\\\\\\\\\\\\\\\\\\\\\\\\\\\\\\\\\\\\\\\\\\\\\\\\\\\\\\\\\\":\\\\\\\\\\\\\\\\\\\\\\\\\\\\\\\\\\\\\\\\\\\\\\\\\\\\\\\\\\\\\\\"Chrome 97.0.4692.99\\\\\\\\\\\\\\\\\\\\\\\\\\\\\\\\\\\\\\\\\\\\\\\\\\\\\\\\\\\\\\\",\\\\\\\\\\\\\\\\\\\\\\\\\\\\\\\\\\\\\\\\\\\\\\\\\\\\\\\\\\\\\\\"description\\\\\\\\\\\\\\\\\\\\\\\\\\\\\\\\\\\\\\\\\\\\\\\\\\\\\\\\\\\\\\\":\\\\\\\\\\\\\\\\\\\\\\\\\\\\\\\\\\\\\\\\\\\\\\\\\\\\\\\\\\\\\\\"\\\\\\\\\\\\\\\\\\\\\\\\\\\\\\\\\\\\\\\\\\\\\\\\\\\\\\\\\\\\\\\",\\\\\\\\\\\\\\\\\\\\\\\\\\\\\\\\\\\\\\\\\\\\\\\\\\\\\\\\\\\\\\\"logId\\\\\\\\\\\\\\\\\\\\\\\\\\\\\\\\\\\\\\\\\\\\\\\\\\\\\\\\\\\\\\\":758,\\\\\\\\\\\\\\\\\\\\\\\\\\\\\\\\\\\\\\\\\\\\\\\\\\\\\\\\\\\\\\\"requestIp\\\\\\\\\\\\\\\\\\\\\\\\\\\\\\\\\\\\\\\\\\\\\\\\\\\\\\\\\\\\\\\":\\\\\\\\\\\\\\\\\\\\\\\\\\\\\\\\\\\\\\\\\\\\\\\\\\\\\\\\\\\\\\\"0:0:0:0:0:0:0:1\\\\\\\\\\\\\\\\\\\\\\\\\\\\\\\\\\\\\\\\\\\\\\\\\\\\\\\\\\\\\\\",\\\\\\\\\\\\\\\\\\\\\\\\\\\\\\\\\\\\\\\\\\\\\\\\\\\\\\\\\\\\\\\"time\\\\\\\\\\\\\\\\\\\\\\\\\\\\\\\\\\\\\\\\\\\\\\\\\\\\\\\\\\\\\\\":33,\\\\\\\\\\\\\\\\\\\\\\\\\\\\\\\\\\\\\\\\\\\\\\\\\\\\\\\\\\\\\\\"userName\\\\\\\\\\\\\\\\\\\\\\\\\\\\\\\\\\\\\\\\\\\\\\\\\\\\\\\\\\\\\\\":\\\\\\\\\\\\\\\\\\\\\\\\\\\\\\\\\\\\\\\\\\\\\\\\\\\\\\\\\\\\\\\"admin\\\\\\\\\\\\\\\\\\\\\\\\\\\\\\\\\\\\\\\\\\\\\\\\\\\\\\\\\\\\\\\",\\\\\\\\\\\\\\\\\\\\\\\\\\\\\\\\\\\\\\\\\\\\\\\\\\\\\\\\\\\\\\\"params\\\\\\\\\\\\\\\\\\\\\\\\\\\\\\\\\\\\\\\\\\\\\\\\\\\\\\\\\\\\\\\":\\\\\\\\\\\\\\\\\\\\\\\\\\\\\\\\\\\\\\\\\\\\\\\\\\\\\\\\\\\\\\\"{\\\\\\\\\\\\\\\\\\\\\\\\\\\\\\\\\\\\\\\\\\\\\\\\\\\\\\\\\\\\\\\\\\\\\\\\\\\\\\\\\\\\\\\\\\\\\\\\\\\\\\\\\\\\\\\\\\\\\\\\\\\\\\\"searchText\\\\\\\\\\\\\\\\\\\\\\\\\\\\\\\\\\\\\\\\\\\\\\\\\\\\\\\\\\\\\\\\\\\\\\\\\\\\\\\\\\\\\\\\\\\\\\\\\\\\\\\\\\\\\\\\\\\\\\\\\\\\\\\":\\\\\\\\\\\\\\\\\\\\\\\\\\\\\\\\\\\\\\\\\\\\\\\\\\\\\\\\\\\\\\\\\\\\\\\\\\\\\\\\\\\\\\\\\\\\\\\\\\\\\\\\\\\\\\\\\\\\\\\\\\\\\\\"\\\\\\\\\\\\\\\\\\\\\\\\\\\\\\\\\\\\\\\\\\\\\\\\\\\\\\\\\\\\\\\\\\\\\\\\\\\\\\\\\\\\\\\\\\\\\\\\\\\\\\\\\\\\\\\\\\\\\\\\\\\\\\\",\\\\\\\\\\\\\\\\\\\\\\\\\\\\\\\\\\\\\\\\\\\\\\\\\\\\\\\\\\\\\\\\\\\\\\\\\\\\\\\\\\\\\\\\\\\\\\\\\\\\\\\\\\\\\\\\\\\\\\\\\\\\\\\"pageSize\\\\\\\\\\\\\\\\\\\\\\\\\\\\\\\\\\\\\\\\\\\\\\\\\\\\\\\\\\\\\\\\\\\\\\\\\\\\\\\\\\\\\\\\\\\\\\\\\\\\\\\\\\\\\\\\\\\\\\\\\\\\\\\":10,\\\\\\\\\\\\\\\\\\\\\\\\\\\\\\\\\\\\\\\\\\\\\\\\\\\\\\\\\\\\\\\\\\\\\\\\\\\\\\\\\\\\\\\\\\\\\\\\\\\\\\\\\\\\\\\\\\\\\\\\\\\\\\\"currentPage\\\\\\\\\\\\\\\\\\\\\\\\\\\\\\\\\\\\\\\\\\\\\\\\\\\\\\\\\\\\\\\\\\\\\\\\\\\\\\\\\\\\\\\\\\\\\\\\\\\\\\\\\\\\\\\\\\\\\\\\\\\\\\\":1}\\\\\\\\\\\\\\\\\\\\\\\\\\\\\\\\\\\\\\\\\\\\\\\\\\\\\\\\\\\\\\\"},{\\\\\\\\\\\\\\\\\\\\\\\\\\\\\\\\\\\\\\\\\\\\\\\\\\\\\\\\\\\\\\\"logType\\\\\\\\\\\\\\\\\\\\\\\\\\\\\\\\\\\\\\\\\\\\\\\\\\\\\\\\\\\\\\\":\\\\\\\\\\\\\\\\\\\\\\\\\\\\\\\\\\\\\\\\\\\\\\\\\\\\\\\\\\\\\\\"INFO\\\\\\\\\\\\\\\\\\\\\\\\\\\\\\\\\\\\\\\\\\\\\\\\\\\\\\\\\\\\\\\",\\\\\\\\\\\\\\\\\\\\\\\\\\\\\\\\\\\\\\\\\\\\\\\\\\\\\\\\\\\\\\\"address\\\\\\\\\\\\\\\\\\\\\\\\\\\\\\\\\\\\\\\\\\\\\\\\\\\\\\\\\\\\\\\":\\\\\\\\\\\\\\\\\\\\\\\\\\\\\\\\\\\\\\\\\\\\\\\\\\\\\\\\\\\\\\\"吉林省辽源市 联通\\\\\\\\\\\\\\\\\\\\\\\\\\\\\\\\\\\\\\\\\\\\\\\\\\\\\\\\\\\\\\\",\\\\\\\\\\\\\\\\\\\\\\\\\\\\\\\\\\\\\\\\\\\\\\\\\\\\\\\\\\\\\\\"method\\\\\\\\\\\\\\\\\\\\\\\\\\\\\\\\\\\\\\\\\\\\\\\\\\\\\\\\\\\\\\\":\\\\\\\\\\\\\\\\\\\\\\\\\\\\\\\\\\\\\\\\\\\\\\\\\\\\\\\\\\\\\\\"com.bs.demo.controller.admin.LogsController.logList()\\\\\\\\\\\\\\\\\\\\\\\\\\\\\\\\\\\\\\\\\\\\\\\\\\\\\\\\\\\\\\\",\\\\\\\\\\\\\\\\\\\\\\\\\\\\\\\\\\\\\\\\\\\\\\\\\\\\\\\\\\\\\\\"createTime\\\\\\\\\\\\\\\\\\\\\\\\\\\\\\\\\\\\\\\\\\\\\\\\\\\\\\\\\\\\\\\":1643684947000,\\\\\\\\\\\\\\\\\\\\\\\\\\\\\\\\\\\\\\\\\\\\\\\\\\\\\\\\\\\\\\\"browser\\\\\\\\\\\\\\\\\\\\\\\\\\\\\\\\\\\\\\\\\\\\\\\\\\\\\\\\\\\\\\\":\\\\\\\\\\\\\\\\\\\\\\\\\\\\\\\\\\\\\\\\\\\\\\\\\\\\\\\\\\\\\\\"Chrome 97.0.4692.99\\\\\\\\\\\\\\\\\\\\\\\\\\\\\\\\\\\\\\\\\\\\\\\\\\\\\\\\\\\\\\\",\\\\\\\\\\\\\\\\\\\\\\\\\\\\\\\\\\\\\\\\\\\\\\\\\\\\\\\\\\\\\\\"description\\\\\\\\\\\\\\\\\\\\\\\\\\\\\\\\\\\\\\\\\\\\\\\\\\\\\\\\\\\\\\\":\\\\\\\\\\\\\\\\\\\\\\\\\\\\\\\\\\\\\\\\\\\\\\\\\\\\\\\\\\\\\\\"\\\\\\\\\\\\\\\\\\\\\\\\\\\\\\\\\\\\\\\\\\\\\\\\\\\\\\\\\\\\\\\",\\\\\\\\\\\\\\\\\\\\\\\\\\\\\\\\\\\\\\\\\\\\\\\\\\\\\\\\\\\\\\\"logId\\\\\\\\\\\\\\\\\\\\\\\\\\\\\\\\\\\\\\\\\\\\\\\\\\\\\\\\\\\\\\\":752,\\\\\\\\\\\\\\\\\\\\\\\\\\\\\\\\\\\\\\\\\\\\\\\\\\\\\\\\\\\\\\\"requestIp\\\\\\\\\\\\\\\\\\\\\\\\\\\\\\\\\\\\\\\\\\\\\\\\\\\\\\\\\\\\\\\":\\\\\\\\\\\\\\\\\\\\\\\\\\\\\\\\\\\\\\\\\\\\\\\\\\\\\\\\\\\\\\\"0:0:0:0:0:0:0:1\\\\\\\\\\\\\\\\\\\\\\\\\\\\\\\\\\\\\\\\\\\\\\\\\\\\\\\\\\\\\\\",\\\\\\\\\\\\\\\\\\\\\\\\\\\\\\\\\\\\\\\\\\\\\\\\\\\\\\\\\\\\\\\"time\\\\\\\\\\\\\\\\\\\\\\\\\\\\\\\\\\\\\\\\\\\\\\\\\\\\\\\\\\\\\\\":29,\\\\\\\\\\\\\\\\\\\\\\\\\\\\\\\\\\\\\\\\\\\\\\\\\\\\\\\\\\\\\\\"userName\\\\\\\\\\\\\\\\\\\\\\\\\\\\\\\\\\\\\\\\\\\\\\\\\\\\\\\\\\\\\\\":\\\\\\\\\\\\\\\\\\\\\\\\\\\\\\\\\\\\\\\\\\\\\\\\\\\\\\\\\\\\\\\"admin\\\\\\\\\\\\\\\\\\\\\\\\\\\\\\\\\\\\\\\\\\\\\\\\\\\\\\\\\\\\\\\",\\\\\\\\\\\\\\\\\\\\\\\\\\\\\\\\\\\\\\\\\\\\\\\\\\\\\\\\\\\\\\\"params\\\\\\\\\\\\\\\\\\\\\\\\\\\\\\\\\\\\\\\\\\\\\\\\\\\\\\\\\\\\\\\":\\\\\\\\\\\\\\\\\\\\\\\\\\\\\\\\\\\\\\\\\\\\\\\\\\\\\\\\\\\\\\\"{\\\\\\\\\\\\\\\\\\\\\\\\\\\\\\\\\\\\\\\\\\\\\\\\\\\\\\\\\\\\\\\\\\\\\\\\\\\\\\\\\\\\\\\\\\\\\\\\\\\\\\\\\\\\\\\\\\\\\\\\\\\\\\\"searchText\\\\\\\\\\\\\\\\\\\\\\\\\\\\\\\\\\\\\\\\\\\\\\\\\\\\\\\\\\\\\\\\\\\\\\\\\\\\\\\\\\\\\\\\\\\\\\\\\\\\\\\\\\\\\\\\\\\\\\\\\\\\\\\":\\\\\\\\\\\\\\\\\\\\\\\\\\\\\\\\\\\\\\\\\\\\\\\\\\\\\\\\\\\\\\\\\\\\\\\\\\\\\\\\\\\\\\\\\\\\\\\\\\\\\\\\\\\\\\\\\\\\\\\\\\\\\\\"\\\\\\\\\\\\\\\\\\\\\\\\\\\\\\\\\\\\\\\\\\\\\\\\\\\\\\\\\\\\\\\\\\\\\\\\\\\\\\\\\\\\\\\\\\\\\\\\\\\\\\\\\\\\\\\\\\\\\\\\\\\\\\\",\\\\\\\\\\\\\\\\\\\\\\\\\\\\\\\\\\\\\\\\\\\\\\\\\\\\\\\\\\\\\\\\\\\\\\\\\\\\\\\\\\\\\\\\\\\\\\\\\\\\\\\\\\\\\\\\\\\\\\\\\\\\\\\"pageSize\\\\\\\\\\\\\\\\\\\\\\\\\\\\\\\\\\\\\\\\\\\\\\\\\\\\\\\\\\\\\\\\\\\\\\\\\\\\\\\\\\\\\\\\\\\\\\\\\\\\\\\\\\\\\\\\\\\\\\\\\\\\\\\":10,\\\\\\\\\\\\\\\\\\\\\\\\\\\\\\\\\\\\\\\\\\\\\\\\\\\\\\\\\\\\\\\\\\\\\\\\\\\\\\\\\\\\\\\\\\\\\\\\\\\\\\\\\\\\\\\\\\\\\\\\\\\\\\\"currentPage\\\\\\\\\\\\\\\\\\\\\\\\\\\\\\\\\\\\\\\\\\\\\\\\\\\\\\\\\\\\\\\\\\\\\\\\\\\\\\\\\\\\\\\\\\\\\\\\\\\\\\\\\\\\\\\\\\\\\\\\\\\\\\\":1}\\\\\\\\\\\\\\\\\\\\\\\\\\\\\\\\\\\\\\\\\\\\\\\\\\\\\\\\\\\\\\\"},{\\\\\\\\\\\\\\\\\\\\\\\\\\\\\\\\\\\\\\\\\\\\\\\\\\\\\\\\\\\\\\\"logType\\\\\\\\\\\\\\\\\\\\\\\\\\\\\\\\\\\\\\\\\\\\\\\\\\\\\\\\\\\\\\\":\\\\\\\\\\\\\\\\\\\\\\\\\\\\\\\\\\\\\\\\\\\\\\\\\\\\\\\\\\\\\\\"INFO\\\\\\\\\\\\\\\\\\\\\\\\\\\\\\\\\\\\\\\\\\\\\\\\\\\\\\\\\\\\\\\",\\\\\\\\\\\\\\\\\\\\\\\\\\\\\\\\\\\\\\\\\\\\\\\\\\\\\\\\\\\\\\\"address\\\\\\\\\\\\\\\\\\\\\\\\\\\\\\\\\\\\\\\\\\\\\\\\\\\\\\\\\\\\\\\":\\\\\\\\\\\\\\\\\\\\\\\\\\\\\\\\\\\\\\\\\\\\\\\\\\\\\\\\\\\\\\\"吉林省辽源市 联通\\\\\\\\\\\\\\\\\\\\\\\\\\\\\\\\\\\\\\\\\\\\\\\\\\\\\\\\\\\\\\\",\\\\\\\\\\\\\\\\\\\\\\\\\\\\\\\\\\\\\\\\\\\\\\\\\\\\\\\\\\\\\\\"method\\\\\\\\\\\\\\\\\\\\\\\\\\\\\\\\\\\\\\\\\\\\\\\\\\\\\\\\\\\\\\\":\\\\\\\\\\\\\\\\\\\\\\\\\\\\\\\\\\\\\\\\\\\\\\\\\\\\\\\\\\\\\\\"com.bs.demo.controller.admin.LogsController.logList()\\\\\\\\\\\\\\\\\\\\\\\\\\\\\\\\\\\\\\\\\\\\\\\\\\\\\\\\\\\\\\\",\\\\\\\\\\\\\\\\\\\\\\\\\\\\\\\\\\\\\\\\\\\\\\\\\\\\\\\\\\\\\\\"createTime\\\\\\\\\\\\\\\\\\\\\\\\\\\\\\\\\\\\\\\\\\\\\\\\\\\\\\\\\\\\\\\":1643684863000,\\\\\\\\\\\\\\\\\\\\\\\\\\\\\\\\\\\\\\\\\\\\\\\\\\\\\\\\\\\\\\\"browser\\\\\\\\\\\\\\\\\\\\\\\\\\\\\\\\\\\\\\\\\\\\\\\\\\\\\\\\\\\\\\\":\\\\\\\\\\\\\\\\\\\\\\\\\\\\\\\\\\\\\\\\\\\\\\\\\\\\\\\\\\\\\\\"Chrome 97.0.4692.99\\\\\\\\\\\\\\\\\\\\\\\\\\\\\\\\\\\\\\\\\\\\\\\\\\\\\\\\\\\\\\\",\\\\\\\\\\\\\\\\\\\\\\\\\\\\\\\\\\\\\\\\\\\\\\\\\\\\\\\\\\\\\\\"description\\\\\\\\\\\\\\\\\\\\\\\\\\\\\\\\\\\\\\\\\\\\\\\\\\\\\\\\\\\\\\\":\\\\\\\\\\\\\\\\\\\\\\\\\\\\\\\\\\\\\\\\\\\\\\\\\\\\\\\\\\\\\\\"\\\\\\\\\\\\\\\\\\\\\\\\\\\\\\\\\\\\\\\\\\\\\\\\\\\\\\\\\\\\\\\",\\\\\\\\\\\\\\\\\\\\\\\\\\\\\\\\\\\\\\\\\\\\\\\\\\\\\\\\\\\\\\\"logId\\\\\\\\\\\\\\\\\\\\\\\\\\\\\\\\\\\\\\\\\\\\\\\\\\\\\\\\\\\\\\\":751,\\\\\\\\\\\\\\\\\\\\\\\\\\\\\\\\\\\\\\\\\\\\\\\\\\\\\\\\\\\\\\\"requestIp\\\\\\\\\\\\\\\\\\\\\\\\\\\\\\\\\\\\\\\\\\\\\\\\\\\\\\\\\\\\\\\":\\\\\\\\\\\\\\\\\\\\\\\\\\\\\\\\\\\\\\\\\\\\\\\\\\\\\\\\\\\\\\\"0:0:0:0:0:0:0:1\\\\\\\\\\\\\\\\\\\\\\\\\\\\\\\\\\\\\\\\\\\\\\\\\\\\\\\\\\\\\\\",\\\\\\\\\\\\\\\\\\\\\\\\\\\\\\\\\\\\\\\\\\\\\\\\\\\\\\\\\\\\\\\"time\\\\\\\\\\\\\\\\\\\\\\\\\\\\\\\\\\\\\\\\\\\\\\\\\\\\\\\\\\\\\\\":12,\\\\\\\\\\\\\\\\\\\\\\\\\\\\\\\\\\\\\\\\\\\\\\\\\\\\\\\\\\\\\\\"userName\\\\\\\\\\\\\\\\\\\\\\\\\\\\\\\\\\\\\\\\\\\\\\\\\\\\\\\\\\\\\\\":\\\\\\\\\\\\\\\\\\\\\\\\\\\\\\\\\\\\\\\\\\\\\\\\\\\\\\\\\\\\\\\"admin\\\\\\\\\\\\\\\\\\\\\\\\\\\\\\\\\\\\\\\\\\\\\\\\\\\\\\\\\\\\\\\",\\\\\\\\\\\\\\\\\\\\\\\\\\\\\\\\\\\\\\\\\\\\\\\\\\\\\\\\\\\\\\\"params\\\\\\\\\\\\\\\\\\\\\\\\\\\\\\\\\\\\\\\\\\\\\\\\\\\\\\\\\\\\\\\":\\\\\\\\\\\\\\\\\\\\\\\\\\\\\\\\\\\\\\\\\\\\\\\\\\\\\\\\\\\\\\\"{\\\\\\\\\\\\\\\\\\\\\\\\\\\\\\\\\\\\\\\\\\\\\\\\\\\\\\\\\\\\\\\\\\\\\\\\\\\\\\\\\\\\\\\\\\\\\\\\\\\\\\\\\\\\\\\\\\\\\\\\\\\\\\\"searchText\\\\\\\\\\\\\\\\\\\\\\\\\\\\\\\\\\\\\\\\\\\\\\\\\\\\\\\\\\\\\\\\\\\\\\\\\\\\\\\\\\\\\\\\\\\\\\\\\\\\\\\\\\\\\\\\\\\\\\\\\\\\\\\":\\\\\\\\\\\\\\\\\\\\\\\\\\\\\\\\\\\\\\\\\\\\\\\\\\\\\\\\\\\\\\\\\\\\\\\\\\\\\\\\\\\\\\\\\\\\\\\\\\\\\\\\\\\\\\\\\\\\\\\\\\\\\\\"\\\\\\\\\\\\\\\\\\\\\\\\\\\\\\\\\\\\\\\\\\\\\\\\\\\\\\\\\\\\\\\\\\\\\\\\\\\\\\\\\\\\\\\\\\\\\\\\\\\\\\\\\\\\\\\\\\\\\\\\\\\\\\\",\\\\\\\\\\\\\\\\\\\\\\\\\\\\\\\\\\\\\\\\\\\\\\\\\\\\\\\\\\\\\\\\\\\\\\\\\\\\\\\\\\\\\\\\\\\\\\\\\\\\\\\\\\\\\\\\\\\\\\\\\\\\\\\"pageSize\\\\\\\\\\\\\\\\\\\\\\\\\\\\\\\\\\\\\\\\\\\\\\\\\\\\\\\\\\\\\\\\\\\\\\\\\\\\\\\\\\\\\\\\\\\\\\\\\\\\\\\\\\\\\\\\\\\\\\\\\\\\\\\":10,\\\\\\\\\\\\\\\\\\\\\\\\\\\\\\\\\\\\\\\\\\\\\\\\\\\\\\\\\\\\\\\\\\\\\\\\\\\\\\\\\\\\\\\\\\\\\\\\\\\\\\\\\\\\\\\\\\\\\\\\\\\\\\\"currentPage\\\\\\\\\\\\\\\\\\\\\\\\\\\\\\\\\\\\\\\\\\\\\\\\\\\\\\\\\\\\\\\\\\\\\\\\\\\\\\\\\\\\\\\\\\\\\\\\\\\\\\\\\\\\\\\\\\\\\\\\\\\\\\\":1}\\\\\\\\\\\\\\\\\\\\\\\\\\\\\\\\\\\\\\\\\\\\\\\\\\\\\\\\\\\\\\\"},{\\\\\\\\\\\\\\\\\\\\\\\\\\\\\\\\\\\\\\\\\\\\\\\\\\\\\\\\\\\\\\\"logType\\\\\\\\\\\\\\\\\\\\\\\\\\\\\\\\\\\\\\\\\\\\\\\\\\\\\\\\\\\\\\\":\\\\\\\\\\\\\\\\\\\\\\\\\\\\\\\\\\\\\\\\\\\\\\\\\\\\\\\\\\\\\\\"INFO\\\\\\\\\\\\\\\\\\\\\\\\\\\\\\\\\\\\\\\\\\\\\\\\\\\\\\\\\\\\\\\",\\\\\\\\\\\\\\\\\\\\\\\\\\\\\\\\\\\\\\\\\\\\\\\\\\\\\\\\\\\\\\\"address\\\\\\\\\\\\\\\\\\\\\\\\\\\\\\\\\\\\\\\\\\\\\\\\\\\\\\\\\\\\\\\":\\\\\\\\\\\\\\\\\\\\\\\\\\\\\\\\\\\\\\\\\\\\\\\\\\\\\\\\\\\\\\\"吉林省辽源市 联通\\\\\\\\\\\\\\\\\\\\\\\\\\\\\\\\\\\\\\\\\\\\\\\\\\\\\\\\\\\\\\\",\\\\\\\\\\\\\\\\\\\\\\\\\\\\\\\\\\\\\\\\\\\\\\\\\\\\\\\\\\\\\\\"method\\\\\\\\\\\\\\\\\\\\\\\\\\\\\\\\\\\\\\\\\\\\\\\\\\\\\\\\\\\\\\\":\\\\\\\\\\\\\\\\\\\\\\\\\\\\\\\\\\\\\\\\\\\\\\\\\\\\\\\\\\\\\\\"com.bs.demo.controller.admin.RoleMenuController.roleMenuChange()\\\\\\\\\\\\\\\\\\\\\\\\\\\\\\\\\\\\\\\\\\\\\\\\\\\\\\\\\\\\\\\",\\\\\\\\\\\\\\\\\\\\\\\\\\\\\\\\\\\\\\\\\\\\\\\\\\\\\\\\\\\\\\\"createTime\\\\\\\\\\\\\\\\\\\\\\\\\\\\\\\\\\\\\\\\\\\\\\\\\\\\\\\\\\\\\\\":1643684853000,\\\\\\\\\\\\\\\\\\\\\\\\\\\\\\\\\\\\\\\\\\\\\\\\\\\\\\\\\\\\\\\"browser\\\\\\\\\\\\\\\\\\\\\\\\\\\\\\\\\\\\\\\\\\\\\\\\\\\\\\\\\\\\\\\":\\\\\\\\\\\\\\\\\\\\\\\\\\\\\\\\\\\\\\\\\\\\\\\\\\\\\\\\\\\\\\\"Chrome 97.0.4692.99\\\\\\\\\\\\\\\\\\\\\\\\\\\\\\\\\\\\\\\\\\\\\\\\\\\\\\\\\\\\\\\",\\\\\\\\\\\\\\\\\\\\\\\\\\\\\\\\\\\\\\\\\\\\\\\\\\\\\\\\\\\\\\\"description\\\\\\\\\\\\\\\\\\\\\\\\\\\\\\\\\\\\\\\\\\\\\\\\\\\\\\\\\\\\\\\":\\\\\\\\\\\\\\\\\\\\\\\\\\\\\\\\\\\\\\\\\\\\\\\\\\\\\\\\\\\\\\\"更改角色权限\\\\\\\\\\\\\\\\\\\\\\\\\\\\\\\\\\\\\\\\\\\\\\\\\\\\\\\\\\\\\\\",\\\\\\\\\\\\\\\\\\\\\\\\\\\\\\\\\\\\\\\\\\\\\\\\\\\\\\\\\\\\\\\"logId\\\\\\\\\\\\\\\\\\\\\\\\\\\\\\\\\\\\\\\\\\\\\\\\\\\\\\\\\\\\\\\":750,\\\\\\\\\\\\\\\\\\\\\\\\\\\\\\\\\\\\\\\\\\\\\\\\\\\\\\\\\\\\\\\"requestIp\\\\\\\\\\\\\\\\\\\\\\\\\\\\\\\\\\\\\\\\\\\\\\\\\\\\\\\\\\\\\\\":\\\\\\\\\\\\\\\\\\\\\\\\\\\\\\\\\\\\\\\\\\\\\\\\\\\\\\\\\\\\\\\"0:0:0:0:0:0:0:1\\\\\\\\\\\\\\\\\\\\\\\\\\\\\\\\\\\\\\\\\\\\\\\\\\\\\\\\\\\\\\\",\\\\\\\\\\\\\\\\\\\\\\\\\\\\\\\\\\\\\\\\\\\\\\\\\\\\\\\\\\\\\\\"time\\\\\\\\\\\\\\\\\\\\\\\\\\\\\\\\\\\\\\\\\\\\\\\\\\\\\\\\\\\\\\\":7,\\\\\\\\\\\\\\\\\\\\\\\\\\\\\\\\\\\\\\\\\\\\\\\\\\\\\\\\\\\\\\\"userName\\\\\\\\\\\\\\\\\\\\\\\\\\\\\\\\\\\\\\\\\\\\\\\\\\\\\\\\\\\\\\\":\\\\\\\\\\\\\\\\\\\\\\\\\\\\\\\\\\\\\\\\\\\\\\\\\\\\\\\\\\\\\\\"admin\\\\\\\\\\\\\\\\\\\\\\\\\\\\\\\\\\\\\\\\\\\\\\\\\\\\\\\\\\\\\\\",\\\\\\\\\\\\\\\\\\\\\\\\\\\\\\\\\\\\\\\\\\\\\\\\\\\\\\\\\\\\\\\"params\\\\\\\\\\\\\\\\\\\\\\\\\\\\\\\\\\\\\\\\\\\\\\\\\\\\\\\\\\\\\\\":\\\\\\\\\\\\\\\\\\\\\\\\\\\\\\\\\\\\\\\\\\\\\\\\\\\\\\\\\\\\\\\"{\\\\\\\\\\\\\\\\\\\\\\\\\\\\\\\\\\\\\\\\\\\\\\\\\\\\\\\\\\\\\\\\\\\\\\\\\\\\\\\\\\\\\\\\\\\\\\\\\\\\\\\\\\\\\\\\\\\\\\\\\\\\\\\"roleId\\\\\\\\\\\\\\\\\\\\\\\\\\\\\\\\\\\\\\\\\\\\\\\\\\\\\\\\\\\\\\\\\\\\\\\\\\\\\\\\\\\\\\\\\\\\\\\\\\\\\\\\\\\\\\\\\\\\\\\\\\\\\\\":1,\\\\\\\\\\\\\\\\\\\\\\\\\\\\\\\\\\\\\\\\\\\\\\\\\\\\\\\\\\\\\\\\\\\\\\\\\\\\\\\\\\\\\\\\\\\\\\\\\\\\\\\\\\\\\\\\\\\\\\\\\\\\\\\"menuId\\\\\\\\\\\\\\\\\\\\\\\\\\\\\\\\\\\\\\\\\\\\\\\\\\\\\\\\\\\\\\\\\\\\\\\\\\\\\\\\\\\\\\\\\\\\\\\\\\\\\\\\\\\\\\\\\\\\\\\\\\\\\\\":608}\\\\\\\\\\\\\\\\\\\\\\\\\\\\\\\\\\\\\\\\\\\\\\\\\\\\\\\\\\\\\\\"},{\\\\\\\\\\\\\\\\\\\\\\\\\\\\\\\\\\\\\\\\\\\\\\\\\\\\\\\\\\\\\\\"logType\\\\\\\\\\\\\\\\\\\\\\\\\\\\\\\\\\\\\\\\\\\\\\\\\\\\\\\\\\\\\\\":\\\\\\\\\\\\\\\\\\\\\\\\\\\\\\\\\\\\\\\\\\\\\\\\\\\\\\\\\\\\\\\"INFO\\\\\\\\\\\\\\\\\\\\\\\\\\\\\\\\\\\\\\\\\\\\\\\\\\\\\\\\\\\\\\\",\\\\\\\\\\\\\\\\\\\\\\\\\\\\\\\\\\\\\\\\\\\\\\\\\\\\\\\\\\\\\\\"address\\\\\\\\\\\\\\\\\\\\\\\\\\\\\\\\\\\\\\\\\\\\\\\\\\\\\\\\\\\\\\\":\\\\\\\\\\\\\\\\\\\\\\\\\\\\\\\\\\\\\\\\\\\\\\\\\\\\\\\\\\\\\\\"吉林省辽源市 联通\\\\\\\\\\\\\\\\\\\\\\\\\\\\\\\\\\\\\\\\\\\\\\\\\\\\\\\\\\\\\\\",\\\\\\\\\\\\\\\\\\\\\\\\\\\\\\\\\\\\\\\\\\\\\\\\\\\\\\\\\\\\\\\"method\\\\\\\\\\\\\\\\\\\\\\\\\\\\\\\\\\\\\\\\\\\\\\\\\\\\\\\\\\\\\\\":\\\\\\\\\\\\\\\\\\\\\\\\\\\\\\\\\\\\\\\\\\\\\\\\\\\\\\\\\\\\\\\"com.bs.demo.controller.admin.LogsController.logList()\\\\\\\\\\\\\\\\\\\\\\\\\\\\\\\\\\\\\\\\\\\\\\\\\\\\\\\\\\\\\\\",\\\\\\\\\\\\\\\\\\\\\\\\\\\\\\\\\\\\\\\\\\\\\\\\\\\\\\\\\\\\\\\"createTime\\\\\\\\\\\\\\\\\\\\\\\\\\\\\\\\\\\\\\\\\\\\\\\\\\\\\\\\\\\\\\\":1643684840000,\\\\\\\\\\\\\\\\\\\\\\\\\\\\\\\\\\\\\\\\\\\\\\\\\\\\\\\\\\\\\\\"browser\\\\\\\\\\\\\\\\\\\\\\\\\\\\\\\\\\\\\\\\\\\\\\\\\\\\\\\\\\\\\\\":\\\\\\\\\\\\\\\\\\\\\\\\\\\\\\\\\\\\\\\\\\\\\\\\\\\\\\\\\\\\\\\"Chrome 97.0.4692.99\\\\\\\\\\\\\\\\\\\\\\\\\\\\\\\\\\\\\\\\\\\\\\\\\\\\\\\\\\\\\\\",\\\\\\\\\\\\\\\\\\\\\\\\\\\\\\\\\\\\\\\\\\\\\\\\\\\\\\\\\\\\\\\"description\\\\\\\\\\\\\\\\\\\\\\\\\\\\\\\\\\\\\\\\\\\\\\\\\\\\\\\\\\\\\\\":\\\\\\\\\\\\\\\\\\\\\\\\\\\\\\\\\\\\\\\\\\\\\\\\\\\\\\\\\\\\\\\"\\\\\\\\\\\\\\\\\\\\\\\\\\\\\\\\\\\\\\\\\\\\\\\\\\\\\\\\\\\\\\\",\\\\\\\\\\\\\\\\\\\\\\\\\\\\\\\\\\\\\\\\\\\\\\\\\\\\\\\\\\\\\\\"logId\\\\\\\\\\\\\\\\\\\\\\\\\\\\\\\\\\\\\\\\\\\\\\\\\\\\\\\\\\\\\\\":749,\\\\\\\\\\\\\\\\\\\\\\\\\\\\\\\\\\\\\\\\\\\\\\\\\\\\\\\\\\\\\\\"requestIp\\\\\\\\\\\\\\\\\\\\\\\\\\\\\\\\\\\\\\\\\\\\\\\\\\\\\\\\\\\\\\\":\\\\\\\\\\\\\\\\\\\\\\\\\\\\\\\\\\\\\\\\\\\\\\\\\\\\\\\\\\\\\\\"0:0:0:0:0:0:0:1\\\\\\\\\\\\\\\\\\\\\\\\\\\\\\\\\\\\\\\\\\\\\\\\\\\\\\\\\\\\\\\",\\\\\\\\\\\\\\\\\\\\\\\\\\\\\\\\\\\\\\\\\\\\\\\\\\\\\\\\\\\\\\\"time\\\\\\\\\\\\\\\\\\\\\\\\\\\\\\\\\\\\\\\\\\\\\\\\\\\\\\\\\\\\\\\":8,\\\\\\\\\\\\\\\\\\\\\\\\\\\\\\\\\\\\\\\\\\\\\\\\\\\\\\\\\\\\\\\"userName\\\\\\\\\\\\\\\\\\\\\\\\\\\\\\\\\\\\\\\\\\\\\\\\\\\\\\\\\\\\\\\":\\\\\\\\\\\\\\\\\\\\\\\\\\\\\\\\\\\\\\\\\\\\\\\\\\\\\\\\\\\\\\\"admin\\\\\\\\\\\\\\\\\\\\\\\\\\\\\\\\\\\\\\\\\\\\\\\\\\\\\\\\\\\\\\\",\\\\\\\\\\\\\\\\\\\\\\\\\\\\\\\\\\\\\\\\\\\\\\\\\\\\\\\\\\\\\\\"params\\\\\\\\\\\\\\\\\\\\\\\\\\\\\\\\\\\\\\\\\\\\\\\\\\\\\\\\\\\\\\\":\\\\\\\\\\\\\\\\\\\\\\\\\\\\\\\\\\\\\\\\\\\\\\\\\\\\\\\\\\\\\\\"{\\\\\\\\\\\\\\\\\\\\\\\\\\\\\\\\\\\\\\\\\\\\\\\\\\\\\\\\\\\\\\\\\\\\\\\\\\\\\\\\\\\\\\\\\\\\\\\\\\\\\\\\\\\\\\\\\\\\\\\\\\\\\\\"searchText\\\\\\\\\\\\\\\\\\\\\\\\\\\\\\\\\\\\\\\\\\\\\\\\\\\\\\\\\\\\\\\\\\\\\\\\\\\\\\\\\\\\\\\\\\\\\\\\\\\\\\\\\\\\\\\\\\\\\\\\\\\\\\\":\\\\\\\\\\\\\\\\\\\\\\\\\\\\\\\\\\\\\\\\\\\\\\\\\\\\\\\\\\\\\\\\\\\\\\\\\\\\\\\\\\\\\\\\\\\\\\\\\\\\\\\\\\\\\\\\\\\\\\\\\\\\\\\"\\\\\\\\\\\\\\\\\\\\\\\\\\\\\\\\\\\\\\\\\\\\\\\\\\\\\\\\\\\\\\\\\\\\\\\\\\\\\\\\\\\\\\\\\\\\\\\\\\\\\\\\\\\\\\\\\\\\\\\\\\\\\\\",\\\\\\\\\\\\\\\\\\\\\\\\\\\\\\\\\\\\\\\\\\\\\\\\\\\\\\\\\\\\\\\\\\\\\\\\\\\\\\\\\\\\\\\\\\\\\\\\\\\\\\\\\\\\\\\\\\\\\\\\\\\\\\\"pageSize\\\\\\\\\\\\\\\\\\\\\\\\\\\\\\\\\\\\\\\\\\\\\\\\\\\\\\\\\\\\\\\\\\\\\\\\\\\\\\\\\\\\\\\\\\\\\\\\\\\\\\\\\\\\\\\\\\\\\\\\\\\\\\\":10,\\\\\\\\\\\\\\\\\\\\\\\\\\\\\\\\\\\\\\\\\\\\\\\\\\\\\\\\\\\\\\\\\\\\\\\\\\\\\\\\\\\\\\\\\\\\\\\\\\\\\\\\\\\\\\\\\\\\\\\\\\\\\\\"currentPage\\\\\\\\\\\\\\\\\\\\\\\\\\\\\\\\\\\\\\\\\\\\\\\\\\\\\\\\\\\\\\\\\\\\\\\\\\\\\\\\\\\\\\\\\\\\\\\\\\\\\\\\\\\\\\\\\\\\\\\\\\\\\\\":2}\\\\\\\\\\\\\\\\\\\\\\\\\\\\\\\\\\\\\\\\\\\\\\\\\\\\\\\\\\\\\\\"},{\\\\\\\\\\\\\\\\\\\\\\\\\\\\\\\\\\\\\\\\\\\\\\\\\\\\\\\\\\\\\\\"logType\\\\\\\\\\\\\\\\\\\\\\\\\\\\\\\\\\\\\\\\\\\\\\\\\\\\\\\\\\\\\\\":\\\\\\\\\\\\\\\\\\\\\\\\\\\\\\\\\\\\\\\\\\\\\\\\\\\\\\\\\\\\\\\"INFO\\\\\\\\\\\\\\\\\\\\\\\\\\\\\\\\\\\\\\\\\\\\\\\\\\\\\\\\\\\\\\\",\\\\\\\\\\\\\\\\\\\\\\\\\\\\\\\\\\\\\\\\\\\\\\\\\\\\\\\\\\\\\\\"address\\\\\\\\\\\\\\\\\\\\\\\\\\\\\\\\\\\\\\\\\\\\\\\\\\\\\\\\\\\\\\\":\\\\\\\\\\\\\\\\\\\\\\\\\\\\\\\\\\\\\\\\\\\\\\\\\\\\\\\\\\\\\\\"吉林省辽源市 联通\\\\\\\\\\\\\\\\\\\\\\\\\\\\\\\\\\\\\\\\\\\\\\\\\\\\\\\\\\\\\\\",\\\\\\\\\\\\\\\\\\\\\\\\\\\\\\\\\\\\\\\\\\\\\\\\\\\\\\\\\\\\\\\"method\\\\\\\\\\\\\\\\\\\\\\\\\\\\\\\\\\\\\\\\\\\\\\\\\\\\\\\\\\\\\\\":\\\\\\\\\\\\\\\\\\\\\\\\\\\\\\\\\\\\\\\\\\\\\\\\\\\\\\\\\\\\\\\"com.bs.demo.controller.admin.LogsController.logList()\\\\\\\\\\\\\\\\\\\\\\\\\\\\\\\\\\\\\\\\\\\\\\\\\\\\\\\\\\\\\\\",\\\\\\\\\\\\\\\\\\\\\\\\\\\\\\\\\\\\\\\\\\\\\\\\\\\\\\\\\\\\\\\"createTime\\\\\\\\\\\\\\\\\\\\\\\\\\\\\\\\\\\\\\\\\\\\\\\\\\\\\\\\\\\\\\\":1643684838000,\\\\\\\\\\\\\\\\\\\\\\\\\\\\\\\\\\\\\\\\\\\\\\\\\\\\\\\\\\\\\\\"browser\\\\\\\\\\\\\\\\\\\\\\\\\\\\\\\\\\\\\\\\\\\\\\\\\\\\\\\\\\\\\\\":\\\\\\\\\\\\\\\\\\\\\\\\\\\\\\\\\\\\\\\\\\\\\\\\\\\\\\\\\\\\\\\"Chrome 97.0.4692.99\\\\\\\\\\\\\\\\\\\\\\\\\\\\\\\\\\\\\\\\\\\\\\\\\\\\\\\\\\\\\\\",\\\\\\\\\\\\\\\\\\\\\\\\\\\\\\\\\\\\\\\\\\\\\\\\\\\\\\\\\\\\\\\"description\\\\\\\\\\\\\\\\\\\\\\\\\\\\\\\\\\\\\\\\\\\\\\\\\\\\\\\\\\\\\\\":\\\\\\\\\\\\\\\\\\\\\\\\\\\\\\\\\\\\\\\\\\\\\\\\\\\\\\\\\\\\\\\"\\\\\\\\\\\\\\\\\\\\\\\\\\\\\\\\\\\\\\\\\\\\\\\\\\\\\\\\\\\\\\\",\\\\\\\\\\\\\\\\\\\\\\\\\\\\\\\\\\\\\\\\\\\\\\\\\\\\\\\\\\\\\\\"logId\\\\\\\\\\\\\\\\\\\\\\\\\\\\\\\\\\\\\\\\\\\\\\\\\\\\\\\\\\\\\\\":748,\\\\\\\\\\\\\\\\\\\\\\\\\\\\\\\\\\\\\\\\\\\\\\\\\\\\\\\\\\\\\\\"requestIp\\\\\\\\\\\\\\\\\\\\\\\\\\\\\\\\\\\\\\\\\\\\\\\\\\\\\\\\\\\\\\\":\\\\\\\\\\\\\\\\\\\\\\\\\\\\\\\\\\\\\\\\\\\\\\\\\\\\\\\\\\\\\\\"0:0:0:0:0:0:0:1\\\\\\\\\\\\\\\\\\\\\\\\\\\\\\\\\\\\\\\\\\\\\\\\\\\\\\\\\\\\\\\",\\\\\\\\\\\\\\\\\\\\\\\\\\\\\\\\\\\\\\\\\\\\\\\\\\\\\\\\\\\\\\\"time\\\\\\\\\\\\\\\\\\\\\\\\\\\\\\\\\\\\\\\\\\\\\\\\\\\\\\\\\\\\\\\":11,\\\\\\\\\\\\\\\\\\\\\\\\\\\\\\\\\\\\\\\\\\\\\\\\\\\\\\\\\\\\\\\"userName\\\\\\\\\\\\\\\\\\\\\\\\\\\\\\\\\\\\\\\\\\\\\\\\\\\\\\\\\\\\\\\":\\\\\\\\\\\\\\\\\\\\\\\\\\\\\\\\\\\\\\\\\\\\\\\\\\\\\\\\\\\\\\\"admin\\\\\\\\\\\\\\\\\\\\\\\\\\\\\\\\\\\\\\\\\\\\\\\\\\\\\\\\\\\\\\\",\\\\\\\\\\\\\\\\\\\\\\\\\\\\\\\\\\\\\\\\\\\\\\\\\\\\\\\\\\\\\\\"params\\\\\\\\\\\\\\\\\\\\\\\\\\\\\\\\\\\\\\\\\\\\\\\\\\\\\\\\\\\\\\\":\\\\\\\\\\\\\\\\\\\\\\\\\\\\\\\\\\\\\\\\\\\\\\\\\\\\\\\\\\\\\\\"{\\\\\\\\\\\\\\\\\\\\\\\\\\\\\\\\\\\\\\\\\\\\\\\\\\\\\\\\\\\\\\\\\\\\\\\\\\\\\\\\\\\\\\\\\\\\\\\\\\\\\\\\\\\\\\\\\\\\\\\\\\\\\\\"searchText\\\\\\\\\\\\\\\\\\\\\\\\\\\\\\\\\\\\\\\\\\\\\\\\\\\\\\\\\\\\\\\\\\\\\\\\\\\\\\\\\\\\\\\\\\\\\\\\\\\\\\\\\\\\\\\\\\\\\\\\\\\\\\\":\\\\\\\\\\\\\\\\\\\\\\\\\\\\\\\\\\\\\\\\\\\\\\\\\\\\\\\\\\\\\\\\\\\\\\\\\\\\\\\\\\\\\\\\\\\\\\\\\\\\\\\\\\\\\\\\\\\\\\\\\\\\\\\"\\\\\\\\\\\\\\\\\\\\\\\\\\\\\\\\\\\\\\\\\\\\\\\\\\\\\\\\\\\\\\\\\\\\\\\\\\\\\\\\\\\\\\\\\\\\\\\\\\\\\\\\\\\\\\\\\\\\\\\\\\\\\\\",\\\\\\\\\\\\\\\\\\\\\\\\\\\\\\\\\\\\\\\\\\\\\\\\\\\\\\\\\\\\\\\\\\\\\\\\\\\\\\\\\\\\\\\\\\\\\\\\\\\\\\\\\\\\\\\\\\\\\\\\\\\\\\\"pageSize\\\\\\\\\\\\\\\\\\\\\\\\\\\\\\\\\\\\\\\\\\\\\\\\\\\\\\\\\\\\\\\\\\\\\\\\\\\\\\\\\\\\\\\\\\\\\\\\\\\\\\\\\\\\\\\\\\\\\\\\\\\\\\\":10,\\\\\\\\\\\\\\\\\\\\\\\\\\\\\\\\\\\\\\\\\\\\\\\\\\\\\\\\\\\\\\\\\\\\\\\\\\\\\\\\\\\\\\\\\\\\\\\\\\\\\\\\\\\\\\\\\\\\\\\\\\\\\\\"currentPage\\\\\\\\\\\\\\\\\\\\\\\\\\\\\\\\\\\\\\\\\\\\\\\\\\\\\\\\\\\\\\\\\\\\\\\\\\\\\\\\\\\\\\\\\\\\\\\\\\\\\\\\\\\\\\\\\\\\\\\\\\\\\\\":3}\\\\\\\\\\\\\\\\\\\\\\\\\\\\\\\\\\\\\\\\\\\\\\\\\\\\\\\\\\\\\\\"},{\\\\\\\\\\\\\\\\\\\\\\\\\\\\\\\\\\\\\\\\\\\\\\\\\\\\\\\\\\\\\\\"logType\\\\\\\\\\\\\\\\\\\\\\\\\\\\\\\\\\\\\\\\\\\\\\\\\\\\\\\\\\\\\\\":\\\\\\\\\\\\\\\\\\\\\\\\\\\\\\\\\\\\\\\\\\\\\\\\\\\\\\\\\\\\\\\"INFO\\\\\\\\\\\\\\\\\\\\\\\\\\\\\\\\\\\\\\\\\\\\\\\\\\\\\\\\\\\\\\\",\\\\\\\\\\\\\\\\\\\\\\\\\\\\\\\\\\\\\\\\\\\\\\\\\\\\\\\\\\\\\\\"address\\\\\\\\\\\\\\\\\\\\\\\\\\\\\\\\\\\\\\\\\\\\\\\\\\\\\\\\\\\\\\\":\\\\\\\\\\\\\\\\\\\\\\\\\\\\\\\\\\\\\\\\\\\\\\\\\\\\\\\\\\\\\\\"吉林省辽源市 联通\\\\\\\\\\\\\\\\\\\\\\\\\\\\\\\\\\\\\\\\\\\\\\\\\\\\\\\\\\\\\\\",\\\\\\\\\\\\\\\\\\\\\\\\\\\\\\\\\\\\\\\\\\\\\\\\\\\\\\\\\\\\\\\"method\\\\\\\\\\\\\\\\\\\\\\\\\\\\\\\\\\\\\\\\\\\\\\\\\\\\\\\\\\\\\\\":\\\\\\\\\\\\\\\\\\\\\\\\\\\\\\\\\\\\\\\\\\\\\\\\\\\\\\\\\\\\\\\"com.bs.demo.controller.admin.LogsController.logList()\\\\\\\\\\\\\\\\\\\\\\\\\\\\\\\\\\\\\\\\\\\\\\\\\\\\\\\\\\\\\\\",\\\\\\\\\\\\\\\\\\\\\\\\\\\\\\\\\\\\\\\\\\\\\\\\\\\\\\\\\\\\\\\"createTime\\\\\\\\\\\\\\\\\\\\\\\\\\\\\\\\\\\\\\\\\\\\\\\\\\\\\\\\\\\\\\\":1643684837000,\\\\\\\\\\\\\\\\\\\\\\\\\\\\\\\\\\\\\\\\\\\\\\\\\\\\\\\\\\\\\\\"browser\\\\\\\\\\\\\\\\\\\\\\\\\\\\\\\\\\\\\\\\\\\\\\\\\\\\\\\\\\\\\\\":\\\\\\\\\\\\\\\\\\\\\\\\\\\\\\\\\\\\\\\\\\\\\\\\\\\\\\\\\\\\\\\"Chrome 97.0.4692.99\\\\\\\\\\\\\\\\\\\\\\\\\\\\\\\\\\\\\\\\\\\\\\\\\\\\\\\\\\\\\\\",\\\\\\\\\\\\\\\\\\\\\\\\\\\\\\\\\\\\\\\\\\\\\\\\\\\\\\\\\\\\\\\"description\\\\\\\\\\\\\\\\\\\\\\\\\\\\\\\\\\\\\\\\\\\\\\\\\\\\\\\\\\\\\\\":\\\\\\\\\\\\\\\\\\\\\\\\\\\\\\\\\\\\\\\\\\\\\\\\\\\\\\\\\\\\\\\"\\\\\\\\\\\\\\\\\\\\\\\\\\\\\\\\\\\\\\\\\\\\\\\\\\\\\\\\\\\\\\\",\\\\\\\\\\\\\\\\\\\\\\\\\\\\\\\\\\\\\\\\\\\\\\\\\\\\\\\\\\\\\\\"logId\\\\\\\\\\\\\\\\\\\\\\\\\\\\\\\\\\\\\\\\\\\\\\\\\\\\\\\\\\\\\\\":747,\\\\\\\\\\\\\\\\\\\\\\\\\\\\\\\\\\\\\\\\\\\\\\\\\\\\\\\\\\\\\\\"requestIp\\\\\\\\\\\\\\\\\\\\\\\\\\\\\\\\\\\\\\\\\\\\\\\\\\\\\\\\\\\\\\\":\\\\\\\\\\\\\\\\\\\\\\\\\\\\\\\\\\\\\\\\\\\\\\\\\\\\\\\\\\\\\\\"0:0:0:0:0:0:0:1\\\\\\\\\\\\\\\\\\\\\\\\\\\\\\\\\\\\\\\\\\\\\\\\\\\\\\\\\\\\\\\",\\\\\\\\\\\\\\\\\\\\\\\\\\\\\\\\\\\\\\\\\\\\\\\\\\\\\\\\\\\\\\\"time\\\\\\\\\\\\\\\\\\\\\\\\\\\\\\\\\\\\\\\\\\\\\\\\\\\\\\\\\\\\\\\":10,\\\\\\\\\\\\\\\\\\\\\\\\\\\\\\\\\\\\\\\\\\\\\\\\\\\\\\\\\\\\\\\"userName\\\\\\\\\\\\\\\\\\\\\\\\\\\\\\\\\\\\\\\\\\\\\\\\\\\\\\\\\\\\\\\":\\\\\\\\\\\\\\\\\\\\\\\\\\\\\\\\\\\\\\\\\\\\\\\\\\\\\\\\\\\\\\\"admin\\\\\\\\\\\\\\\\\\\\\\\\\\\\\\\\\\\\\\\\\\\\\\\\\\\\\\\\\\\\\\\",\\\\\\\\\\\\\\\\\\\\\\\\\\\\\\\\\\\\\\\\\\\\\\\\\\\\\\\\\\\\\\\"params\\\\\\\\\\\\\\\\\\\\\\\\\\\\\\\\\\\\\\\\\\\\\\\\\\\\\\\\\\\\\\\":\\\\\\\\\\\\\\\\\\\\\\\\\\\\\\\\\\\\\\\\\\\\\\\\\\\\\\\\\\\\\\\"{\\\\\\\\\\\\\\\\\\\\\\\\\\\\\\\\\\\\\\\\\\\\\\\\\\\\\\\\\\\\\\\\\\\\\\\\\\\\\\\\\\\\\\\\\\\\\\\\\\\\\\\\\\\\\\\\\\\\\\\\\\\\\\\"searchText\\\\\\\\\\\\\\\\\\\\\\\\\\\\\\\\\\\\\\\\\\\\\\\\\\\\\\\\\\\\\\\\\\\\\\\\\\\\\\\\\\\\\\\\\\\\\\\\\\\\\\\\\\\\\\\\\\\\\\\\\\\\\\\":\\\\\\\\\\\\\\\\\\\\\\\\\\\\\\\\\\\\\\\\\\\\\\\\\\\\\\\\\\\\\\\\\\\\\\\\\\\\\\\\\\\\\\\\\\\\\\\\\\\\\\\\\\\\\\\\\\\\\\\\\\\\\\\"\\\\\\\\\\\\\\\\\\\\\\\\\\\\\\\\\\\\\\\\\\\\\\\\\\\\\\\\\\\\\\\\\\\\\\\\\\\\\\\\\\\\\\\\\\\\\\\\\\\\\\\\\\\\\\\\\\\\\\\\\\\\\\\",\\\\\\\\\\\\\\\\\\\\\\\\\\\\\\\\\\\\\\\\\\\\\\\\\\\\\\\\\\\\\\\\\\\\\\\\\\\\\\\\\\\\\\\\\\\\\\\\\\\\\\\\\\\\\\\\\\\\\\\\\\\\\\\"pageSize\\\\\\\\\\\\\\\\\\\\\\\\\\\\\\\\\\\\\\\\\\\\\\\\\\\\\\\\\\\\\\\\\\\\\\\\\\\\\\\\\\\\\\\\\\\\\\\\\\\\\\\\\\\\\\\\\\\\\\\\\\\\\\\":10,\\\\\\\\\\\\\\\\\\\\\\\\\\\\\\\\\\\\\\\\\\\\\\\\\\\\\\\\\\\\\\\\\\\\\\\\\\\\\\\\\\\\\\\\\\\\\\\\\\\\\\\\\\\\\\\\\\\\\\\\\\\\\\\"currentPage\\\\\\\\\\\\\\\\\\\\\\\\\\\\\\\\\\\\\\\\\\\\\\\\\\\\\\\\\\\\\\\\\\\\\\\\\\\\\\\\\\\\\\\\\\\\\\\\\\\\\\\\\\\\\\\\\\\\\\\\\\\\\\\":2}\\\\\\\\\\\\\\\\\\\\\\\\\\\\\\\\\\\\\\\\\\\\\\\\\\\\\\\\\\\\\\\"},{\\\\\\\\\\\\\\\\\\\\\\\\\\\\\\\\\\\\\\\\\\\\\\\\\\\\\\\\\\\\\\\"logType\\\\\\\\\\\\\\\\\\\\\\\\\\\\\\\\\\\\\\\\\\\\\\\\\\\\\\\\\\\\\\\":\\\\\\\\\\\\\\\\\\\\\\\\\\\\\\\\\\\\\\\\\\\\\\\\\\\\\\\\\\\\\\\"INFO\\\\\\\\\\\\\\\\\\\\\\\\\\\\\\\\\\\\\\\\\\\\\\\\\\\\\\\\\\\\\\\",\\\\\\\\\\\\\\\\\\\\\\\\\\\\\\\\\\\\\\\\\\\\\\\\\\\\\\\\\\\\\\\"address\\\\\\\\\\\\\\\\\\\\\\\\\\\\\\\\\\\\\\\\\\\\\\\\\\\\\\\\\\\\\\\":\\\\\\\\\\\\\\\\\\\\\\\\\\\\\\\\\\\\\\\\\\\\\\\\\\\\\\\\\\\\\\\"吉林省辽源市 联通\\\\\\\\\\\\\\\\\\\\\\\\\\\\\\\\\\\\\\\\\\\\\\\\\\\\\\\\\\\\\\\",\\\\\\\\\\\\\\\\\\\\\\\\\\\\\\\\\\\\\\\\\\\\\\\\\\\\\\\\\\\\\\\"method\\\\\\\\\\\\\\\\\\\\\\\\\\\\\\\\\\\\\\\\\\\\\\\\\\\\\\\\\\\\\\\":\\\\\\\\\\\\\\\\\\\\\\\\\\\\\\\\\\\\\\\\\\\\\\\\\\\\\\\\\\\\\\\"com.bs.demo.controller.admin.LogsController.logList()\\\\\\\\\\\\\\\\\\\\\\\\\\\\\\\\\\\\\\\\\\\\\\\\\\\\\\\\\\\\\\\",\\\\\\\\\\\\\\\\\\\\\\\\\\\\\\\\\\\\\\\\\\\\\\\\\\\\\\\\\\\\\\\"createTime\\\\\\\\\\\\\\\\\\\\\\\\\\\\\\\\\\\\\\\\\\\\\\\\\\\\\\\\\\\\\\\":1643684834000,\\\\\\\\\\\\\\\\\\\\\\\\\\\\\\\\\\\\\\\\\\\\\\\\\\\\\\\\\\\\\\\"browser\\\\\\\\\\\\\\\\\\\\\\\\\\\\\\\\\\\\\\\\\\\\\\\\\\\\\\\\\\\\\\\":\\\\\\\\\\\\\\\\\\\\\\\\\\\\\\\\\\\\\\\\\\\\\\\\\\\\\\\\\\\\\\\"Chrome 97.0.4692.99\\\\\\\\\\\\\\\\\\\\\\\\\\\\\\\\\\\\\\\\\\\\\\\\\\\\\\\\\\\\\\\",\\\\\\\\\\\\\\\\\\\\\\\\\\\\\\\\\\\\\\\\\\\\\\\\\\\\\\\\\\\\\\\"description\\\\\\\\\\\\\\\\\\\\\\\\\\\\\\\\\\\\\\\\\\\\\\\\\\\\\\\\\\\\\\\":\\\\\\\\\\\\\\\\\\\\\\\\\\\\\\\\\\\\\\\\\\\\\\\\\\\\\\\\\\\\\\\"\\\\\\\\\\\\\\\\\\\\\\\\\\\\\\\\\\\\\\\\\\\\\\\\\\\\\\\\\\\\\\\",\\\\\\\\\\\\\\\\\\\\\\\\\\\\\\\\\\\\\\\\\\\\\\\\\\\\\\\\\\\\\\\"logId\\\\\\\\\\\\\\\\\\\\\\\\\\\\\\\\\\\\\\\\\\\\\\\\\\\\\\\\\\\\\\\":746,\\\\\\\\\\\\\\\\\\\\\\\\\\\\\\\\\\\\\\\\\\\\\\\\\\\\\\\\\\\\\\\"requestIp\\\\\\\\\\\\\\\\\\\\\\\\\\\\\\\\\\\\\\\\\\\\\\\\\\\\\\\\\\\\\\\":\\\\\\\\\\\\\\\\\\\\\\\\\\\\\\\\\\\\\\\\\\\\\\\\\\\\\\\\\\\\\\\"0:0:0:0:0:0:0:1\\\\\\\\\\\\\\\\\\\\\\\\\\\\\\\\\\\\\\\\\\\\\\\\\\\\\\\\\\\\\\\",\\\\\\\\\\\\\\\\\\\\\\\\\\\\\\\\\\\\\\\\\\\\\\\\\\\\\\\\\\\\\\\"time\\\\\\\\\\\\\\\\\\\\\\\\\\\\\\\\\\\\\\\\\\\\\\\\\\\\\\\\\\\\\\\":16,\\\\\\\\\\\\\\\\\\\\\\\\\\\\\\\\\\\\\\\\\\\\\\\\\\\\\\\\\\\\\\\"userName\\\\\\\\\\\\\\\\\\\\\\\\\\\\\\\\\\\\\\\\\\\\\\\\\\\\\\\\\\\\\\\":\\\\\\\\\\\\\\\\\\\\\\\\\\\\\\\\\\\\\\\\\\\\\\\\\\\\\\\\\\\\\\\"admin\\\\\\\\\\\\\\\\\\\\\\\\\\\\\\\\\\\\\\\\\\\\\\\\\\\\\\\\\\\\\\\",\\\\\\\\\\\\\\\\\\\\\\\\\\\\\\\\\\\\\\\\\\\\\\\\\\\\\\\\\\\\\\\"params\\\\\\\\\\\\\\\\\\\\\\\\\\\\\\\\\\\\\\\\\\\\\\\\\\\\\\\\\\\\\\\":\\\\\\\\\\\\\\\\\\\\\\\\\\\\\\\\\\\\\\\\\\\\\\\\\\\\\\\\\\\\\\\"{\\\\\\\\\\\\\\\\\\\\\\\\\\\\\\\\\\\\\\\\\\\\\\\\\\\\\\\\\\\\\\\\\\\\\\\\\\\\\\\\\\\\\\\\\\\\\\\\\\\\\\\\\\\\\\\\\\\\\\\\\\\\\\\"searchText\\\\\\\\\\\\\\\\\\\\\\\\\\\\\\\\\\\\\\\\\\\\\\\\\\\\\\\\\\\\\\\\\\\\\\\\\\\\\\\\\\\\\\\\\\\\\\\\\\\\\\\\\\\\\\\\\\\\\\\\\\\\\\\":\\\\\\\\\\\\\\\\\\\\\\\\\\\\\\\\\\\\\\\\\\\\\\\\\\\\\\\\\\\\\\\\\\\\\\\\\\\\\\\\\\\\\\\\\\\\\\\\\\\\\\\\\\\\\\\\\\\\\\\\\\\\\\\"\\\\\\\\\\\\\\\\\\\\\\\\\\\\\\\\\\\\\\\\\\\\\\\\\\\\\\\\\\\\\\\\\\\\\\\\\\\\\\\\\\\\\\\\\\\\\\\\\\\\\\\\\\\\\\\\\\\\\\\\\\\\\\\",\\\\\\\\\\\\\\\\\\\\\\\\\\\\\\\\\\\\\\\\\\\\\\\\\\\\\\\\\\\\\\\\\\\\\\\\\\\\\\\\\\\\\\\\\\\\\\\\\\\\\\\\\\\\\\\\\\\\\\\\\\\\\\\"pageSize\\\\\\\\\\\\\\\\\\\\\\\\\\\\\\\\\\\\\\\\\\\\\\\\\\\\\\\\\\\\\\\\\\\\\\\\\\\\\\\\\\\\\\\\\\\\\\\\\\\\\\\\\\\\\\\\\\\\\\\\\\\\\\\":10,\\\\\\\\\\\\\\\\\\\\\\\\\\\\\\\\\\\\\\\\\\\\\\\\\\\\\\\\\\\\\\\\\\\\\\\\\\\\\\\\\\\\\\\\\\\\\\\\\\\\\\\\\\\\\\\\\\\\\\\\\\\\\\\"currentPage\\\\\\\\\\\\\\\\\\\\\\\\\\\\\\\\\\\\\\\\\\\\\\\\\\\\\\\\\\\\\\\\\\\\\\\\\\\\\\\\\\\\\\\\\\\\\\\\\\\\\\\\\\\\\\\\\\\\\\\\\\\\\\\":1}\\\\\\\\\\\\\\\\\\\\\\\\\\\\\\\\\\\\\\\\\\\\\\\\\\\\\\\\\\\\\\\"},{\\\\\\\\\\\\\\\\\\\\\\\\\\\\\\\\\\\\\\\\\\\\\\\\\\\\\\\\\\\\\\\"logType\\\\\\\\\\\\\\\\\\\\\\\\\\\\\\\\\\\\\\\\\\\\\\\\\\\\\\\\\\\\\\\":\\\\\\\\\\\\\\\\\\\\\\\\\\\\\\\\\\\\\\\\\\\\\\\\\\\\\\\\\\\\\\\"INFO\\\\\\\\\\\\\\\\\\\\\\\\\\\\\\\\\\\\\\\\\\\\\\\\\\\\\\\\\\\\\\\",\\\\\\\\\\\\\\\\\\\\\\\\\\\\\\\\\\\\\\\\\\\\\\\\\\\\\\\\\\\\\\\"address\\\\\\\\\\\\\\\\\\\\\\\\\\\\\\\\\\\\\\\\\\\\\\\\\\\\\\\\\\\\\\\":\\\\\\\\\\\\\\\\\\\\\\\\\\\\\\\\\\\\\\\\\\\\\\\\\\\\\\\\\\\\\\\"吉林省辽源市 联通\\\\\\\\\\\\\\\\\\\\\\\\\\\\\\\\\\\\\\\\\\\\\\\\\\\\\\\\\\\\\\\",\\\\\\\\\\\\\\\\\\\\\\\\\\\\\\\\\\\\\\\\\\\\\\\\\\\\\\\\\\\\\\\"method\\\\\\\\\\\\\\\\\\\\\\\\\\\\\\\\\\\\\\\\\\\\\\\\\\\\\\\\\\\\\\\":\\\\\\\\\\\\\\\\\\\\\\\\\\\\\\\\\\\\\\\\\\\\\\\\\\\\\\\\\\\\\\\"com.bs.demo.controller.admin.LogsController.logList()\\\\\\\\\\\\\\\\\\\\\\\\\\\\\\\\\\\\\\\\\\\\\\\\\\\\\\\\\\\\\\\",\\\\\\\\\\\\\\\\\\\\\\\\\\\\\\\\\\\\\\\\\\\\\\\\\\\\\\\\\\\\\\\"createTime\\\\\\\\\\\\\\\\\\\\\\\\\\\\\\\\\\\\\\\\\\\\\\\\\\\\\\\\\\\\\\\":1643684796000,\\\\\\\\\\\\\\\\\\\\\\\\\\\\\\\\\\\\\\\\\\\\\\\\\\\\\\\\\\\\\\\"browser\\\\\\\\\\\\\\\\\\\\\\\\\\\\\\\\\\\\\\\\\\\\\\\\\\\\\\\\\\\\\\\":\\\\\\\\\\\\\\\\\\\\\\\\\\\\\\\\\\\\\\\\\\\\\\\\\\\\\\\\\\\\\\\"Chrome 97.0.4692.99\\\\\\\\\\\\\\\\\\\\\\\\\\\\\\\\\\\\\\\\\\\\\\\\\\\\\\\\\\\\\\\",\\\\\\\\\\\\\\\\\\\\\\\\\\\\\\\\\\\\\\\\\\\\\\\\\\\\\\\\\\\\\\\"description\\\\\\\\\\\\\\\\\\\\\\\\\\\\\\\\\\\\\\\\\\\\\\\\\\\\\\\\\\\\\\\":\\\\\\\\\\\\\\\\\\\\\\\\\\\\\\\\\\\\\\\\\\\\\\\\\\\\\\\\\\\\\\\"\\\\\\\\\\\\\\\\\\\\\\\\\\\\\\\\\\\\\\\\\\\\\\\\\\\\\\\\\\\\\\\",\\\\\\\\\\\\\\\\\\\\\\\\\\\\\\\\\\\\\\\\\\\\\\\\\\\\\\\\\\\\\\\"logId\\\\\\\\\\\\\\\\\\\\\\\\\\\\\\\\\\\\\\\\\\\\\\\\\\\\\\\\\\\\\\\":745,\\\\\\\\\\\\\\\\\\\\\\\\\\\\\\\\\\\\\\\\\\\\\\\\\\\\\\\\\\\\\\\"requestIp\\\\\\\\\\\\\\\\\\\\\\\\\\\\\\\\\\\\\\\\\\\\\\\\\\\\\\\\\\\\\\\":\\\\\\\\\\\\\\\\\\\\\\\\\\\\\\\\\\\\\\\\\\\\\\\\\\\\\\\\\\\\\\\"0:0:0:0:0:0:0:1\\\\\\\\\\\\\\\\\\\\\\\\\\\\\\\\\\\\\\\\\\\\\\\\\\\\\\\\\\\\\\\",\\\\\\\\\\\\\\\\\\\\\\\\\\\\\\\\\\\\\\\\\\\\\\\\\\\\\\\\\\\\\\\"time\\\\\\\\\\\\\\\\\\\\\\\\\\\\\\\\\\\\\\\\\\\\\\\\\\\\\\\\\\\\\\\":15,\\\\\\\\\\\\\\\\\\\\\\\\\\\\\\\\\\\\\\\\\\\\\\\\\\\\\\\\\\\\\\\"userName\\\\\\\\\\\\\\\\\\\\\\\\\\\\\\\\\\\\\\\\\\\\\\\\\\\\\\\\\\\\\\\":\\\\\\\\\\\\\\\\\\\\\\\\\\\\\\\\\\\\\\\\\\\\\\\\\\\\\\\\\\\\\\\"admin\\\\\\\\\\\\\\\\\\\\\\\\\\\\\\\\\\\\\\\\\\\\\\\\\\\\\\\\\\\\\\\",\\\\\\\\\\\\\\\\\\\\\\\\\\\\\\\\\\\\\\\\\\\\\\\\\\\\\\\\\\\\\\\"params\\\\\\\\\\\\\\\\\\\\\\\\\\\\\\\\\\\\\\\\\\\\\\\\\\\\\\\\\\\\\\\":\\\\\\\\\\\\\\\\\\\\\\\\\\\\\\\\\\\\\\\\\\\\\\\\\\\\\\\\\\\\\\\"{\\\\\\\\\\\\\\\\\\\\\\\\\\\\\\\\\\\\\\\\\\\\\\\\\\\\\\\\\\\\\\\\\\\\\\\\\\\\\\\\\\\\\\\\\\\\\\\\\\\\\\\\\\\\\\\\\\\\\\\\\\\\\\\"searchText\\\\\\\\\\\\\\\\\\\\\\\\\\\\\\\\\\\\\\\\\\\\\\\\\\\\\\\\\\\\\\\\\\\\\\\\\\\\\\\\\\\\\\\\\\\\\\\\\\\\\\\\\\\\\\\\\\\\\\\\\\\\\\\":\\\\\\\\\\\\\\\\\\\\\\\\\\\\\\\\\\\\\\\\\\\\\\\\\\\\\\\\\\\\\\\\\\\\\\\\\\\\\\\\\\\\\\\\\\\\\\\\\\\\\\\\\\\\\\\\\\\\\\\\\\\\\\\"\\\\\\\\\\\\\\\\\\\\\\\\\\\\\\\\\\\\\\\\\\\\\\\\\\\\\\\\\\\\\\\\\\\\\\\\\\\\\\\\\\\\\\\\\\\\\\\\\\\\\\\\\\\\\\\\\\\\\\\\\\\\\\\",\\\\\\\\\\\\\\\\\\\\\\\\\\\\\\\\\\\\\\\\\\\\\\\\\\\\\\\\\\\\\\\\\\\\\\\\\\\\\\\\\\\\\\\\\\\\\\\\\\\\\\\\\\\\\\\\\\\\\\\\\\\\\\\"pageSize\\\\\\\\\\\\\\\\\\\\\\\\\\\\\\\\\\\\\\\\\\\\\\\\\\\\\\\\\\\\\\\\\\\\\\\\\\\\\\\\\\\\\\\\\\\\\\\\\\\\\\\\\\\\\\\\\\\\\\\\\\\\\\\":10,\\\\\\\\\\\\\\\\\\\\\\\\\\\\\\\\\\\\\\\\\\\\\\\\\\\\\\\\\\\\\\\\\\\\\\\\\\\\\\\\\\\\\\\\\\\\\\\\\\\\\\\\\\\\\\\\\\\\\\\\\\\\\\\"currentPage\\\\\\\\\\\\\\\\\\\\\\\\\\\\\\\\\\\\\\\\\\\\\\\\\\\\\\\\\\\\\\\\\\\\\\\\\\\\\\\\\\\\\\\\\\\\\\\\\\\\\\\\\\\\\\\\\\\\\\\\\\\\\\\":1}\\\\\\\\\\\\\\\\\\\\\\\\\\\\\\\\\\\\\\\\\\\\\\\\\\\\\\\\\\\\\\\"}]\\\\\\\\\\\\\\\\\\\\\\\\\\\\\\\"},{\\\\\\\\\\\\\\\\\\\\\\\\\\\\\\\"logType\\\\\\\\\\\\\\\\\\\\\\\\\\\\\\\":\\\\\\\\\\\\\\\\\\\\\\\\\\\\\\\"INFO\\\\\\\\\\\\\\\\\\\\\\\\\\\\\\\",\\\\\\\\\\\\\\\\\\\\\\\\\\\\\\\"address\\\\\\\\\\\\\\\\\\\\\\\\\\\\\\\":\\\\\\\\\\\\\\\\\\\\\\\\\\\\\\\"吉林省辽源市 联通\\\\\\\\\\\\\\\\\\\\\\\\\\\\\\\",\\\\\\\\\\\\\\\\\\\\\\\\\\\\\\\"method\\\\\\\\\\\\\\\\\\\\\\\\\\\\\\\":\\\\\\\\\\\\\\\\\\\\\\\\\\\\\\\"com.bs.demo.controller.admin.LogsController.logList()\\\\\\\\\\\\\\\\\\\\\\\\\\\\\\\",\\\\\\\\\\\\\\\\\\\\\\\\\\\\\\\"createTime\\\\\\\\\\\\\\\\\\\\\\\\\\\\\\\":1643686027000,\\\\\\\\\\\\\\\\\\\\\\\\\\\\\\\"browser\\\\\\\\\\\\\\\\\\\\\\\\\\\\\\\":\\\\\\\\\\\\\\\\\\\\\\\\\\\\\\\"Chrome 97.0.4692.99\\\\\\\\\\\\\\\\\\\\\\\\\\\\\\\",\\\\\\\\\\\\\\\\\\\\\\\\\\\\\\\"description\\\\\\\\\\\\\\\\\\\\\\\\\\\\\\\":\\\\\\\\\\\\\\\\\\\\\\\\\\\\\\\"\\\\\\\\\\\\\\\\\\\\\\\\\\\\\\\",\\\\\\\\\\\\\\\\\\\\\\\\\\\\\\\"logId\\\\\\\\\\\\\\\\\\\\\\\\\\\\\\\":763,\\\\\\\\\\\\\\\\\\\\\\\\\\\\\\\"requestIp\\\\\\\\\\\\\\\\\\\\\\\\\\\\\\\":\\\\\\\\\\\\\\\\\\\\\\\\\\\\\\\"0:0:0:0:0:0:0:1\\\\\\\\\\\\\\\\\\\\\\\\\\\\\\\",\\\\\\\\\\\\\\\\\\\\\\\\\\\\\\\"time\\\\\\\\\\\\\\\\\\\\\\\\\\\\\\\":135,\\\\\\\\\\\\\\\\\\\\\\\\\\\\\\\"userName\\\\\\\\\\\\\\\\\\\\\\\\\\\\\\\":\\\\\\\\\\\\\\\\\\\\\\\\\\\\\\\"admin\\\\\\\\\\\\\\\\\\\\\\\\\\\\\\\",\\\\\\\\\\\\\\\\\\\\\\\\\\\\\\\"params\\\\\\\\\\\\\\\\\\\\\\\\\\\\\\\":\\\\\\\\\\\\\\\\\\\\\\\\\\\\\\\"{\\\\\\\\\\\\\\\\\\\\\\\\\\\\\\\\\\\\\\\\\\\\\\\\\\\\\\\\\\\\\\\"searchText\\\\\\\\\\\\\\\\\\\\\\\\\\\\\\\\\\\\\\\\\\\\\\\\\\\\\\\\\\\\\\\":\\\\\\\\\\\\\\\\\\\\\\\\\\\\\\\\\\\\\\\\\\\\\\\\\\\\\\\\\\\\\\\"\\\\\\\\\\\\\\\\\\\\\\\\\\\\\\\\\\\\\\\\\\\\\\\\\\\\\\\\\\\\\\\",\\\\\\\\\\\\\\\\\\\\\\\\\\\\\\\\\\\\\\\\\\\\\\\\\\\\\\\\\\\\\\\"pageSize\\\\\\\\\\\\\\\\\\\\\\\\\\\\\\\\\\\\\\\\\\\\\\\\\\\\\\\\\\\\\\\":10,\\\\\\\\\\\\\\\\\\\\\\\\\\\\\\\\\\\\\\\\\\\\\\\\\\\\\\\\\\\\\\\"currentPage\\\\\\\\\\\\\\\\\\\\\\\\\\\\\\\\\\\\\\\\\\\\\\\\\\\\\\\\\\\\\\\":1}\\\\\\\\\\\\\\\\\\\\\\\\\\\\\\\"},{\\\\\\\\\\\\\\\\\\\\\\\\\\\\\\\"logType\\\\\\\\\\\\\\\\\\\\\\\\\\\\\\\":\\\\\\\\\\\\\\\\\\\\\\\\\\\\\\\"INFO\\\\\\\\\\\\\\\\\\\\\\\\\\\\\\\",\\\\\\\\\\\\\\\\\\\\\\\\\\\\\\\"address\\\\\\\\\\\\\\\\\\\\\\\\\\\\\\\":\\\\\\\\\\\\\\\\\\\\\\\\\\\\\\\"吉林省辽源市 联通\\\\\\\\\\\\\\\\\\\\\\\\\\\\\\\",\\\\\\\\\\\\\\\\\\\\\\\\\\\\\\\"method\\\\\\\\\\\\\\\\\\\\\\\\\\\\\\\":\\\\\\\\\\\\\\\\\\\\\\\\\\\\\\\"com.bs.demo.controller.admin.LogsController.logList()\\\\\\\\\\\\\\\\\\\\\\\\\\\\\\\",\\\\\\\\\\\\\\\\\\\\\\\\\\\\\\\"createTime\\\\\\\\\\\\\\\\\\\\\\\\\\\\\\\":1643684782000,\\\\\\\\\\\\\\\\\\\\\\\\\\\\\\\"browser\\\\\\\\\\\\\\\\\\\\\\\\\\\\\\\":\\\\\\\\\\\\\\\\\\\\\\\\\\\\\\\"Chrome 97.0.4692.99\\\\\\\\\\\\\\\\\\\\\\\\\\\\\\\",\\\\\\\\\\\\\\\\\\\\\\\\\\\\\\\"description\\\\\\\\\\\\\\\\\\\\\\\\\\\\\\\":\\\\\\\\\\\\\\\\\\\\\\\\\\\\\\\"\\\\\\\\\\\\\\\\\\\\\\\\\\\\\\\",\\\\\\\\\\\\\\\\\\\\\\\\\\\\\\\"logId\\\\\\\\\\\\\\\\\\\\\\\\\\\\\\\":744,\\\\\\\\\\\\\\\\\\\\\\\\\\\\\\\"requestIp\\\\\\\\\\\\\\\\\\\\\\\\\\\\\\\":\\\\\\\\\\\\\\\\\\\\\\\\\\\\\\\"0:0:0:0:0:0:0:1\\\\\\\\\\\\\\\\\\\\\\\\\\\\\\\",\\\\\\\\\\\\\\\\\\\\\\\\\\\\\\\"time\\\\\\\\\\\\\\\\\\\\\\\\\\\\\\\":13,\\\\\\\\\\\\\\\\\\\\\\\\\\\\\\\"userName\\\\\\\\\\\\\\\\\\\\\\\\\\\\\\\":\\\\\\\\\\\\\\\\\\\\\\\\\\\\\\\"admin\\\\\\\\\\\\\\\\\\\\\\\\\\\\\\\",\\\\\\\\\\\\\\\\\\\\\\\\\\\\\\\"params\\\\\\\\\\\\\\\\\\\\\\\\\\\\\\\":\\\\\\\\\\\\\\\\\\\\\\\\\\\\\\\"{\\\\\\\\\\\\\\\\\\\\\\\\\\\\\\\\\\\\\\\\\\\\\\\\\\\\\\\\\\\\\\\"searchText\\\\\\\\\\\\\\\\\\\\\\\\\\\\\\\\\\\\\\\\\\\\\\\\\\\\\\\\\\\\\\\":\\\\\\\\\\\\\\\\\\\\\\\\\\\\\\\\\\\\\\\\\\\\\\\\\\\\\\\\\\\\\\\"\\\\\\\\\\\\\\\\\\\\\\\\\\\\\\\\\\\\\\\\\\\\\\\\\\\\\\\\\\\\\\\",\\\\\\\\\\\\\\\\\\\\\\\\\\\\\\\\\\\\\\\\\\\\\\\\\\\\\\\\\\\\\\\"pageSize\\\\\\\\\\\\\\\\\\\\\\\\\\\\\\\\\\\\\\\\\\\\\\\\\\\\\\\\\\\\\\\":10,\\\\\\\\\\\\\\\\\\\\\\\\\\\\\\\\\\\\\\\\\\\\\\\\\\\\\\\\\\\\\\\"currentPage\\\\\\\\\\\\\\\\\\\\\\\\\\\\\\\\\\\\\\\\\\\\\\\\\\\\\\\\\\\\\\\":1}\\\\\\\\\\\\\\\\\\\\\\\\\\\\\\\"},{\\\\\\\\\\\\\\\\\\\\\\\\\\\\\\\"logType\\\\\\\\\\\\\\\\\\\\\\\\\\\\\\\":\\\\\\\\\\\\\\\\\\\\\\\\\\\\\\\"INFO\\\\\\\\\\\\\\\\\\\\\\\\\\\\\\\",\\\\\\\\\\\\\\\\\\\\\\\\\\\\\\\"address\\\\\\\\\\\\\\\\\\\\\\\\\\\\\\\":\\\\\\\\\\\\\\\\\\\\\\\\\\\\\\\"吉林省辽源市 联通\\\\\\\\\\\\\\\\\\\\\\\\\\\\\\\",\\\\\\\\\\\\\\\\\\\\\\\\\\\\\\\"method\\\\\\\\\\\\\\\\\\\\\\\\\\\\\\\":\\\\\\\\\\\\\\\\\\\\\\\\\\\\\\\"com.bs.demo.controller.admin.LogsController.logList()\\\\\\\\\\\\\\\\\\\\\\\\\\\\\\\",\\\\\\\\\\\\\\\\\\\\\\\\\\\\\\\"createTime\\\\\\\\\\\\\\\\\\\\\\\\\\\\\\\":1643684727000,\\\\\\\\\\\\\\\\\\\\\\\\\\\\\\\"browser\\\\\\\\\\\\\\\\\\\\\\\\\\\\\\\":\\\\\\\\\\\\\\\\\\\\\\\\\\\\\\\"Chrome 97.0.4692.99\\\\\\\\\\\\\\\\\\\\\\\\\\\\\\\",\\\\\\\\\\\\\\\\\\\\\\\\\\\\\\\"description\\\\\\\\\\\\\\\\\\\\\\\\\\\\\\\":\\\\\\\\\\\\\\\\\\\\\\\\\\\\\\\"\\\\\\\\\\\\\\\\\\\\\\\\\\\\\\\",\\\\\\\\\\\\\\\\\\\\\\\\\\\\\\\"logId\\\\\\\\\\\\\\\\\\\\\\\\\\\\\\\":743,\\\\\\\\\\\\\\\\\\\\\\\\\\\\\\\"requestIp\\\\\\\\\\\\\\\\\\\\\\\\\\\\\\\":\\\\\\\\\\\\\\\\\\\\\\\\\\\\\\\"0:0:0:0:0:0:0:1\\\\\\\\\\\\\\\\\\\\\\\\\\\\\\\",\\\\\\\\\\\\\\\\\\\\\\\\\\\\\\\"time\\\\\\\\\\\\\\\\\\\\\\\\\\\\\\\":22,\\\\\\\\\\\\\\\\\\\\\\\\\\\\\\\"userName\\\\\\\\\\\\\\\\\\\\\\\\\\\\\\\":\\\\\\\\\\\\\\\\\\\\\\\\\\\\\\\"admin\\\\\\\\\\\\\\\\\\\\\\\\\\\\\\\",\\\\\\\\\\\\\\\\\\\\\\\\\\\\\\\"params\\\\\\\\\\\\\\\\\\\\\\\\\\\\\\\":\\\\\\\\\\\\\\\\\\\\\\\\\\\\\\\"{\\\\\\\\\\\\\\\\\\\\\\\\\\\\\\\\\\\\\\\\\\\\\\\\\\\\\\\\\\\\\\\"searchText\\\\\\\\\\\\\\\\\\\\\\\\\\\\\\\\\\\\\\\\\\\\\\\\\\\\\\\\\\\\\\\":\\\\\\\\\\\\\\\\\\\\\\\\\\\\\\\\\\\\\\\\\\\\\\\\\\\\\\\\\\\\\\\"\\\\\\\\\\\\\\\\\\\\\\\\\\\\\\\\\\\\\\\\\\\\\\\\\\\\\\\\\\\\\\\",\\\\\\\\\\\\\\\\\\\\\\\\\\\\\\\\\\\\\\\\\\\\\\\\\\\\\\\\\\\\\\\"pageSize\\\\\\\\\\\\\\\\\\\\\\\\\\\\\\\\\\\\\\\\\\\\\\\\\\\\\\\\\\\\\\\":10,\\\\\\\\\\\\\\\\\\\\\\\\\\\\\\\\\\\\\\\\\\\\\\\\\\\\\\\\\\\\\\\"currentPage\\\\\\\\\\\\\\\\\\\\\\\\\\\\\\\\\\\\\\\\\\\\\\\\\\\\\\\\\\\\\\\":1}\\\\\\\\\\\\\\\\\\\\\\\\\\\\\\\"},{\\\\\\\\\\\\\\\\\\\\\\\\\\\\\\\"logType\\\\\\\\\\\\\\\\\\\\\\\\\\\\\\\":\\\\\\\\\\\\\\\\\\\\\\\\\\\\\\\"INFO\\\\\\\\\\\\\\\\\\\\\\\\\\\\\\\",\\\\\\\\\\\\\\\\\\\\\\\\\\\\\\\"address\\\\\\\\\\\\\\\\\\\\\\\\\\\\\\\":\\\\\\\\\\\\\\\\\\\\\\\\\\\\\\\"吉林省辽源市 联通\\\\\\\\\\\\\\\\\\\\\\\\\\\\\\\",\\\\\\\\\\\\\\\\\\\\\\\\\\\\\\\"method\\\\\\\\\\\\\\\\\\\\\\\\\\\\\\\":\\\\\\\\\\\\\\\\\\\\\\\\\\\\\\\"com.bs.demo.controller.admin.LogsController.logList()\\\\\\\\\\\\\\\\\\\\\\\\\\\\\\\",\\\\\\\\\\\\\\\\\\\\\\\\\\\\\\\"createTime\\\\\\\\\\\\\\\\\\\\\\\\\\\\\\\":1643684379000,\\\\\\\\\\\\\\\\\\\\\\\\\\\\\\\"browser\\\\\\\\\\\\\\\\\\\\\\\\\\\\\\\":\\\\\\\\\\\\\\\\\\\\\\\\\\\\\\\"Chrome 97.0.4692.99\\\\\\\\\\\\\\\\\\\\\\\\\\\\\\\",\\\\\\\\\\\\\\\\\\\\\\\\\\\\\\\"description\\\\\\\\\\\\\\\\\\\\\\\\\\\\\\\":\\\\\\\\\\\\\\\\\\\\\\\\\\\\\\\"\\\\\\\\\\\\\\\\\\\\\\\\\\\\\\\",\\\\\\\\\\\\\\\\\\\\\\\\\\\\\\\"logId\\\\\\\\\\\\\\\\\\\\\\\\\\\\\\\":742,\\\\\\\\\\\\\\\\\\\\\\\\\\\\\\\"requestIp\\\\\\\\\\\\\\\\\\\\\\\\\\\\\\\":\\\\\\\\\\\\\\\\\\\\\\\\\\\\\\\"0:0:0:0:0:0:0:1\\\\\\\\\\\\\\\\\\\\\\\\\\\\\\\",\\\\\\\\\\\\\\\\\\\\\\\\\\\\\\\"time\\\\\\\\\\\\\\\\\\\\\\\\\\\\\\\":17,\\\\\\\\\\\\\\\\\\\\\\\\\\\\\\\"userName\\\\\\\\\\\\\\\\\\\\\\\\\\\\\\\":\\\\\\\\\\\\\\\\\\\\\\\\\\\\\\\"admin\\\\\\\\\\\\\\\\\\\\\\\\\\\\\\\",\\\\\\\\\\\\\\\\\\\\\\\\\\\\\\\"params\\\\\\\\\\\\\\\\\\\\\\\\\\\\\\\":\\\\\\\\\\\\\\\\\\\\\\\\\\\\\\\"{\\\\\\\\\\\\\\\\\\\\\\\\\\\\\\\\\\\\\\\\\\\\\\\\\\\\\\\\\\\\\\\"searchText\\\\\\\\\\\\\\\\\\\\\\\\\\\\\\\\\\\\\\\\\\\\\\\\\\\\\\\\\\\\\\\":\\\\\\\\\\\\\\\\\\\\\\\\\\\\\\\\\\\\\\\\\\\\\\\\\\\\\\\\\\\\\\\"\\\\\\\\\\\\\\\\\\\\\\\\\\\\\\\\\\\\\\\\\\\\\\\\\\\\\\\\\\\\\\\",\\\\\\\\\\\\\\\\\\\\\\\\\\\\\\\\\\\\\\\\\\\\\\\\\\\\\\\\\\\\\\\"pageSize\\\\\\\\\\\\\\\\\\\\\\\\\\\\\\\\\\\\\\\\\\\\\\\\\\\\\\\\\\\\\\\":10,\\\\\\\\\\\\\\\\\\\\\\\\\\\\\\\\\\\\\\\\\\\\\\\\\\\\\\\\\\\\\\\"currentPage\\\\\\\\\\\\\\\\\\\\\\\\\\\\\\\\\\\\\\\\\\\\\\\\\\\\\\\\\\\\\\\":1}\\\\\\\\\\\\\\\\\\\\\\\\\\\\\\\"},{\\\\\\\\\\\\\\\\\\\\\\\\\\\\\\\"logType\\\\\\\\\\\\\\\\\\\\\\\\\\\\\\\":\\\\\\\\\\\\\\\\\\\\\\\\\\\\\\\"INFO\\\\\\\\\\\\\\\\\\\\\\\\\\\\\\\",\\\\\\\\\\\\\\\\\\\\\\\\\\\\\\\"address\\\\\\\\\\\\\\\\\\\\\\\\\\\\\\\":\\\\\\\\\\\\\\\\\\\\\\\\\\\\\\\"吉林省辽源市 联通\\\\\\\\\\\\\\\\\\\\\\\\\\\\\\\",\\\\\\\\\\\\\\\\\\\\\\\\\\\\\\\"method\\\\\\\\\\\\\\\\\\\\\\\\\\\\\\\":\\\\\\\\\\\\\\\\\\\\\\\\\\\\\\\"com.bs.demo.controller.admin.LogsController.logList()\\\\\\\\\\\\\\\\\\\\\\\\\\\\\\\",\\\\\\\\\\\\\\\\\\\\\\\\\\\\\\\"createTime\\\\\\\\\\\\\\\\\\\\\\\\\\\\\\\":1643684341000,\\\\\\\\\\\\\\\\\\\\\\\\\\\\\\\"browser\\\\\\\\\\\\\\\\\\\\\\\\\\\\\\\":\\\\\\\\\\\\\\\\\\\\\\\\\\\\\\\"Chrome 97.0.4692.99\\\\\\\\\\\\\\\\\\\\\\\\\\\\\\\",\\\\\\\\\\\\\\\\\\\\\\\\\\\\\\\"description\\\\\\\\\\\\\\\\\\\\\\\\\\\\\\\":\\\\\\\\\\\\\\\\\\\\\\\\\\\\\\\"\\\\\\\\\\\\\\\\\\\\\\\\\\\\\\\",\\\\\\\\\\\\\\\\\\\\\\\\\\\\\\\"logId\\\\\\\\\\\\\\\\\\\\\\\\\\\\\\\":741,\\\\\\\\\\\\\\\\\\\\\\\\\\\\\\\"requestIp\\\\\\\\\\\\\\\\\\\\\\\\\\\\\\\":\\\\\\\\\\\\\\\\\\\\\\\\\\\\\\\"0:0:0:0:0:0:0:1\\\\\\\\\\\\\\\\\\\\\\\\\\\\\\\",\\\\\\\\\\\\\\\\\\\\\\\\\\\\\\\"time\\\\\\\\\\\\\\\\\\\\\\\\\\\\\\\":9,\\\\\\\\\\\\\\\\\\\\\\\\\\\\\\\"userName\\\\\\\\\\\\\\\\\\\\\\\\\\\\\\\":\\\\\\\\\\\\\\\\\\\\\\\\\\\\\\\"admin\\\\\\\\\\\\\\\\\\\\\\\\\\\\\\\",\\\\\\\\\\\\\\\\\\\\\\\\\\\\\\\"params\\\\\\\\\\\\\\\\\\\\\\\\\\\\\\\":\\\\\\\\\\\\\\\\\\\\\\\\\\\\\\\"{\\\\\\\\\\\\\\\\\\\\\\\\\\\\\\\\\\\\\\\\\\\\\\\\\\\\\\\\\\\\\\\"searchText\\\\\\\\\\\\\\\\\\\\\\\\\\\\\\\\\\\\\\\\\\\\\\\\\\\\\\\\\\\\\\\":\\\\\\\\\\\\\\\\\\\\\\\\\\\\\\\\\\\\\\\\\\\\\\\\\\\\\\\\\\\\\\\"\\\\\\\\\\\\\\\\\\\\\\\\\\\\\\\\\\\\\\\\\\\\\\\\\\\\\\\\\\\\\\\",\\\\\\\\\\\\\\\\\\\\\\\\\\\\\\\\\\\\\\\\\\\\\\\\\\\\\\\\\\\\\\\"pageSize\\\\\\\\\\\\\\\\\\\\\\\\\\\\\\\\\\\\\\\\\\\\\\\\\\\\\\\\\\\\\\\":10,\\\\\\\\\\\\\\\\\\\\\\\\\\\\\\\\\\\\\\\\\\\\\\\\\\\\\\\\\\\\\\\"currentPage\\\\\\\\\\\\\\\\\\\\\\\\\\\\\\\\\\\\\\\\\\\\\\\\\\\\\\\\\\\\\\\":1}\\\\\\\\\\\\\\\\\\\\\\\\\\\\\\\"},{\\\\\\\\\\\\\\\\\\\\\\\\\\\\\\\"logType\\\\\\\\\\\\\\\\\\\\\\\\\\\\\\\":\\\\\\\\\\\\\\\\\\\\\\\\\\\\\\\"INFO\\\\\\\\\\\\\\\\\\\\\\\\\\\\\\\",\\\\\\\\\\\\\\\\\\\\\\\\\\\\\\\"address\\\\\\\\\\\\\\\\\\\\\\\\\\\\\\\":\\\\\\\\\\\\\\\\\\\\\\\\\\\\\\\"吉林省辽源市 联通\\\\\\\\\\\\\\\\\\\\\\\\\\\\\\\",\\\\\\\\\\\\\\\\\\\\\\\\\\\\\\\"method\\\\\\\\\\\\\\\\\\\\\\\\\\\\\\\":\\\\\\\\\\\\\\\\\\\\\\\\\\\\\\\"com.bs.demo.controller.admin.LogsController.logList()\\\\\\\\\\\\\\\\\\\\\\\\\\\\\\\",\\\\\\\\\\\\\\\\\\\\\\\\\\\\\\\"createTime\\\\\\\\\\\\\\\\\\\\\\\\\\\\\\\":1643684337000,\\\\\\\\\\\\\\\\\\\\\\\\\\\\\\\"browser\\\\\\\\\\\\\\\\\\\\\\\\\\\\\\\":\\\\\\\\\\\\\\\\\\\\\\\\\\\\\\\"Chrome 97.0.4692.99\\\\\\\\\\\\\\\\\\\\\\\\\\\\\\\",\\\\\\\\\\\\\\\\\\\\\\\\\\\\\\\"description\\\\\\\\\\\\\\\\\\\\\\\\\\\\\\\":\\\\\\\\\\\\\\\\\\\\\\\\\\\\\\\"\\\\\\\\\\\\\\\\\\\\\\\\\\\\\\\",\\\\\\\\\\\\\\\\\\\\\\\\\\\\\\\"logId\\\\\\\\\\\\\\\\\\\\\\\\\\\\\\\":740,\\\\\\\\\\\\\\\\\\\\\\\\\\\\\\\"requestIp\\\\\\\\\\\\\\\\\\\\\\\\\\\\\\\":\\\\\\\\\\\\\\\\\\\\\\\\\\\\\\\"0:0:0:0:0:0:0:1\\\\\\\\\\\\\\\\\\\\\\\\\\\\\\\",\\\\\\\\\\\\\\\\\\\\\\\\\\\\\\\"time\\\\\\\\\\\\\\\\\\\\\\\\\\\\\\\":15,\\\\\\\\\\\\\\\\\\\\\\\\\\\\\\\"userName\\\\\\\\\\\\\\\\\\\\\\\\\\\\\\\":\\\\\\\\\\\\\\\\\\\\\\\\\\\\\\\"admin\\\\\\\\\\\\\\\\\\\\\\\\\\\\\\\",\\\\\\\\\\\\\\\\\\\\\\\\\\\\\\\"params\\\\\\\\\\\\\\\\\\\\\\\\\\\\\\\":\\\\\\\\\\\\\\\\\\\\\\\\\\\\\\\"{\\\\\\\\\\\\\\\\\\\\\\\\\\\\\\\\\\\\\\\\\\\\\\\\\\\\\\\\\\\\\\\"searchText\\\\\\\\\\\\\\\\\\\\\\\\\\\\\\\\\\\\\\\\\\\\\\\\\\\\\\\\\\\\\\\":\\\\\\\\\\\\\\\\\\\\\\\\\\\\\\\\\\\\\\\\\\\\\\\\\\\\\\\\\\\\\\\"\\\\\\\\\\\\\\\\\\\\\\\\\\\\\\\\\\\\\\\\\\\\\\\\\\\\\\\\\\\\\\\",\\\\\\\\\\\\\\\\\\\\\\\\\\\\\\\\\\\\\\\\\\\\\\\\\\\\\\\\\\\\\\\"pageSize\\\\\\\\\\\\\\\\\\\\\\\\\\\\\\\\\\\\\\\\\\\\\\\\\\\\\\\\\\\\\\\":10,\\\\\\\\\\\\\\\\\\\\\\\\\\\\\\\\\\\\\\\\\\\\\\\\\\\\\\\\\\\\\\\"currentPage\\\\\\\\\\\\\\\\\\\\\\\\\\\\\\\\\\\\\\\\\\\\\\\\\\\\\\\\\\\\\\\":1}\\\\\\\\\\\\\\\\\\\\\\\\\\\\\\\"},{\\\\\\\\\\\\\\\\\\\\\\\\\\\\\\\"logType\\\\\\\\\\\\\\\\\\\\\\\\\\\\\\\":\\\\\\\\\\\\\\\\\\\\\\\\\\\\\\\"INFO\\\\\\\\\\\\\\\\\\\\\\\\\\\\\\\",\\\\\\\\\\\\\\\\\\\\\\\\\\\\\\\"address\\\\\\\\\\\\\\\\\\\\\\\\\\\\\\\":\\\\\\\\\\\\\\\\\\\\\\\\\\\\\\\"吉林省辽源市 联通\\\\\\\\\\\\\\\\\\\\\\\\\\\\\\\",\\\\\\\\\\\\\\\\\\\\\\\\\\\\\\\"method\\\\\\\\\\\\\\\\\\\\\\\\\\\\\\\":\\\\\\\\\\\\\\\\\\\\\\\\\\\\\\\"com.bs.demo.controller.admin.LogsController.logList()\\\\\\\\\\\\\\\\\\\\\\\\\\\\\\\",\\\\\\\\\\\\\\\\\\\\\\\\\\\\\\\"createTime\\\\\\\\\\\\\\\\\\\\\\\\\\\\\\\":1643684281000,\\\\\\\\\\\\\\\\\\\\\\\\\\\\\\\"browser\\\\\\\\\\\\\\\\\\\\\\\\\\\\\\\":\\\\\\\\\\\\\\\\\\\\\\\\\\\\\\\"Chrome 97.0.4692.99\\\\\\\\\\\\\\\\\\\\\\\\\\\\\\\",\\\\\\\\\\\\\\\\\\\\\\\\\\\\\\\"description\\\\\\\\\\\\\\\\\\\\\\\\\\\\\\\":\\\\\\\\\\\\\\\\\\\\\\\\\\\\\\\"\\\\\\\\\\\\\\\\\\\\\\\\\\\\\\\",\\\\\\\\\\\\\\\\\\\\\\\\\\\\\\\"logId\\\\\\\\\\\\\\\\\\\\\\\\\\\\\\\":739,\\\\\\\\\\\\\\\\\\\\\\\\\\\\\\\"requestIp\\\\\\\\\\\\\\\\\\\\\\\\\\\\\\\":\\\\\\\\\\\\\\\\\\\\\\\\\\\\\\\"0:0:0:0:0:0:0:1\\\\\\\\\\\\\\\\\\\\\\\\\\\\\\\",\\\\\\\\\\\\\\\\\\\\\\\\\\\\\\\"time\\\\\\\\\\\\\\\\\\\\\\\\\\\\\\\":27,\\\\\\\\\\\\\\\\\\\\\\\\\\\\\\\"userName\\\\\\\\\\\\\\\\\\\\\\\\\\\\\\\":\\\\\\\\\\\\\\\\\\\\\\\\\\\\\\\"admin\\\\\\\\\\\\\\\\\\\\\\\\\\\\\\\",\\\\\\\\\\\\\\\\\\\\\\\\\\\\\\\"params\\\\\\\\\\\\\\\\\\\\\\\\\\\\\\\":\\\\\\\\\\\\\\\\\\\\\\\\\\\\\\\"{\\\\\\\\\\\\\\\\\\\\\\\\\\\\\\\\\\\\\\\\\\\\\\\\\\\\\\\\\\\\\\\"searchText\\\\\\\\\\\\\\\\\\\\\\\\\\\\\\\\\\\\\\\\\\\\\\\\\\\\\\\\\\\\\\\":\\\\\\\\\\\\\\\\\\\\\\\\\\\\\\\\\\\\\\\\\\\\\\\\\\\\\\\\\\\\\\\"\\\\\\\\\\\\\\\\\\\\\\\\\\\\\\\\\\\\\\\\\\\\\\\\\\\\\\\\\\\\\\\",\\\\\\\\\\\\\\\\\\\\\\\\\\\\\\\\\\\\\\\\\\\\\\\\\\\\\\\\\\\\\\\"pageSize\\\\\\\\\\\\\\\\\\\\\\\\\\\\\\\\\\\\\\\\\\\\\\\\\\\\\\\\\\\\\\\":10,\\\\\\\\\\\\\\\\\\\\\\\\\\\\\\\\\\\\\\\\\\\\\\\\\\\\\\\\\\\\\\\"currentPage\\\\\\\\\\\\\\\\\\\\\\\\\\\\\\\\\\\\\\\\\\\\\\\\\\\\\\\\\\\\\\\":1}\\\\\\\\\\\\\\\\\\\\\\\\\\\\\\\"},{\\\\\\\\\\\\\\\\\\\\\\\\\\\\\\\"logType\\\\\\\\\\\\\\\\\\\\\\\\\\\\\\\":\\\\\\\\\\\\\\\\\\\\\\\\\\\\\\\"INFO\\\\\\\\\\\\\\\\\\\\\\\\\\\\\\\",\\\\\\\\\\\\\\\\\\\\\\\\\\\\\\\"address\\\\\\\\\\\\\\\\\\\\\\\\\\\\\\\":\\\\\\\\\\\\\\\\\\\\\\\\\\\\\\\"吉林省辽源市 联通\\\\\\\\\\\\\\\\\\\\\\\\\\\\\\\",\\\\\\\\\\\\\\\\\\\\\\\\\\\\\\\"method\\\\\\\\\\\\\\\\\\\\\\\\\\\\\\\":\\\\\\\\\\\\\\\\\\\\\\\\\\\\\\\"com.bs.demo.controller.admin.LogsController.logList()\\\\\\\\\\\\\\\\\\\\\\\\\\\\\\\",\\\\\\\\\\\\\\\\\\\\\\\\\\\\\\\"createTime\\\\\\\\\\\\\\\\\\\\\\\\\\\\\\\":1643684169000,\\\\\\\\\\\\\\\\\\\\\\\\\\\\\\\"browser\\\\\\\\\\\\\\\\\\\\\\\\\\\\\\\":\\\\\\\\\\\\\\\\\\\\\\\\\\\\\\\"Chrome 97.0.4692.99\\\\\\\\\\\\\\\\\\\\\\\\\\\\\\\",\\\\\\\\\\\\\\\\\\\\\\\\\\\\\\\"description\\\\\\\\\\\\\\\\\\\\\\\\\\\\\\\":\\\\\\\\\\\\\\\\\\\\\\\\\\\\\\\"\\\\\\\\\\\\\\\\\\\\\\\\\\\\\\\",\\\\\\\\\\\\\\\\\\\\\\\\\\\\\\\"logId\\\\\\\\\\\\\\\\\\\\\\\\\\\\\\\":738,\\\\\\\\\\\\\\\\\\\\\\\\\\\\\\\"requestIp\\\\\\\\\\\\\\\\\\\\\\\\\\\\\\\":\\\\\\\\\\\\\\\\\\\\\\\\\\\\\\\"0:0:0:0:0:0:0:1\\\\\\\\\\\\\\\\\\\\\\\\\\\\\\\",\\\\\\\\\\\\\\\\\\\\\\\\\\\\\\\"time\\\\\\\\\\\\\\\\\\\\\\\\\\\\\\\":18,\\\\\\\\\\\\\\\\\\\\\\\\\\\\\\\"userName\\\\\\\\\\\\\\\\\\\\\\\\\\\\\\\":\\\\\\\\\\\\\\\\\\\\\\\\\\\\\\\"admin\\\\\\\\\\\\\\\\\\\\\\\\\\\\\\\",\\\\\\\\\\\\\\\\\\\\\\\\\\\\\\\"params\\\\\\\\\\\\\\\\\\\\\\\\\\\\\\\":\\\\\\\\\\\\\\\\\\\\\\\\\\\\\\\"{\\\\\\\\\\\\\\\\\\\\\\\\\\\\\\\\\\\\\\\\\\\\\\\\\\\\\\\\\\\\\\\"searchText\\\\\\\\\\\\\\\\\\\\\\\\\\\\\\\\\\\\\\\\\\\\\\\\\\\\\\\\\\\\\\\":\\\\\\\\\\\\\\\\\\\\\\\\\\\\\\\\\\\\\\\\\\\\\\\\\\\\\\\\\\\\\\\"\\\\\\\\\\\\\\\\\\\\\\\\\\\\\\\\\\\\\\\\\\\\\\\\\\\\\\\\\\\\\\\",\\\\\\\\\\\\\\\\\\\\\\\\\\\\\\\\\\\\\\\\\\\\\\\\\\\\\\\\\\\\\\\"pageSize\\\\\\\\\\\\\\\\\\\\\\\\\\\\\\\\\\\\\\\\\\\\\\\\\\\\\\\\\\\\\\\":10,\\\\\\\\\\\\\\\\\\\\\\\\\\\\\\\\\\\\\\\\\\\\\\\\\\\\\\\\\\\\\\\"currentPage\\\\\\\\\\\\\\\\\\\\\\\\\\\\\\\\\\\\\\\\\\\\\\\\\\\\\\\\\\\\\\\":1}\\\\\\\\\\\\\\\\\\\\\\\\\\\\\\\"},{\\\\\\\\\\\\\\\\\\\\\\\\\\\\\\\"logType\\\\\\\\\\\\\\\\\\\\\\\\\\\\\\\":\\\\\\\\\\\\\\\\\\\\\\\\\\\\\\\"INFO\\\\\\\\\\\\\\\\\\\\\\\\\\\\\\\",\\\\\\\\\\\\\\\\\\\\\\\\\\\\\\\"address\\\\\\\\\\\\\\\\\\\\\\\\\\\\\\\":\\\\\\\\\\\\\\\\\\\\\\\\\\\\\\\"吉林省辽源市 联通\\\\\\\\\\\\\\\\\\\\\\\\\\\\\\\",\\\\\\\\\\\\\\\\\\\\\\\\\\\\\\\"method\\\\\\\\\\\\\\\\\\\\\\\\\\\\\\\":\\\\\\\\\\\\\\\\\\\\\\\\\\\\\\\"com.bs.demo.controller.admin.LogsController.logList()\\\\\\\\\\\\\\\\\\\\\\\\\\\\\\\",\\\\\\\\\\\\\\\\\\\\\\\\\\\\\\\"createTime\\\\\\\\\\\\\\\\\\\\\\\\\\\\\\\":1643684114000,\\\\\\\\\\\\\\\\\\\\\\\\\\\\\\\"browser\\\\\\\\\\\\\\\\\\\\\\\\\\\\\\\":\\\\\\\\\\\\\\\\\\\\\\\\\\\\\\\"Chrome 97.0.4692.99\\\\\\\\\\\\\\\\\\\\\\\\\\\\\\\",\\\\\\\\\\\\\\\\\\\\\\\\\\\\\\\"description\\\\\\\\\\\\\\\\\\\\\\\\\\\\\\\":\\\\\\\\\\\\\\\\\\\\\\\\\\\\\\\"\\\\\\\\\\\\\\\\\\\\\\\\\\\\\\\",\\\\\\\\\\\\\\\\\\\\\\\\\\\\\\\"logId\\\\\\\\\\\\\\\\\\\\\\\\\\\\\\\":737,\\\\\\\\\\\\\\\\\\\\\\\\\\\\\\\"requestIp\\\\\\\\\\\\\\\\\\\\\\\\\\\\\\\":\\\\\\\\\\\\\\\\\\\\\\\\\\\\\\\"0:0:0:0:0:0:0:1\\\\\\\\\\\\\\\\\\\\\\\\\\\\\\\",\\\\\\\\\\\\\\\\\\\\\\\\\\\\\\\"time\\\\\\\\\\\\\\\\\\\\\\\\\\\\\\\":14,\\\\\\\\\\\\\\\\\\\\\\\\\\\\\\\"userName\\\\\\\\\\\\\\\\\\\\\\\\\\\\\\\":\\\\\\\\\\\\\\\\\\\\\\\\\\\\\\\"admin\\\\\\\\\\\\\\\\\\\\\\\\\\\\\\\",\\\\\\\\\\\\\\\\\\\\\\\\\\\\\\\"params\\\\\\\\\\\\\\\\\\\\\\\\\\\\\\\":\\\\\\\\\\\\\\\\\\\\\\\\\\\\\\\"{\\\\\\\\\\\\\\\\\\\\\\\\\\\\\\\\\\\\\\\\\\\\\\\\\\\\\\\\\\\\\\\"searchText\\\\\\\\\\\\\\\\\\\\\\\\\\\\\\\\\\\\\\\\\\\\\\\\\\\\\\\\\\\\\\\":\\\\\\\\\\\\\\\\\\\\\\\\\\\\\\\\\\\\\\\\\\\\\\\\\\\\\\\\\\\\\\\"\\\\\\\\\\\\\\\\\\\\\\\\\\\\\\\\\\\\\\\\\\\\\\\\\\\\\\\\\\\\\\\",\\\\\\\\\\\\\\\\\\\\\\\\\\\\\\\\\\\\\\\\\\\\\\\\\\\\\\\\\\\\\\\"pageSize\\\\\\\\\\\\\\\\\\\\\\\\\\\\\\\\\\\\\\\\\\\\\\\\\\\\\\\\\\\\\\\":10,\\\\\\\\\\\\\\\\\\\\\\\\\\\\\\\\\\\\\\\\\\\\\\\\\\\\\\\\\\\\\\\"currentPage\\\\\\\\\\\\\\\\\\\\\\\\\\\\\\\\\\\\\\\\\\\\\\\\\\\\\\\\\\\\\\\":1}\\\\\\\\\\\\\\\\\\\\\\\\\\\\\\\"}]\\\\\\\\\\\\\\\"},{\\\\\\\\\\\\\\\"logType\\\\\\\\\\\\\\\":\\\\\\\\\\\\\\\"INFO\\\\\\\\\\\\\\\",\\\\\\\\\\\\\\\"address\\\\\\\\\\\\\\\":\\\\\\\\\\\\\\\"吉林省辽源市 联通\\\\\\\\\\\\\\\",\\\\\\\\\\\\\\\"method\\\\\\\\\\\\\\\":\\\\\\\\\\\\\\\"com.bs.demo.controller.admin.LogsController.logList()\\\\\\\\\\\\\\\",\\\\\\\\\\\\\\\"createTime\\\\\\\\\\\\\\\":1643686044000,\\\\\\\\\\\\\\\"browser\\\\\\\\\\\\\\\":\\\\\\\\\\\\\\\"Chrome 97.0.4692.99\\\\\\\\\\\\\\\",\\\\\\\\\\\\\\\"description\\\\\\\\\\\\\\\":\\\\\\\\\\\\\\\"\\\\\\\\\\\\\\\",\\\\\\\\\\\\\\\"logId\\\\\\\\\\\\\\\":765,\\\\\\\\\\\\\\\"requestIp\\\\\\\\\\\\\\\":\\\\\\\\\\\\\\\"0:0:0:0:0:0:0:1\\\\\\\\\\\\\\\",\\\\\\\\\\\\\\\"time\\\\\\\\\\\\\\\":25,\\\\\\\\\\\\\\\"userName\\\\\\\\\\\\\\\":\\\\\\\\\\\\\\\"admin\\\\\\\\\\\\\\\",\\\\\\\\\\\\\\\"params\\\\\\\\\\\\\\\":\\\\\\\\\\\\\\\"{\\\\\\\\\\\\\\\\\\\\\\\\\\\\\\\"searchText\\\\\\\\\\\\\\\\\\\\\\\\\\\\\\\":\\\\\\\\\\\\\\\\\\\\\\\\\\\\\\\"\\\\\\\\\\\\\\\\\\\\\\\\\\\\\\\",\\\\\\\\\\\\\\\\\\\\\\\\\\\\\\\"pageSize\\\\\\\\\\\\\\\\\\\\\\\\\\\\\\\":10,\\\\\\\\\\\\\\\\\\\\\\\\\\\\\\\"currentPage\\\\\\\\\\\\\\\\\\\\\\\\\\\\\\\":1}\\\\\\\\\\\\\\\"},{\\\\\\\\\\\\\\\"logType\\\\\\\\\\\\\\\":\\\\\\\\\\\\\\\"INFO\\\\\\\\\\\\\\\",\\\\\\\\\\\\\\\"address\\\\\\\\\\\\\\\":\\\\\\\\\\\\\\\"吉林省辽源市 联通\\\\\\\\\\\\\\\",\\\\\\\\\\\\\\\"method\\\\\\\\\\\\\\\":\\\\\\\\\\\\\\\"com.bs.demo.controller.admin.LogsController.logList()\\\\\\\\\\\\\\\",\\\\\\\\\\\\\\\"createTime\\\\\\\\\\\\\\\":1643684108000,\\\\\\\\\\\\\\\"browser\\\\\\\\\\\\\\\":\\\\\\\\\\\\\\\"Chrome 97.0.4692.99\\\\\\\\\\\\\\\",\\\\\\\\\\\\\\\"description\\\\\\\\\\\\\\\":\\\\\\\\\\\\\\\"\\\\\\\\\\\\\\\",\\\\\\\\\\\\\\\"logId\\\\\\\\\\\\\\\":736,\\\\\\\\\\\\\\\"requestIp\\\\\\\\\\\\\\\":\\\\\\\\\\\\\\\"0:0:0:0:0:0:0:1\\\\\\\\\\\\\\\",\\\\\\\\\\\\\\\"time\\\\\\\\\\\\\\\":15,\\\\\\\\\\\\\\\"userName\\\\\\\\\\\\\\\":\\\\\\\\\\\\\\\"admin\\\\\\\\\\\\\\\",\\\\\\\\\\\\\\\"params\\\\\\\\\\\\\\\":\\\\\\\\\\\\\\\"{\\\\\\\\\\\\\\\\\\\\\\\\\\\\\\\"searchText\\\\\\\\\\\\\\\\\\\\\\\\\\\\\\\":\\\\\\\\\\\\\\\\\\\\\\\\\\\\\\\"\\\\\\\\\\\\\\\\\\\\\\\\\\\\\\\",\\\\\\\\\\\\\\\\\\\\\\\\\\\\\\\"pageSize\\\\\\\\\\\\\\\\\\\\\\\\\\\\\\\":10,\\\\\\\\\\\\\\\\\\\\\\\\\\\\\\\"currentPage\\\\\\\\\\\\\\\\\\\\\\\\\\\\\\\":1}\\\\\\\\\\\\\\\"},{\\\\\\\\\\\\\\\"logType\\\\\\\\\\\\\\\":\\\\\\\\\\\\\\\"INFO\\\\\\\\\\\\\\\",\\\\\\\\\\\\\\\"address\\\\\\\\\\\\\\\":\\\\\\\\\\\\\\\"吉林省辽源市 联通\\\\\\\\\\\\\\\",\\\\\\\\\\\\\\\"method\\\\\\\\\\\\\\\":\\\\\\\\\\\\\\\"com.bs.demo.controller.admin.LogsController.logList()\\\\\\\\\\\\\\\",\\\\\\\\\\\\\\\"createTime\\\\\\\\\\\\\\\":1643684082000,\\\\\\\\\\\\\\\"browser\\\\\\\\\\\\\\\":\\\\\\\\\\\\\\\"Chrome 97.0.4692.99\\\\\\\\\\\\\\\",\\\\\\\\\\\\\\\"description\\\\\\\\\\\\\\\":\\\\\\\\\\\\\\\"\\\\\\\\\\\\\\\",\\\\\\\\\\\\\\\"logId\\\\\\\\\\\\\\\":735,\\\\\\\\\\\\\\\"requestIp\\\\\\\\\\\\\\\":\\\\\\\\\\\\\\\"0:0:0:0:0:0:0:1\\\\\\\\\\\\\\\",\\\\\\\\\\\\\\\"time\\\\\\\\\\\\\\\":10,\\\\\\\\\\\\\\\"userName\\\\\\\\\\\\\\\":\\\\\\\\\\\\\\\"admin\\\\\\\\\\\\\\\",\\\\\\\\\\\\\\\"params\\\\\\\\\\\\\\\":\\\\\\\\\\\\\\\"{\\\\\\\\\\\\\\\\\\\\\\\\\\\\\\\"searchText\\\\\\\\\\\\\\\\\\\\\\\\\\\\\\\":\\\\\\\\\\\\\\\\\\\\\\\\\\\\\\\"\\\\\\\\\\\\\\\\\\\\\\\\\\\\\\\",\\\\\\\\\\\\\\\\\\\\\\\\\\\\\\\"pageSize\\\\\\\\\\\\\\\\\\\\\\\\\\\\\\\":10,\\\\\\\\\\\\\\\\\\\\\\\\\\\\\\\"currentPage\\\\\\\\\\\\\\\\\\\\\\\\\\\\\\\":1}\\\\\\\\\\\\\\\"},{\\\\\\\\\\\\\\\"logType\\\\\\\\\\\\\\\":\\\\\\\\\\\\\\\"INFO\\\\\\\\\\\\\\\",\\\\\\\\\\\\\\\"address\\\\\\\\\\\\\\\":\\\\\\\\\\\\\\\"吉林省辽源市 联通\\\\\\\\\\\\\\\",\\\\\\\\\\\\\\\"method\\\\\\\\\\\\\\\":\\\\\\\\\\\\\\\"com.bs.demo.controller.admin.LogsController.logList()\\\\\\\\\\\\\\\",\\\\\\\\\\\\\\\"createTime\\\\\\\\\\\\\\\":1643684067000,\\\\\\\\\\\\\\\"browser\\\\\\\\\\\\\\\":\\\\\\\\\\\\\\\"Chrome 97.0.4692.99\\\\\\\\\\\\\\\",\\\\\\\\\\\\\\\"description\\\\\\\\\\\\\\\":\\\\\\\\\\\\\\\"\\\\\\\\\\\\\\\",\\\\\\\\\\\\\\\"logId\\\\\\\\\\\\\\\":734,\\\\\\\\\\\\\\\"requestIp\\\\\\\\\\\\\\\":\\\\\\\\\\\\\\\"0:0:0:0:0:0:0:1\\\\\\\\\\\\\\\",\\\\\\\\\\\\\\\"time\\\\\\\\\\\\\\\":15,\\\\\\\\\\\\\\\"userName\\\\\\\\\\\\\\\":\\\\\\\\\\\\\\\"admin\\\\\\\\\\\\\\\",\\\\\\\\\\\\\\\"params\\\\\\\\\\\\\\\":\\\\\\\\\\\\\\\"{\\\\\\\\\\\\\\\\\\\\\\\\\\\\\\\"searchText\\\\\\\\\\\\\\\\\\\\\\\\\\\\\\\":\\\\\\\\\\\\\\\\\\\\\\\\\\\\\\\"\\\\\\\\\\\\\\\\\\\\\\\\\\\\\\\",\\\\\\\\\\\\\\\\\\\\\\\\\\\\\\\"pageSize\\\\\\\\\\\\\\\\\\\\\\\\\\\\\\\":10,\\\\\\\\\\\\\\\\\\\\\\\\\\\\\\\"currentPage\\\\\\\\\\\\\\\\\\\\\\\\\\\\\\\":1}\\\\\\\\\\\\\\\"},{\\\\\\\\\\\\\\\"logType\\\\\\\\\\\\\\\":\\\\\\\\\\\\\\\"INFO\\\\\\\\\\\\\\\",\\\\\\\\\\\\\\\"address\\\\\\\\\\\\\\\":\\\\\\\\\\\\\\\"吉林省辽源市 联通\\\\\\\\\\\\\\\",\\\\\\\\\\\\\\\"method\\\\\\\\\\\\\\\":\\\\\\\\\\\\\\\"com.bs.demo.controller.admin.LogsController.logList()\\\\\\\\\\\\\\\",\\\\\\\\\\\\\\\"createTime\\\\\\\\\\\\\\\":1643684035000,\\\\\\\\\\\\\\\"browser\\\\\\\\\\\\\\\":\\\\\\\\\\\\\\\"Chrome 97.0.4692.99\\\\\\\\\\\\\\\",\\\\\\\\\\\\\\\"description\\\\\\\\\\\\\\\":\\\\\\\\\\\\\\\"\\\\\\\\\\\\\\\",\\\\\\\\\\\\\\\"logId\\\\\\\\\\\\\\\":733,\\\\\\\\\\\\\\\"requestIp\\\\\\\\\\\\\\\":\\\\\\\\\\\\\\\"0:0:0:0:0:0:0:1\\\\\\\\\\\\\\\",\\\\\\\\\\\\\\\"time\\\\\\\\\\\\\\\":19,\\\\\\\\\\\\\\\"userName\\\\\\\\\\\\\\\":\\\\\\\\\\\\\\\"admin\\\\\\\\\\\\\\\",\\\\\\\\\\\\\\\"params\\\\\\\\\\\\\\\":\\\\\\\\\\\\\\\"{\\\\\\\\\\\\\\\\\\\\\\\\\\\\\\\"searchText\\\\\\\\\\\\\\\\\\\\\\\\\\\\\\\":\\\\\\\\\\\\\\\\\\\\\\\\\\\\\\\"\\\\\\\\\\\\\\\\\\\\\\\\\\\\\\\",\\\\\\\\\\\\\\\\\\\\\\\\\\\\\\\"pageSize\\\\\\\\\\\\\\\\\\\\\\\\\\\\\\\":10,\\\\\\\\\\\\\\\\\\\\\\\\\\\\\\\"currentPage\\\\\\\\\\\\\\\\\\\\\\\\\\\\\\\":1}\\\\\\\\\\\\\\\"},{\\\\\\\\\\\\\\\"logType\\\\\\\\\\\\\\\":\\\\\\\\\\\\\\\"INFO\\\\\\\\\\\\\\\",\\\\\\\\\\\\\\\"address\\\\\\\\\\\\\\\":\\\\\\\\\\\\\\\"吉林省辽源市 联通\\\\\\\\\\\\\\\",\\\\\\\\\\\\\\\"method\\\\\\\\\\\\\\\":\\\\\\\\\\\\\\\"com.bs.demo.controller.admin.LogsController.logList()\\\\\\\\\\\\\\\",\\\\\\\\\\\\\\\"createTime\\\\\\\\\\\\\\\":1643684025000,\\\\\\\\\\\\\\\"browser\\\\\\\\\\\\\\\":\\\\\\\\\\\\\\\"Chrome 97.0.4692.99\\\\\\\\\\\\\\\",\\\\\\\\\\\\\\\"description\\\\\\\\\\\\\\\":\\\\\\\\\\\\\\\"\\\\\\\\\\\\\\\",\\\\\\\\\\\\\\\"logId\\\\\\\\\\\\\\\":732,\\\\\\\\\\\\\\\"requestIp\\\\\\\\\\\\\\\":\\\\\\\\\\\\\\\"0:0:0:0:0:0:0:1\\\\\\\\\\\\\\\",\\\\\\\\\\\\\\\"time\\\\\\\\\\\\\\\":11,\\\\\\\\\\\\\\\"userName\\\\\\\\\\\\\\\":\\\\\\\\\\\\\\\"admin\\\\\\\\\\\\\\\",\\\\\\\\\\\\\\\"params\\\\\\\\\\\\\\\":\\\\\\\\\\\\\\\"{\\\\\\\\\\\\\\\\\\\\\\\\\\\\\\\"searchText\\\\\\\\\\\\\\\\\\\\\\\\\\\\\\\":\\\\\\\\\\\\\\\\\\\\\\\\\\\\\\\"\\\\\\\\\\\\\\\\\\\\\\\\\\\\\\\",\\\\\\\\\\\\\\\\\\\\\\\\\\\\\\\"pageSize\\\\\\\\\\\\\\\\\\\\\\\\\\\\\\\":10,\\\\\\\\\\\\\\\\\\\\\\\\\\\\\\\"currentPage\\\\\\\\\\\\\\\\\\\\\\\\\\\\\\\":1}\\\\\\\\\\\\\\\"},{\\\\\\\\\\\\\\\"logType\\\\\\\\\\\\\\\":\\\\\\\\\\\\\\\"INFO\\\\\\\\\\\\\\\",\\\\\\\\\\\\\\\"address\\\\\\\\\\\\\\\":\\\\\\\\\\\\\\\"吉林省辽源市 联通\\\\\\\\\\\\\\\",\\\\\\\\\\\\\\\"method\\\\\\\\\\\\\\\":\\\\\\\\\\\\\\\"com.bs.demo.controller.admin.LogsController.logList()\\\\\\\\\\\\\\\",\\\\\\\\\\\\\\\"createTime\\\\\\\\\\\\\\\":1643684005000,\\\\\\\\\\\\\\\"browser\\\\\\\\\\\\\\\":\\\\\\\\\\\\\\\"Chrome 97.0.4692.99\\\\\\\\\\\\\\\",\\\\\\\\\\\\\\\"description\\\\\\\\\\\\\\\":\\\\\\\\\\\\\\\"\\\\\\\\\\\\\\\",\\\\\\\\\\\\\\\"logId\\\\\\\\\\\\\\\":731,\\\\\\\\\\\\\\\"requestIp\\\\\\\\\\\\\\\":\\\\\\\\\\\\\\\"0:0:0:0:0:0:0:1\\\\\\\\\\\\\\\",\\\\\\\\\\\\\\\"time\\\\\\\\\\\\\\\":11,\\\\\\\\\\\\\\\"userName\\\\\\\\\\\\\\\":\\\\\\\\\\\\\\\"admin\\\\\\\\\\\\\\\",\\\\\\\\\\\\\\\"params\\\\\\\\\\\\\\\":\\\\\\\\\\\\\\\"{\\\\\\\\\\\\\\\\\\\\\\\\\\\\\\\"searchText\\\\\\\\\\\\\\\\\\\\\\\\\\\\\\\":\\\\\\\\\\\\\\\\\\\\\\\\\\\\\\\"\\\\\\\\\\\\\\\\\\\\\\\\\\\\\\\",\\\\\\\\\\\\\\\\\\\\\\\\\\\\\\\"pageSize\\\\\\\\\\\\\\\\\\\\\\\\\\\\\\\":10,\\\\\\\\\\\\\\\\\\\\\\\\\\\\\\\"currentPage\\\\\\\\\\\\\\\\\\\\\\\\\\\\\\\":1}\\\\\\\\\\\\\\\"},{\\\\\\\\\\\\\\\"logType\\\\\\\\\\\\\\\":\\\\\\\\\\\\\\\"INFO\\\\\\\\\\\\\\\",\\\\\\\\\\\\\\\"address\\\\\\\\\\\\\\\":\\\\\\\\\\\\\\\"吉林省辽源市 联通\\\\\\\\\\\\\\\",\\\\\\\\\\\\\\\"method\\\\\\\\\\\\\\\":\\\\\\\\\\\\\\\"com.bs.demo.controller.admin.LogsController.logList()\\\\\\\\\\\\\\\",\\\\\\\\\\\\\\\"createTime\\\\\\\\\\\\\\\":1643683960000,\\\\\\\\\\\\\\\"browser\\\\\\\\\\\\\\\":\\\\\\\\\\\\\\\"Chrome 97.0.4692.99\\\\\\\\\\\\\\\",\\\\\\\\\\\\\\\"description\\\\\\\\\\\\\\\":\\\\\\\\\\\\\\\"\\\\\\\\\\\\\\\",\\\\\\\\\\\\\\\"logId\\\\\\\\\\\\\\\":730,\\\\\\\\\\\\\\\"requestIp\\\\\\\\\\\\\\\":\\\\\\\\\\\\\\\"0:0:0:0:0:0:0:1\\\\\\\\\\\\\\\",\\\\\\\\\\\\\\\"time\\\\\\\\\\\\\\\":23,\\\\\\\\\\\\\\\"userName\\\\\\\\\\\\\\\":\\\\\\\\\\\\\\\"admin\\\\\\\\\\\\\\\",\\\\\\\\\\\\\\\"params\\\\\\\\\\\\\\\":\\\\\\\\\\\\\\\"{\\\\\\\\\\\\\\\\\\\\\\\\\\\\\\\"searchText\\\\\\\\\\\\\\\\\\\\\\\\\\\\\\\":\\\\\\\\\\\\\\\\\\\\\\\\\\\\\\\"\\\\\\\\\\\\\\\\\\\\\\\\\\\\\\\",\\\\\\\\\\\\\\\\\\\\\\\\\\\\\\\"pageSize\\\\\\\\\\\\\\\\\\\\\\\\\\\\\\\":10,\\\\\\\\\\\\\\\\\\\\\\\\\\\\\\\"currentPage\\\\\\\\\\\\\\\\\\\\\\\\\\\\\\\":1}\\\\\\\\\\\\\\\"},{\\\\\\\\\\\\\\\"logType\\\\\\\\\\\\\\\":\\\\\\\\\\\\\\\"INFO\\\\\\\\\\\\\\\",\\\\\\\\\\\\\\\"address\\\\\\\\\\\\\\\":\\\\\\\\\\\\\\\"吉林省辽源市 联通\\\\\\\\\\\\\\\",\\\\\\\\\\\\\\\"method\\\\\\\\\\\\\\\":\\\\\\\\\\\\\\\"com.bs.demo.controller.admin.LogsController.logList()\\\\\\\\\\\\\\\",\\\\\\\\\\\\\\\"createTime\\\\\\\\\\\\\\\":1643683952000,\\\\\\\\\\\\\\\"browser\\\\\\\\\\\\\\\":\\\\\\\\\\\\\\\"Chrome 97.0.4692.99\\\\\\\\\\\\\\\",\\\\\\\\\\\\\\\"description\\\\\\\\\\\\\\\":\\\\\\\\\\\\\\\"\\\\\\\\\\\\\\\",\\\\\\\\\\\\\\\"logId\\\\\\\\\\\\\\\":729,\\\\\\\\\\\\\\\"requestIp\\\\\\\\\\\\\\\":\\\\\\\\\\\\\\\"0:0:0:0:0:0:0:1\\\\\\\\\\\\\\\",\\\\\\\\\\\\\\\"time\\\\\\\\\\\\\\\":17,\\\\\\\\\\\\\\\"userName\\\\\\\\\\\\\\\":\\\\\\\\\\\\\\\"admin\\\\\\\\\\\\\\\",\\\\\\\\\\\\\\\"params\\\\\\\\\\\\\\\":\\\\\\\\\\\\\\\"{\\\\\\\\\\\\\\\\\\\\\\\\\\\\\\\"searchText\\\\\\\\\\\\\\\\\\\\\\\\\\\\\\\":\\\\\\\\\\\\\\\\\\\\\\\\\\\\\\\"\\\\\\\\\\\\\\\\\\\\\\\\\\\\\\\",\\\\\\\\\\\\\\\\\\\\\\\\\\\\\\\"pageSize\\\\\\\\\\\\\\\\\\\\\\\\\\\\\\\":10,\\\\\\\\\\\\\\\\\\\\\\\\\\\\\\\"currentPage\\\\\\\\\\\\\\\\\\\\\\\\\\\\\\\":1}\\\\\\\\\\\\\\\"}]\\\\\\\"},{\\\\\\\"logType\\\\\\\":\\\\\\\"INFO\\\\\\\",\\\\\\\"address\\\\\\\":\\\\\\\"吉林省辽源市 联通\\\\\\\",\\\\\\\"method\\\\\\\":\\\\\\\"com.bs.demo.controller.admin.LogsController.logList()\\\\\\\",\\\\\\\"createTime\\\\\\\":1643686063000,\\\\\\\"browser\\\\\\\":\\\\\\\"Chrome 97.0.4692.99\\\\\\\",\\\\\\\"description\\\\\\\":\\\\\\\"\\\\\\\",\\\\\\\"logId\\\\\\\":767,\\\\\\\"requestIp\\\\\\\":\\\\\\\"0:0:0:0:0:0:0:1\\\\\\\",\\\\\\\"time\\\\\\\":14,\\\\\\\"userName\\\\\\\":\\\\\\\"admin\\\\\\\",\\\\\\\"params\\\\\\\":\\\\\\\"{\\\\\\\\\\\\\\\"searchText\\\\\\\\\\\\\\\":\\\\\\\\\\\\\\\"\\\\\\\\\\\\\\\",\\\\\\\\\\\\\\\"pageSize\\\\\\\\\\\\\\\":10,\\\\\\\\\\\\\\\"currentPage\\\\\\\\\\\\\\\":1}\\\\\\\"},{\\\\\\\"logType\\\\\\\":\\\\\\\"INFO\\\\\\\",\\\\\\\"address\\\\\\\":\\\\\\\"吉林省辽源市 联通\\\\\\\",\\\\\\\"method\\\\\\\":\\\\\\\"com.bs.demo.controller.admin.LogsController.logList()\\\\\\\",\\\\\\\"createTime\\\\\\\":1643683938000,\\\\\\\"browser\\\\\\\":\\\\\\\"Chrome 97.0.4692.99\\\\\\\",\\\\\\\"description\\\\\\\":\\\\\\\"\\\\\\\",\\\\\\\"logId\\\\\\\":728,\\\\\\\"requestIp\\\\\\\":\\\\\\\"0:0:0:0:0:0:0:1\\\\\\\",\\\\\\\"time\\\\\\\":15,\\\\\\\"userName\\\\\\\":\\\\\\\"admin\\\\\\\",\\\\\\\"params\\\\\\\":\\\\\\\"{\\\\\\\\\\\\\\\"searchText\\\\\\\\\\\\\\\":\\\\\\\\\\\\\\\"\\\\\\\\\\\\\\\",\\\\\\\\\\\\\\\"pageSize\\\\\\\\\\\\\\\":10,\\\\\\\\\\\\\\\"currentPage\\\\\\\\\\\\\\\":1}\\\\\\\"},{\\\\\\\"logType\\\\\\\":\\\\\\\"INFO\\\\\\\",\\\\\\\"address\\\\\\\":\\\\\\\"吉林省辽源市 联通\\\\\\\",\\\\\\\"method\\\\\\\":\\\\\\\"com.bs.demo.controller.admin.LogsController.logList()\\\\\\\",\\\\\\\"createTime\\\\\\\":1643683890000,\\\\\\\"browser\\\\\\\":\\\\\\\"Chrome 97.0.4692.99\\\\\\\",\\\\\\\"description\\\\\\\":\\\\\\\"\\\\\\\",\\\\\\\"logId\\\\\\\":727,\\\\\\\"requestIp\\\\\\\":\\\\\\\"0:0:0:0:0:0:0:1\\\\\\\",\\\\\\\"time\\\\\\\":13,\\\\\\\"userName\\\\\\\":\\\\\\\"admin\\\\\\\",\\\\\\\"params\\\\\\\":\\\\\\\"{\\\\\\\\\\\\\\\"searchText\\\\\\\\\\\\\\\":\\\\\\\\\\\\\\\"\\\\\\\\\\\\\\\",\\\\\\\\\\\\\\\"pageSize\\\\\\\\\\\\\\\":10,\\\\\\\\\\\\\\\"currentPage\\\\\\\\\\\\\\\":1}\\\\\\\"},{\\\\\\\"logType\\\\\\\":\\\\\\\"INFO\\\\\\\",\\\\\\\"address\\\\\\\":\\\\\\\"吉林省辽源市 联通\\\\\\\",\\\\\\\"method\\\\\\\":\\\\\\\"com.bs.demo.controller.admin.LogsController.logList()\\\\\\\",\\\\\\\"createTime\\\\\\\":1643683880000,\\\\\\\"browser\\\\\\\":\\\\\\\"Chrome 97.0.4692.99\\\\\\\",\\\\\\\"description\\\\\\\":\\\\\\\"\\\\\\\",\\\\\\\"logId\\\\\\\":726,\\\\\\\"requestIp\\\\\\\":\\\\\\\"0:0:0:0:0:0:0:1\\\\\\\",\\\\\\\"time\\\\\\\":12,\\\\\\\"userName\\\\\\\":\\\\\\\"admin\\\\\\\",\\\\\\\"params\\\\\\\":\\\\\\\"{\\\\\\\\\\\\\\\"searchText\\\\\\\\\\\\\\\":\\\\\\\\\\\\\\\"\\\\\\\\\\\\\\\",\\\\\\\\\\\\\\\"pageSize\\\\\\\\\\\\\\\":10,\\\\\\\\\\\\\\\"currentPage\\\\\\\\\\\\\\\":1}\\\\\\\"},{\\\\\\\"logType\\\\\\\":\\\\\\\"INFO\\\\\\\",\\\\\\\"address\\\\\\\":\\\\\\\"吉林省辽源市 联通\\\\\\\",\\\\\\\"method\\\\\\\":\\\\\\\"com.bs.demo.controller.admin.LogsController.logList()\\\\\\\",\\\\\\\"createTime\\\\\\\":1643683850000,\\\\\\\"browser\\\\\\\":\\\\\\\"Chrome 97.0.4692.99\\\\\\\",\\\\\\\"description\\\\\\\":\\\\\\\"\\\\\\\",\\\\\\\"logId\\\\\\\":725,\\\\\\\"requestIp\\\\\\\":\\\\\\\"0:0:0:0:0:0:0:1\\\\\\\",\\\\\\\"time\\\\\\\":31,\\\\\\\"userName\\\\\\\":\\\\\\\"admin\\\\\\\",\\\\\\\"params\\\\\\\":\\\\\\\"{\\\\\\\\\\\\\\\"searchText\\\\\\\\\\\\\\\":\\\\\\\\\\\\\\\"\\\\\\\\\\\\\\\",\\\\\\\\\\\\\\\"pageSize\\\\\\\\\\\\\\\":10,\\\\\\\\\\\\\\\"currentPage\\\\\\\\\\\\\\\":1}\\\\\\\"},{\\\\\\\"logType\\\\\\\":\\\\\\\"INFO\\\\\\\",\\\\\\\"address\\\\\\\":\\\\\\\"吉林省辽源市 联通\\\\\\\",\\\\\\\"method\\\\\\\":\\\\\\\"com.bs.demo.controller.admin.LogsController.logList()\\\\\\\",\\\\\\\"createTime\\\\\\\":1643683848000,\\\\\\\"browser\\\\\\\":\\\\\\\"Chrome 97.0.4692.99\\\\\\\",\\\\\\\"description\\\\\\\":\\\\\\\"\\\\\\\",\\\\\\\"logId\\\\\\\":724,\\\\\\\"requestIp\\\\\\\":\\\\\\\"0:0:0:0:0:0:0:1\\\\\\\",\\\\\\\"time\\\\\\\":301,\\\\\\\"userName\\\\\\\":\\\\\\\"admin\\\\\\\",\\\\\\\"params\\\\\\\":\\\\\\\"{\\\\\\\\\\\\\\\"searchText\\\\\\\\\\\\\\\":\\\\\\\\\\\\\\\"\\\\\\\\\\\\\\\",\\\\\\\\\\\\\\\"pageSize\\\\\\\\\\\\\\\":10,\\\\\\\\\\\\\\\"currentPage\\\\\\\\\\\\\\\":1}\\\\\\\"}]\\\"},{\\\"logType\\\":\\\"INFO\\\",\\\"address\\\":\\\"吉林省辽源市 联通\\\",\\\"method\\\":\\\"com.bs.demo.controller.admin.LogsController.logList()\\\",\\\"createTime\\\":1643686071000,\\\"browser\\\":\\\"Chrome 97.0.4692.99\\\",\\\"description\\\":\\\"\\\",\\\"logId\\\":769,\\\"requestIp\\\":\\\"0:0:0:0:0:0:0:1\\\",\\\"time\\\":11,\\\"userName\\\":\\\"admin\\\",\\\"params\\\":\\\"{\\\\\\\"searchText\\\\\\\":\\\\\\\"\\\\\\\",\\\\\\\"pageSize\\\\\\\":10,\\\\\\\"currentPage\\\\\\\":1}\\\"}]\"},{\"logType\":\"INFO\",\"address\":\"吉林省辽源市 联通\",\"method\":\"com.bs.demo.controller.admin.LogsController.logList()\",\"createTime\":1643686073000,\"browser\":\"Chrome 97.0.4692.99\",\"description\":\"\",\"logId\":771,\"requestIp\":\"0:0:0:0:0:0:0:1\",\"time\":12,\"userName\":\"admin\",\"params\":\"{\\\"searchText\\\":\\\"\\\",\\\"pageSize\\\":10,\\\"currentPage\\\":1}\"}]', '0:0:0:0:0:0:0:1', 12, 'admin', '吉林省辽源市 联通', 'Chrome 97.0.4692.99', NULL, '2022-02-01 11:28:33');
INSERT INTO `logs` VALUES (775, '更改角色权限', 'INFO', 'com.bs.demo.controller.admin.RoleMenuController.roleMenuChange()', '{\"roleId\":3,\"menuId\":51}', '0:0:0:0:0:0:0:1', 5, 'admin', '吉林省辽源市 联通', 'Chrome 97.0.4692.99', NULL, '2022-02-01 14:27:32');
INSERT INTO `logs` VALUES (776, '更改角色权限', 'INFO', 'com.bs.demo.controller.admin.RoleMenuController.roleMenuChange()', '{\"roleId\":3,\"menuId\":50}', '0:0:0:0:0:0:0:1', 6, 'admin', '吉林省辽源市 联通', 'Chrome 97.0.4692.99', NULL, '2022-02-01 14:27:32');
INSERT INTO `logs` VALUES (777, '更改角色权限', 'INFO', 'com.bs.demo.controller.admin.RoleMenuController.roleMenuChange()', '{\"roleId\":3,\"menuId\":52}', '0:0:0:0:0:0:0:1', 4, 'admin', '吉林省辽源市 联通', 'Chrome 97.0.4692.99', NULL, '2022-02-01 14:27:32');
INSERT INTO `logs` VALUES (778, '更改角色权限', 'INFO', 'com.bs.demo.controller.admin.RoleMenuController.roleMenuChange()', '{\"roleId\":2,\"menuId\":50}', '0:0:0:0:0:0:0:1', 4, 'admin', '吉林省辽源市 联通', 'Chrome 97.0.4692.99', NULL, '2022-02-01 14:27:38');
INSERT INTO `logs` VALUES (779, '更改角色权限', 'INFO', 'com.bs.demo.controller.admin.RoleMenuController.roleMenuChange()', '{\"roleId\":2,\"menuId\":51}', '0:0:0:0:0:0:0:1', 3, 'admin', '吉林省辽源市 联通', 'Chrome 97.0.4692.99', NULL, '2022-02-01 14:27:38');
INSERT INTO `logs` VALUES (780, '更改角色权限', 'INFO', 'com.bs.demo.controller.admin.RoleMenuController.roleMenuChange()', '{\"roleId\":2,\"menuId\":52}', '0:0:0:0:0:0:0:1', 3, 'admin', '吉林省辽源市 联通', 'Chrome 97.0.4692.99', NULL, '2022-02-01 14:27:39');
INSERT INTO `logs` VALUES (781, '更改角色权限', 'INFO', 'com.bs.demo.controller.admin.RoleMenuController.roleMenuChange()', '{\"roleId\":2,\"menuId\":53}', '0:0:0:0:0:0:0:1', 3, 'admin', '吉林省辽源市 联通', 'Chrome 97.0.4692.99', NULL, '2022-02-01 14:27:40');
INSERT INTO `logs` VALUES (782, '更改角色权限', 'INFO', 'com.bs.demo.controller.admin.RoleMenuController.roleMenuChange()', '{\"roleId\":2,\"menuId\":60}', '0:0:0:0:0:0:0:1', 3, 'admin', '吉林省辽源市 联通', 'Chrome 97.0.4692.99', NULL, '2022-02-01 14:27:40');
INSERT INTO `logs` VALUES (783, '更改角色权限', 'INFO', 'com.bs.demo.controller.admin.RoleMenuController.roleMenuChange()', '{\"roleId\":2,\"menuId\":61}', '0:0:0:0:0:0:0:1', 3, 'admin', '吉林省辽源市 联通', 'Chrome 97.0.4692.99', NULL, '2022-02-01 14:27:42');
INSERT INTO `logs` VALUES (784, '更改角色权限', 'INFO', 'com.bs.demo.controller.admin.RoleMenuController.roleMenuChange()', '{\"roleId\":2,\"menuId\":62}', '0:0:0:0:0:0:0:1', 3, 'admin', '吉林省辽源市 联通', 'Chrome 97.0.4692.99', NULL, '2022-02-01 14:27:43');
INSERT INTO `logs` VALUES (785, '更改角色权限', 'INFO', 'com.bs.demo.controller.admin.RoleMenuController.roleMenuChange()', '{\"roleId\":2,\"menuId\":13}', '0:0:0:0:0:0:0:1', 4, 'admin', '吉林省辽源市 联通', 'Chrome 97.0.4692.99', NULL, '2022-02-01 14:27:45');
INSERT INTO `logs` VALUES (786, '更改角色权限', 'INFO', 'com.bs.demo.controller.admin.RoleMenuController.roleMenuChange()', '{\"roleId\":2,\"menuId\":14}', '0:0:0:0:0:0:0:1', 3, 'admin', '吉林省辽源市 联通', 'Chrome 97.0.4692.99', NULL, '2022-02-01 14:27:46');
INSERT INTO `logs` VALUES (787, '更改角色权限', 'INFO', 'com.bs.demo.controller.admin.RoleMenuController.roleMenuChange()', '{\"roleId\":2,\"menuId\":15}', '0:0:0:0:0:0:0:1', 3, 'admin', '吉林省辽源市 联通', 'Chrome 97.0.4692.99', NULL, '2022-02-01 14:27:47');
INSERT INTO `logs` VALUES (788, '更改角色权限', 'INFO', 'com.bs.demo.controller.admin.RoleMenuController.roleMenuChange()', '{\"roleId\":2,\"menuId\":9}', '0:0:0:0:0:0:0:1', 3, 'admin', '吉林省辽源市 联通', 'Chrome 97.0.4692.99', NULL, '2022-02-01 14:27:49');
INSERT INTO `logs` VALUES (789, '更改角色权限', 'INFO', 'com.bs.demo.controller.admin.RoleMenuController.roleMenuChange()', '{\"roleId\":2,\"menuId\":10}', '0:0:0:0:0:0:0:1', 3, 'admin', '吉林省辽源市 联通', 'Chrome 97.0.4692.99', NULL, '2022-02-01 14:27:50');
INSERT INTO `logs` VALUES (790, '更改角色权限', 'INFO', 'com.bs.demo.controller.admin.RoleMenuController.roleMenuChange()', '{\"roleId\":2,\"menuId\":11}', '0:0:0:0:0:0:0:1', 3, 'admin', '吉林省辽源市 联通', 'Chrome 97.0.4692.99', NULL, '2022-02-01 14:27:50');
INSERT INTO `logs` VALUES (791, '更改角色权限', 'INFO', 'com.bs.demo.controller.admin.RoleMenuController.roleMenuChange()', '{\"roleId\":2,\"menuId\":12}', '0:0:0:0:0:0:0:1', 3, 'admin', '吉林省辽源市 联通', 'Chrome 97.0.4692.99', NULL, '2022-02-01 14:27:51');
INSERT INTO `logs` VALUES (792, '更改角色权限', 'INFO', 'com.bs.demo.controller.admin.RoleMenuController.roleMenuChange()', '{\"roleId\":2,\"menuId\":6}', '0:0:0:0:0:0:0:1', 3, 'admin', '吉林省辽源市 联通', 'Chrome 97.0.4692.99', NULL, '2022-02-01 14:27:53');
INSERT INTO `logs` VALUES (793, '更改角色权限', 'INFO', 'com.bs.demo.controller.admin.RoleMenuController.roleMenuChange()', '{\"roleId\":2,\"menuId\":7}', '0:0:0:0:0:0:0:1', 3, 'admin', '吉林省辽源市 联通', 'Chrome 97.0.4692.99', NULL, '2022-02-01 14:27:53');
INSERT INTO `logs` VALUES (794, '更改角色权限', 'INFO', 'com.bs.demo.controller.admin.RoleMenuController.roleMenuChange()', '{\"roleId\":2,\"menuId\":8}', '0:0:0:0:0:0:0:1', 4, 'admin', '吉林省辽源市 联通', 'Chrome 97.0.4692.99', NULL, '2022-02-01 14:27:54');
INSERT INTO `logs` VALUES (795, '添加菜单', 'INFO', 'com.bs.demo.controller.admin.MenuController.userAdd()', '{\"hasChildren\":0,\"icon\":\"\",\"menuName\":\"公告添加\",\"permission\":\"notice:add\",\"sort\":1,\"type\":2,\"parentId\":61,\"url\":\"\"}', '0:0:0:0:0:0:0:1', 9, 'admin', '吉林省辽源市 联通', 'Chrome 97.0.4692.99', NULL, '2022-02-01 15:16:59');
INSERT INTO `logs` VALUES (796, '添加菜单', 'INFO', 'com.bs.demo.controller.admin.MenuController.userAdd()', '{\"hasChildren\":0,\"icon\":\"\",\"menuName\":\"公告修改\",\"permission\":\"notice:edit\",\"sort\":2,\"type\":2,\"parentId\":0,\"url\":\"\"}', '0:0:0:0:0:0:0:1', 2, 'admin', '吉林省辽源市 联通', 'Chrome 97.0.4692.99', NULL, '2022-02-01 15:17:31');
INSERT INTO `logs` VALUES (797, '修改菜单', 'INFO', 'com.bs.demo.controller.admin.MenuController.userEdit()', '{\"hasChildren\":0,\"icon\":\"\",\"menuId\":610,\"menuName\":\"公告修改\",\"permission\":\"notice:edit\",\"sort\":2,\"type\":2,\"parentId\":61,\"url\":\"\"}', '0:0:0:0:0:0:0:1', 27, 'admin', '吉林省辽源市 联通', 'Chrome 97.0.4692.99', NULL, '2022-02-01 15:17:42');
INSERT INTO `logs` VALUES (798, '添加菜单', 'INFO', 'com.bs.demo.controller.admin.MenuController.userAdd()', '{\"hasChildren\":0,\"icon\":\"\",\"menuId\":610,\"menuName\":\"公告删除\",\"permission\":\"notice:del\",\"sort\":3,\"type\":2,\"parentId\":61,\"url\":\"\"}', '0:0:0:0:0:0:0:1', 2, 'admin', '吉林省辽源市 联通', 'Chrome 97.0.4692.99', NULL, '2022-02-01 15:18:25');
INSERT INTO `logs` VALUES (799, '更改角色权限', 'INFO', 'com.bs.demo.controller.admin.RoleMenuController.roleMenuChange()', '{\"roleId\":1,\"menuId\":609}', '0:0:0:0:0:0:0:1', 3, 'admin', '吉林省辽源市 联通', 'Chrome 97.0.4692.99', NULL, '2022-02-01 15:18:42');
INSERT INTO `logs` VALUES (800, '更改角色权限', 'INFO', 'com.bs.demo.controller.admin.RoleMenuController.roleMenuChange()', '{\"roleId\":1,\"menuId\":610}', '0:0:0:0:0:0:0:1', 3, 'admin', '吉林省辽源市 联通', 'Chrome 97.0.4692.99', NULL, '2022-02-01 15:18:42');
INSERT INTO `logs` VALUES (801, '更改角色权限', 'INFO', 'com.bs.demo.controller.admin.RoleMenuController.roleMenuChange()', '{\"roleId\":1,\"menuId\":611}', '0:0:0:0:0:0:0:1', 3, 'admin', '吉林省辽源市 联通', 'Chrome 97.0.4692.99', NULL, '2022-02-01 15:18:43');
INSERT INTO `logs` VALUES (802, '更改角色权限', 'INFO', 'com.bs.demo.controller.admin.RoleMenuController.roleMenuChange()', '{\"roleId\":1,\"menuId\":611}', '0:0:0:0:0:0:0:1', 3, 'admin', '吉林省辽源市 联通', 'Chrome 97.0.4692.99', NULL, '2022-02-01 15:18:46');
INSERT INTO `logs` VALUES (803, '更改角色权限', 'INFO', 'com.bs.demo.controller.admin.RoleMenuController.roleMenuChange()', '{\"roleId\":1,\"menuId\":610}', '0:0:0:0:0:0:0:1', 3, 'admin', '吉林省辽源市 联通', 'Chrome 97.0.4692.99', NULL, '2022-02-01 15:18:47');
INSERT INTO `logs` VALUES (804, '更改角色权限', 'INFO', 'com.bs.demo.controller.admin.RoleMenuController.roleMenuChange()', '{\"roleId\":1,\"menuId\":609}', '0:0:0:0:0:0:0:1', 2, 'admin', '吉林省辽源市 联通', 'Chrome 97.0.4692.99', NULL, '2022-02-01 15:18:48');
INSERT INTO `logs` VALUES (805, '更改角色权限', 'INFO', 'com.bs.demo.controller.admin.RoleMenuController.roleMenuChange()', '{\"roleId\":1,\"menuId\":63}', '0:0:0:0:0:0:0:1', 3, 'admin', '吉林省辽源市 联通', 'Chrome 97.0.4692.99', NULL, '2022-02-01 15:19:47');
INSERT INTO `logs` VALUES (806, '更改角色权限', 'INFO', 'com.bs.demo.controller.admin.RoleMenuController.roleMenuChange()', '{\"roleId\":1,\"menuId\":64}', '0:0:0:0:0:0:0:1', 3, 'admin', '吉林省辽源市 联通', 'Chrome 97.0.4692.99', NULL, '2022-02-01 15:19:47');
INSERT INTO `logs` VALUES (807, '更改角色权限', 'INFO', 'com.bs.demo.controller.admin.RoleMenuController.roleMenuChange()', '{\"roleId\":1,\"menuId\":611}', '0:0:0:0:0:0:0:1', 3, 'admin', '吉林省辽源市 联通', 'Chrome 97.0.4692.99', NULL, '2022-02-01 15:19:48');
INSERT INTO `logs` VALUES (808, '修改用户', 'INFO', 'com.bs.demo.controller.admin.UserController.userEdit()', '{\"nickName\":\"test\",\"roleId\":2,\"sex\":\"0\",\"description\":\"管理员\",\"updateUser\":\"admin\",\"updateTime\":1643660063000,\"avatar\":\"\",\"userName\":\"test\",\"userId\":2,\"password\":\"$2a$10$2fUxxn89LdzugrEJIMBLm.gHqLu92iutIr4jeCJF1dQ/lGSVACL26\",\"phone\":\"13740250781\",\"createTime\":1643417748000,\"roleName\":\"OPERATOR\",\"createUser\":\"admin\",\"email\":\"123456@qq.com\",\"status\":0}', '0:0:0:0:0:0:0:1', 17, 'admin', '吉林省辽源市 联通', 'Chrome 97.0.4692.99', NULL, '2022-02-01 16:05:43');
INSERT INTO `logs` VALUES (809, '修改菜单', 'INFO', 'com.bs.demo.controller.admin.RoleController.userEdit()', '{\"roleId\":4,\"roleName\":\"ASD\",\"description\":\"ASDASD\"}', '0:0:0:0:0:0:0:1', 10, 'admin', '吉林省辽源市 联通', 'Chrome 97.0.4692.99', NULL, '2022-02-01 17:47:59');
INSERT INTO `logs` VALUES (810, '修改菜单', 'INFO', 'com.bs.demo.controller.admin.RoleController.userEdit()', '{\"roleId\":4,\"roleName\":\"ASDASD\",\"description\":\"ASDASD\"}', '0:0:0:0:0:0:0:1', 7, 'admin', '吉林省辽源市 联通', 'Chrome 97.0.4692.99', NULL, '2022-02-01 17:48:03');
INSERT INTO `logs` VALUES (811, '添加菜单', 'INFO', 'com.bs.demo.controller.admin.MenuController.userAdd()', '{\"hasChildren\":0,\"icon\":\"Steve-Jobs\",\"menuName\":\"TRE\",\"permission\":\"\",\"sort\":0,\"type\":0,\"parentId\":0,\"url\":\"123\"}', '0:0:0:0:0:0:0:1', 5, 'admin', '吉林省辽源市 联通', 'Chrome 97.0.4692.99', NULL, '2022-02-01 17:48:30');
INSERT INTO `logs` VALUES (812, '修改菜单', 'INFO', 'com.bs.demo.controller.admin.MenuController.userEdit()', '{\"hasChildren\":0,\"icon\":\"Steve-Jobs\",\"menuId\":612,\"menuName\":\"TRE123\",\"permission\":\"\",\"sort\":0,\"type\":0,\"parentId\":0,\"url\":\"123123\"}', '0:0:0:0:0:0:0:1', 8, 'admin', '吉林省辽源市 联通', 'Chrome 97.0.4692.99', NULL, '2022-02-01 17:48:36');
INSERT INTO `logs` VALUES (813, '删除菜单', 'INFO', 'com.bs.demo.controller.admin.MenuController.deleteRole()', '[{\"createTime\":1643708910000,\"hasChildren\":0,\"icon\":\"Steve-Jobs\",\"menuId\":612,\"menuName\":\"TRE123\",\"permission\":\"\",\"updateTime\":1643708916000,\"sort\":0,\"type\":0,\"parentId\":0,\"url\":\"123123\"}]', '0:0:0:0:0:0:0:1', 8, 'admin', '吉林省辽源市 联通', 'Chrome 97.0.4692.99', NULL, '2022-02-01 17:48:39');
INSERT INTO `logs` VALUES (814, '修改用户', 'INFO', 'com.bs.demo.controller.admin.UserController.userEdit()', '{\"phone\":\"13940250784\",\"nickName\":\"aaa\",\"roleId\":2,\"sex\":\"1\",\"roleName\":\"\",\"description\":\"\",\"userName\":\"aaa\",\"userId\":3,\"email\":\"123456789@qq.com\",\"status\":1}', '0:0:0:0:0:0:0:1', 14, 'admin', '吉林省辽源市 联通', 'Chrome 97.0.4692.99', NULL, '2022-02-01 17:48:46');
INSERT INTO `logs` VALUES (815, '修改用户', 'INFO', 'com.bs.demo.controller.admin.UserController.userEdit()', '{\"phone\":\"13940250784\",\"nickName\":\"aaa123\",\"roleId\":2,\"sex\":\"1\",\"roleName\":\"\",\"description\":\"\",\"userName\":\"aaa\",\"userId\":3,\"email\":\"123456789@qq.com\",\"status\":1}', '0:0:0:0:0:0:0:1', 7, 'admin', '吉林省辽源市 联通', 'Chrome 97.0.4692.99', NULL, '2022-02-01 17:48:51');
INSERT INTO `logs` VALUES (816, '添加公告', 'INFO', 'com.bs.demo.controller.admin.NoticeController.noticeAdd()', '{\"noticeContent\":\"asdasd\",\"noticeImg\":\"asd\",\"updateUser\":\"\",\"createUser\":\"1\",\"noticeId\":0,\"noticeTitle\":\"asd\"}', '0:0:0:0:0:0:0:1', 147, 'admin', '吉林省辽源市 联通', 'Chrome 97.0.4692.99', NULL, '2022-02-01 17:54:40');
INSERT INTO `logs` VALUES (817, '修改公告', 'INFO', 'com.bs.demo.controller.admin.NoticeController.noticeEdit()', '{\"noticeContent\":\"qweqwewqe\",\"noticeImg\":\"weqweqweqw\",\"updateUser\":\"\",\"createUser\":\"\",\"noticeId\":1,\"noticeTitle\":\"qweq\"}', '0:0:0:0:0:0:0:1', 58, 'admin', '吉林省辽源市 联通', 'Chrome 97.0.4692.99', NULL, '2022-02-01 17:55:07');
INSERT INTO `logs` VALUES (818, '更改角色权限', 'INFO', 'com.bs.demo.controller.admin.RoleMenuController.roleMenuChange()', '{\"roleId\":1,\"menuId\":65}', '0:0:0:0:0:0:0:1', 15, 'admin', '吉林省辽源市 联通', 'Chrome 97.0.4692.99', NULL, '2022-02-01 18:57:13');
INSERT INTO `logs` VALUES (819, '添加角色', 'INFO', 'com.bs.demo.controller.admin.RoleController.userAdd()', '{}', '0:0:0:0:0:0:0:1', 0, 'admin', '吉林省辽源市 联通', 'Chrome 97.0.4692.99', NULL, '2022-02-01 19:18:00');
INSERT INTO `logs` VALUES (820, '添加公告', 'INFO', 'com.bs.demo.controller.admin.NoticeController.noticeAdd()', '{\"noticeContent\":\"123\",\"noticeImg\":\"\",\"noticeTitle\":\"123\"}', '0:0:0:0:0:0:0:1', 16, 'admin', '吉林省辽源市 联通', 'Chrome 97.0.4692.99', NULL, '2022-02-01 19:18:39');
INSERT INTO `logs` VALUES (821, '修改公告', 'INFO', 'com.bs.demo.controller.admin.NoticeController.noticeEdit()', '{\"noticeContent\":\"123123\",\"noticeImg\":\"\",\"noticeId\":2,\"noticeTitle\":\"123123\"}', '0:0:0:0:0:0:0:1', 10, 'admin', '吉林省辽源市 联通', 'Chrome 97.0.4692.99', NULL, '2022-02-01 19:18:45');
INSERT INTO `logs` VALUES (822, '删除公告', 'INFO', 'com.bs.demo.controller.admin.NoticeController.deleteNotice()', '[{\"noticeContent\":\"123123\",\"noticeImg\":\"\",\"createTime\":1643714319000,\"updateUser\":\"admin\",\"createUser\":\"admin\",\"updateTime\":1643714324000,\"noticeId\":2,\"noticeTitle\":\"123123\"},{\"noticeContent\":\"qweqwewqe\",\"noticeImg\":\"weqweqweqw\",\"createTime\":1643709280000,\"updateUser\":\"admin\",\"createUser\":\"admin\",\"updateTime\":1643709306000,\"noticeId\":1,\"noticeTitle\":\"qweq\"}]', '0:0:0:0:0:0:0:1', 12, 'admin', '吉林省辽源市 联通', 'Chrome 97.0.4692.99', NULL, '2022-02-01 19:24:12');
INSERT INTO `logs` VALUES (823, '添加公告', 'INFO', 'com.bs.demo.controller.admin.NoticeController.noticeAdd()', '{\"noticeContent\":\"1231231231\",\"noticeImg\":\"\",\"noticeTitle\":\"123123123\"}', '0:0:0:0:0:0:0:1', 4, 'admin', '吉林省辽源市 联通', 'Chrome 97.0.4692.99', NULL, '2022-02-01 19:28:57');
INSERT INTO `logs` VALUES (824, '添加公告', 'INFO', 'com.bs.demo.controller.admin.NoticeController.noticeAdd()', '{\"noticeContent\":\"123213\",\"noticeImg\":\"\",\"noticeTitle\":\"123123\"}', '0:0:0:0:0:0:0:1', 3, 'admin', '吉林省辽源市 联通', 'Chrome 97.0.4692.99', NULL, '2022-02-01 19:30:46');
INSERT INTO `logs` VALUES (825, '添加公告', 'INFO', 'com.bs.demo.controller.admin.NoticeController.noticeAdd()', '{\"noticeContent\":\"123213\",\"noticeImg\":\"\",\"noticeTitle\":\"1231\"}', '0:0:0:0:0:0:0:1', 6, 'admin', '吉林省辽源市 联通', 'Chrome 97.0.4692.99', NULL, '2022-02-01 19:31:25');
INSERT INTO `logs` VALUES (826, '修改公告', 'INFO', 'com.bs.demo.controller.admin.NoticeController.noticeEdit()', '{\"noticeContent\":\"123213123123\",\"noticeImg\":\"\",\"noticeId\":5,\"noticeTitle\":\"1231123213\"}', '0:0:0:0:0:0:0:1', 8, 'admin', '吉林省辽源市 联通', 'Chrome 97.0.4692.99', NULL, '2022-02-01 19:31:31');
INSERT INTO `logs` VALUES (827, '删除公告', 'INFO', 'com.bs.demo.controller.admin.NoticeController.deleteNotice()', '[{\"noticeContent\":\"123213123123\",\"noticeImg\":\"\",\"createTime\":1643715085000,\"updateUser\":\"admin\",\"createUser\":\"admin\",\"updateTime\":1643715091000,\"noticeId\":5,\"noticeTitle\":\"1231123213\"}]', '0:0:0:0:0:0:0:1', 2, 'admin', '吉林省辽源市 联通', 'Chrome 97.0.4692.99', NULL, '2022-02-01 19:31:34');
INSERT INTO `logs` VALUES (828, '删除公告', 'INFO', 'com.bs.demo.controller.admin.NoticeController.deleteNotice()', '[{\"noticeContent\":\"123213\",\"noticeImg\":\"\",\"createTime\":1643715045000,\"createUser\":\"admin\",\"noticeId\":4,\"noticeTitle\":\"123123\"}]', '0:0:0:0:0:0:0:1', 2, 'admin', '吉林省辽源市 联通', 'Chrome 97.0.4692.99', NULL, '2022-02-01 19:31:36');
INSERT INTO `logs` VALUES (829, '删除公告', 'INFO', 'com.bs.demo.controller.admin.NoticeController.deleteNotice()', '[{\"noticeContent\":\"1231231231\",\"noticeImg\":\"\",\"createTime\":1643714937000,\"createUser\":\"admin\",\"noticeId\":3,\"noticeTitle\":\"123123123\"}]', '0:0:0:0:0:0:0:1', 2, 'admin', '吉林省辽源市 联通', 'Chrome 97.0.4692.99', NULL, '2022-02-01 19:31:39');
INSERT INTO `logs` VALUES (830, '添加菜单', 'INFO', 'com.bs.demo.controller.admin.MenuController.userAdd()', '{\"hasChildren\":0,\"icon\":\"alipay\",\"menuName\":\"支付宝工具\",\"permission\":\"ali:edit\",\"sort\":3,\"type\":1,\"parentId\":60,\"url\":\"/utils/alipay\"}', '0:0:0:0:0:0:0:1', 19, 'admin', '吉林省辽源市 联通', 'Chrome 97.0.4692.99', NULL, '2022-02-02 12:56:24');
INSERT INTO `logs` VALUES (831, '更改角色权限', 'INFO', 'com.bs.demo.controller.admin.RoleMenuController.roleMenuChange()', '{\"roleId\":1,\"menuId\":613}', '0:0:0:0:0:0:0:1', 5, 'admin', '吉林省辽源市 联通', 'Chrome 97.0.4692.99', NULL, '2022-02-02 12:56:33');
INSERT INTO `logs` VALUES (832, '添加公告', 'INFO', 'com.bs.demo.controller.admin.NoticeController.noticeAdd()', '{\"noticeContent\":\"123\",\"noticeImg\":\"\",\"noticeTitle\":\"123\"}', '0:0:0:0:0:0:0:1', 37, 'admin', '吉林省辽源市 联通', 'Chrome 97.0.4692.99', NULL, '2022-02-02 14:48:55');
INSERT INTO `logs` VALUES (833, '添加菜单', 'INFO', 'com.bs.demo.controller.admin.MenuController.userAdd()', '{\"hasChildren\":0,\"icon\":\"\",\"menuName\":\"修改配置\",\"permission\":\"alipay:config:change\",\"sort\":1,\"type\":2,\"parentId\":66,\"url\":\"\"}', '0:0:0:0:0:0:0:1', 50, 'admin', '吉林省辽源市 联通', 'Chrome 97.0.4692.99', NULL, '2022-02-02 15:11:13');
INSERT INTO `logs` VALUES (834, '更改角色权限', 'INFO', 'com.bs.demo.controller.admin.RoleMenuController.roleMenuChange()', '{\"roleId\":1,\"menuId\":614}', '0:0:0:0:0:0:0:1', 4, 'admin', '吉林省辽源市 联通', 'Chrome 97.0.4692.99', NULL, '2022-02-02 15:11:25');
INSERT INTO `logs` VALUES (835, '更改角色权限', 'INFO', 'com.bs.demo.controller.admin.RoleMenuController.roleMenuChange()', '{\"roleId\":1,\"menuId\":67}', '0:0:0:0:0:0:0:1', 7, 'admin', '吉林省辽源市 联通', 'Chrome 97.0.4692.99', NULL, '2022-02-02 15:17:58');
INSERT INTO `logs` VALUES (836, '更改角色权限', 'INFO', 'com.bs.demo.controller.admin.RoleMenuController.roleMenuChange()', '{\"roleId\":1,\"menuId\":67}', '0:0:0:0:0:0:0:1', 4, 'admin', '吉林省辽源市 联通', 'Chrome 97.0.4692.99', NULL, '2022-02-02 15:18:22');
INSERT INTO `logs` VALUES (837, '删除菜单', 'INFO', 'com.bs.demo.controller.admin.MenuController.deleteRole()', '[{\"createTime\":1643785873000,\"hasChildren\":0,\"icon\":\"\",\"menuId\":67,\"menuName\":\"修改配置\",\"permission\":\"alipay:config:change\",\"updateTime\":1643785892000,\"sort\":1,\"type\":2,\"parentId\":66,\"url\":\"\"}]', '0:0:0:0:0:0:0:1', 7, 'admin', '吉林省辽源市 联通', 'Chrome 97.0.4692.99', NULL, '2022-02-02 15:19:42');
INSERT INTO `logs` VALUES (838, '修改用户', 'INFO', 'com.bs.demo.controller.admin.UserController.userEdit()', '{\"nickName\":\"test\",\"roleId\":2,\"sex\":\"0\",\"description\":\"管理员\",\"updateUser\":\"admin\",\"updateTime\":1643702743000,\"avatar\":\"\",\"userName\":\"test\",\"userId\":2,\"password\":\"$2a$10$2fUxxn89LdzugrEJIMBLm.gHqLu92iutIr4jeCJF1dQ/lGSVACL26\",\"phone\":\"13740250781\",\"createTime\":1643417748000,\"roleName\":\"OPERATOR\",\"createUser\":\"admin\",\"email\":\"123456@qq.com\",\"status\":1}', '0:0:0:0:0:0:0:1', 40, 'admin', '吉林省辽源市 联通', 'Chrome 97.0.4692.99', NULL, '2022-02-02 17:19:21');
INSERT INTO `logs` VALUES (839, '修改菜单', 'INFO', 'com.bs.demo.controller.admin.MenuController.userEdit()', '{\"hasChildren\":0,\"icon\":\"gonggao\",\"menuId\":61,\"menuName\":\"公告管理\",\"permission\":\"notice:list\",\"sort\":61,\"type\":1,\"parentId\":60,\"url\":\"/utils/notice\"}', '0:0:0:0:0:0:0:1', 7, 'admin', '吉林省辽源市 联通', 'Chrome 97.0.4692.99', NULL, '2022-02-02 17:44:19');
INSERT INTO `logs` VALUES (840, '添加公告', 'INFO', 'com.bs.demo.controller.admin.NoticeController.noticeAdd()', '{\"noticeContent\":\"123\",\"noticeImg\":\"\",\"noticeTitle\":\"123\"}', '0:0:0:0:0:0:0:1', 17, 'admin', '吉林省辽源市 联通', 'Chrome 97.0.4692.99', NULL, '2022-02-02 19:22:04');
INSERT INTO `logs` VALUES (841, '添加公告', 'INFO', 'com.bs.demo.controller.admin.NoticeController.noticeAdd()', '{\"noticeContent\":\"123\",\"noticeImg\":\"\",\"noticeTitle\":\"123\"}', '0:0:0:0:0:0:0:1', 27902, 'admin', '吉林省辽源市 联通', 'Chrome 97.0.4692.99', NULL, '2022-02-02 19:24:06');
INSERT INTO `logs` VALUES (842, '添加公告', 'INFO', 'com.bs.demo.controller.admin.NoticeController.noticeAdd()', '{\"noticeContent\":\"123\",\"noticeImg\":\"\",\"noticeTitle\":\"123\"}', '0:0:0:0:0:0:0:1', 1761, 'admin', '吉林省辽源市 联通', 'Chrome 97.0.4692.99', NULL, '2022-02-02 19:24:18');
INSERT INTO `logs` VALUES (843, '添加公告', 'INFO', 'com.bs.demo.controller.admin.NoticeController.noticeAdd()', '{\"noticeContent\":\"123\",\"noticeImg\":\"\",\"noticeTitle\":\"123\"}', '0:0:0:0:0:0:0:1', 13, 'admin', '吉林省辽源市 联通', 'Chrome 97.0.4692.99', NULL, '2022-02-02 19:25:34');
INSERT INTO `logs` VALUES (844, '添加公告', 'INFO', 'com.bs.demo.controller.admin.NoticeController.noticeAdd()', '{\"noticeContent\":\"123\",\"noticeImg\":\"\",\"noticeTitle\":\"213\"}', '0:0:0:0:0:0:0:1', 2, 'admin', '吉林省辽源市 联通', 'Chrome 97.0.4692.99', NULL, '2022-02-02 19:25:46');
INSERT INTO `logs` VALUES (845, '添加公告', 'INFO', 'com.bs.demo.controller.admin.NoticeController.noticeAdd()', '{\"noticeContent\":\"123\",\"noticeImg\":\"\",\"noticeTitle\":\"123\"}', '0:0:0:0:0:0:0:1', 186392, 'admin', '吉林省辽源市 联通', 'Chrome 97.0.4692.99', NULL, '2022-02-02 19:29:03');
INSERT INTO `logs` VALUES (846, '添加公告', 'INFO', 'com.bs.demo.controller.admin.NoticeController.noticeAdd()', '{\"noticeContent\":\"123\",\"noticeImg\":\"\",\"noticeTitle\":\"123\"}', '0:0:0:0:0:0:0:1', 1808, 'admin', '吉林省辽源市 联通', 'Chrome 97.0.4692.99', NULL, '2022-02-02 19:29:22');
INSERT INTO `logs` VALUES (847, '更改角色权限', 'INFO', 'com.bs.demo.controller.admin.RoleMenuController.roleMenuChange()', '{\"roleId\":2,\"menuId\":66}', '0:0:0:0:0:0:0:1', 12, 'admin', '吉林省辽源市 联通', 'Chrome 97.0.4692.99', NULL, '2022-02-02 19:38:53');
INSERT INTO `logs` VALUES (848, '更改角色权限', 'INFO', 'com.bs.demo.controller.admin.RoleMenuController.roleMenuChange()', '{\"roleId\":2,\"menuId\":60}', '0:0:0:0:0:0:0:1', 7, 'admin', '吉林省辽源市 联通', 'Chrome 97.0.4692.99', NULL, '2022-02-02 19:38:54');
INSERT INTO `logs` VALUES (849, '支付宝PC网页支付测试', 'ERROR', 'com.bs.demo.controller.admin.AlipayController.toPayAsPc()', '{\"totalAmount\":\"123\",\"subject\":\"123\",\"body\":\"123\"}', '0:0:0:0:0:0:0:1', 160, 'admin', '吉林省辽源市 联通', 'Chrome 97.0.4692.99', 'java.lang.NullPointerException\r\n	at com.bs.demo.controller.admin.AlipayController.toPayAsPc(AlipayController.java:61)\r\n	at com.bs.demo.controller.admin.AlipayController$$FastClassBySpringCGLIB$$93a6afbc.invoke(<generated>)\r\n	at org.springframework.cglib.proxy.MethodProxy.invoke(MethodProxy.java:218)\r\n	at org.springframework.aop.framework.CglibAopProxy$CglibMethodInvocation.invokeJoinpoint(CglibAopProxy.java:783)\r\n	at org.springframework.aop.framework.ReflectiveMethodInvocation.proceed(ReflectiveMethodInvocation.java:163)\r\n	at org.springframework.aop.framework.CglibAopProxy$CglibMethodInvocation.proceed(CglibAopProxy.java:753)\r\n	at org.springframework.aop.aspectj.AspectJAfterThrowingAdvice.invoke(AspectJAfterThrowingAdvice.java:64)\r\n	at org.springframework.aop.framework.ReflectiveMethodInvocation.proceed(ReflectiveMethodInvocation.java:175)\r\n	at org.springframework.aop.framework.CglibAopProxy$CglibMethodInvocation.proceed(CglibAopProxy.java:753)\r\n	at org.springframework.aop.aspectj.MethodInvocationProceedingJoinPoint.proceed(MethodInvocationProceedingJoinPoint.java:89)\r\n	at com.bs.demo.common.LogAspect.logAround(LogAspect.java:67)\r\n	at sun.reflect.NativeMethodAccessorImpl.invoke0(Native Method)\r\n	at sun.reflect.NativeMethodAccessorImpl.invoke(NativeMethodAccessorImpl.java:62)\r\n	at sun.reflect.DelegatingMethodAccessorImpl.invoke(DelegatingMethodAccessorImpl.java:43)\r\n	at java.lang.reflect.Method.invoke(Method.java:498)\r\n	at org.springframework.aop.aspectj.AbstractAspectJAdvice.invokeAdviceMethodWithGivenArgs(AbstractAspectJAdvice.java:634)\r\n	at org.springframework.aop.aspectj.AbstractAspectJAdvice.invokeAdviceMethod(AbstractAspectJAdvice.java:624)\r\n	at org.springframework.aop.aspectj.AspectJAroundAdvice.invoke(AspectJAroundAdvice.java:72)\r\n	at org.springframework.aop.framework.ReflectiveMethodInvocation.proceed(ReflectiveMethodInvocation.java:175)\r\n	at org.springframework.aop.framework.CglibAopProxy$CglibMethodInvocation.proceed(CglibAopProxy.java:753)\r\n	at org.springframework.aop.interceptor.ExposeInvocationInterceptor.invoke(ExposeInvocationInterceptor.java:97)\r\n	at org.springframework.aop.framework.ReflectiveMethodInvocation.proceed(ReflectiveMethodInvocation.java:186)\r\n	at org.springframework.aop.framework.CglibAopProxy$CglibMethodInvocation.proceed(CglibAopProxy.java:753)\r\n	at org.springframework.aop.framework.CglibAopProxy$DynamicAdvisedInterceptor.intercept(CglibAopProxy.java:698)\r\n	at com.bs.demo.controller.admin.AlipayController$$EnhancerBySpringCGLIB$$a8fcb23d.toPayAsPc(<generated>)\r\n	at sun.reflect.NativeMethodAccessorImpl.invoke0(Native Method)\r\n	at sun.reflect.NativeMethodAccessorImpl.invoke(NativeMethodAccessorImpl.java:62)\r\n	at sun.reflect.DelegatingMethodAccessorImpl.invoke(DelegatingMethodAccessorImpl.java:43)\r\n	at java.lang.reflect.Method.invoke(Method.java:498)\r\n	at org.springframework.web.method.support.InvocableHandlerMethod.doInvoke(InvocableHandlerMethod.java:205)\r\n	at org.springframework.web.method.support.InvocableHandlerMethod.invokeForRequest(InvocableHandlerMethod.java:150)\r\n	at org.springframework.web.servlet.mvc.method.annotation.ServletInvocableHandlerMethod.invokeAndHandle(ServletInvocableHandlerMethod.java:117)\r\n	at org.springframework.web.servlet.mvc.method.annotation.RequestMappingHandlerAdapter.invokeHandlerMethod(RequestMappingHandlerAdapter.java:895)\r\n	at org.springframework.web.servlet.mvc.method.annotation.RequestMappingHandlerAdapter.handleInternal(RequestMappingHandlerAdapter.java:808)\r\n	at org.springframework.web.servlet.mvc.method.AbstractHandlerMethodAdapter.handle(AbstractHandlerMethodAdapter.java:87)\r\n	at org.springframework.web.servlet.DispatcherServlet.doDispatch(DispatcherServlet.java:1067)\r\n	at org.springframework.web.servlet.DispatcherServlet.doService(DispatcherServlet.java:963)\r\n	at org.springframework.web.servlet.FrameworkServlet.processRequest(FrameworkServlet.java:1006)\r\n	at org.springframework.web.servlet.FrameworkServlet.doPost(FrameworkServlet.java:909)\r\n	at javax.servlet.http.HttpServlet.service(HttpServlet.java:681)\r\n	at org.springframework.web.servlet.FrameworkServlet.service(FrameworkServlet.java:883)\r\n	at javax.servlet.http.HttpServlet.service(HttpServlet.java:764)\r\n	at org.apache.catalina.core.ApplicationFilterChain.internalDoFilter(ApplicationFilterChain.java:227)\r\n	at org.apache.catalina.core.ApplicationFilterChain.doFilter(ApplicationFilterChain.java:162)\r\n	at org.apache.tomcat.websocket.server.WsFilter.doFilter(WsFilter.java:53)\r\n	at org.apache.catalina.core.ApplicationFilterChain.internalDoFilter(ApplicationFilterChain.java:189)\r\n	at org.apache.catalina.core.ApplicationFilterChain.doFilter(ApplicationFilterChain.java:162)\r\n	at com.github.xiaoymin.swaggerbootstrapui.filter.SecurityBasicAuthFilter.doFilter(SecurityBasicAuthFilter.java:84)\r\n	at org.apache.catalina.core.ApplicationFilterChain.internalDoFilter(ApplicationFilterChain.java:189)\r\n	at org.apache.catalina.core.ApplicationFilterChain.doFilter(ApplicationFilterChain.java:162)\r\n	at com.github.xiaoymin.swaggerbootstrapui.filter.ProductionSecurityFilter.doFilter(ProductionSecurityFilter.java:53)\r\n	at org.apache.catalina.core.ApplicationFilterChain.internalDoFilter(ApplicationFilterChain.java:189)\r\n	at org.apache.catalina.core.ApplicationFilterChain.doFilter(ApplicationFilterChain.java:162)\r\n	at org.springframework.web.filter.OncePerRequestFilter.doFilter(OncePerRequestFilter.java:113)\r\n	at org.apache.catalina.core.ApplicationFilterChain.internalDoFilter(ApplicationFilterChain.java:189)\r\n	at org.apache.catalina.core.ApplicationFilterChain.doFilter(ApplicationFilterChain.java:162)\r\n	at com.alibaba.druid.support.http.WebStatFilter.doFilter(WebStatFilter.java:124)\r\n	at org.apache.catalina.core.ApplicationFilterChain.internalDoFilter(ApplicationFilterChain.java:189)\r\n	at org.apache.catalina.core.ApplicationFilterChain.doFilter(ApplicationFilterChain.java:162)\r\n	at org.springframework.security.web.FilterChainProxy$VirtualFilterChain.doFilter(FilterChainProxy.java:327)\r\n	at org.springframework.security.web.access.intercept.FilterSecurityInterceptor.invoke(FilterSecurityInterceptor.java:115)\r\n	at org.springframework.security.web.access.intercept.FilterSecurityInterceptor.doFilter(FilterSecurityInterceptor.java:81)\r\n	at org.springframework.security.web.FilterChainProxy$VirtualFilterChain.doFilter(FilterChainProxy.java:336)\r\n	at org.springframework.security.web.access.ExceptionTranslationFilter.doFilter(ExceptionTranslationFilter.java:121)\r\n	at org.springframework.security.web.access.ExceptionTranslationFilter.doFilter(ExceptionTranslationFilter.java:115)\r\n	at org.springframework.security.web.FilterChainProxy$VirtualFilterChain.doFilter(FilterChainProxy.java:336)\r\n	at org.springframework.security.web.session.SessionManagementFilter.doFilter(SessionManagementFilter.java:126)\r\n	at org.springframework.security.web.session.SessionManagementFilter.doFilter(SessionManagementFilter.java:81)\r\n	at org.springframework.security.web.FilterChainProxy$VirtualFilterChain.doFilter(FilterChainProxy.java:336)\r\n	at org.springframework.security.web.authentication.AnonymousAuthenticationFilter.doFilter(AnonymousAuthenticationFilter.java:105)\r\n	at org.springframework.security.web.FilterChainProxy$VirtualFilterChain.doFilter(FilterChainProxy.java:336)\r\n	at org.springframework.security.web.authentication.rememberme.RememberMeAuthenticationFilter.doFilter(RememberMeAuthenticationFilter.java:101)\r\n	at org.springframework.security.web.authentication.rememberme.RememberMeAuthenticationFilter.doFilter(RememberMeAuthenticationFilter.java:92)\r\n	at org.springframework.security.web.FilterChainProxy$VirtualFilterChain.doFilter(FilterChainProxy.java:336)\r\n	at org.springframework.security.web.servletapi.SecurityContextHolderAwareRequestFilter.doFilter(SecurityContextHolderAwareRequestFilter.java:149)\r\n	at org.springframework.security.web.FilterChainProxy$VirtualFilterChain.doFilter(FilterChainProxy.java:336)\r\n	at org.springframework.security.web.savedrequest.RequestCacheAwareFilter.doFilter(RequestCacheAwareFilter.java:63)\r\n	at org.springframework.security.web.FilterChainProxy$VirtualFilterChain.doFilter(FilterChainProxy.java:336)\r\n	at org.springframework.security.web.authentication.AbstractAuthenticationProcessingFilter.doFilter(AbstractAuthenticationProcessingFilter.java:218)\r\n	at org.springframework.security.web.authentication.AbstractAuthenticationProcessingFilter.doFilter(AbstractAuthenticationProcessingFilter.java:212)\r\n	at org.springframework.security.web.FilterChainProxy$VirtualFilterChain.doFilter(FilterChainProxy.java:336)\r\n	at com.bs.demo.security.VerifyCodeFilter.doFilterInternal(VerifyCodeFilter.java:58)\r\n	at org.springframework.web.filter.OncePerRequestFilter.doFilter(OncePerRequestFilter.java:119)\r\n	at org.springframework.security.web.FilterChainProxy$VirtualFilterChain.doFilter(FilterChainProxy.java:336)\r\n	at org.springframework.security.web.authentication.logout.LogoutFilter.doFilter(LogoutFilter.java:103)\r\n	at org.springframework.security.web.authentication.logout.LogoutFilter.doFilter(LogoutFilter.java:89)\r\n	at org.springframework.security.web.FilterChainProxy$VirtualFilterChain.doFilter(FilterChainProxy.java:336)\r\n	at org.springframework.web.filter.CorsFilter.doFilterInternal(CorsFilter.java:91)\r\n	at org.springframework.web.filter.OncePerRequestFilter.doFilter(OncePerRequestFilter.java:119)\r\n	at org.springframework.security.web.FilterChainProxy$VirtualFilterChain.doFilter(FilterChainProxy.java:336)\r\n	at org.springframework.security.web.header.HeaderWriterFilter.doHeadersAfter(HeaderWriterFilter.java:90)\r\n	at org.springframework.security.web.header.HeaderWriterFilter.doFilterInternal(HeaderWriterFilter.java:75)\r\n	at org.springframework.web.filter.OncePerRequestFilter.doFilter(OncePerRequestFilter.java:119)\r\n	at org.springframework.security.web.FilterChainProxy$VirtualFilterChain.doFilter(FilterChainProxy.java:336)\r\n	at org.springframework.security.web.context.SecurityContextPersistenceFilter.doFilter(SecurityContextPersistenceFilter.java:110)\r\n	at org.springframework.security.web.context.SecurityContextPersistenceFilter.doFilter(SecurityContextPersistenceFilter.java:80)\r\n	at org.springframework.security.web.FilterChainProxy$VirtualFilterChain.doFilter(FilterChainProxy.java:336)\r\n	at org.springframework.security.web.context.request.async.WebAsyncManagerIntegrationFilter.doFilterInternal(WebAsyncManagerIntegrationFilter.java:55)\r\n	at org.springframework.web.filter.OncePerRequestFilter.doFilter(OncePerRequestFilter.java:119)\r\n	at org.springframework.security.web.FilterChainProxy$VirtualFilterChain.doFilter(FilterChainProxy.java:336)\r\n	at org.springframework.security.web.FilterChainProxy.doFilterInternal(FilterChainProxy.java:211)\r\n	at org.springframework.security.web.FilterChainProxy.doFilter(FilterChainProxy.java:183)\r\n	at org.springframework.web.filter.DelegatingFilterProxy.invokeDelegate(DelegatingFilterProxy.java:358)\r\n	at org.springframework.web.filter.DelegatingFilterProxy.doFilter(DelegatingFilterProxy.java:271)\r\n	at org.apache.catalina.core.ApplicationFilterChain.internalDoFilter(ApplicationFilterChain.java:189)\r\n	at org.apache.catalina.core.ApplicationFilterChain.doFilter(ApplicationFilterChain.java:162)\r\n	at org.springframework.web.filter.RequestContextFilter.doFilterInternal(RequestContextFilter.java:100)\r\n	at org.springframework.web.filter.OncePerRequestFilter.doFilter(OncePerRequestFilter.java:119)\r\n	at org.apache.catalina.core.ApplicationFilterChain.internalDoFilter(ApplicationFilterChain.java:189)\r\n	at org.apache.catalina.core.ApplicationFilterChain.doFilter(ApplicationFilterChain.java:162)\r\n	at org.springframework.web.filter.FormContentFilter.doFilterInternal(FormContentFilter.java:93)\r\n	at org.springframework.web.filter.OncePerRequestFilter.doFilter(OncePerRequestFilter.java:119)\r\n	at org.apache.catalina.core.ApplicationFilterChain.internalDoFilter(ApplicationFilterChain.java:189)\r\n	at org.apache.catalina.core.ApplicationFilterChain.doFilter(ApplicationFilterChain.java:162)\r\n	at org.springframework.web.filter.CharacterEncodingFilter.doFilterInternal(CharacterEncodingFilter.java:201)\r\n	at org.springframework.web.filter.OncePerRequestFilter.doFilter(OncePerRequestFilter.java:119)\r\n	at org.apache.catalina.core.ApplicationFilterChain.internalDoFilter(ApplicationFilterChain.java:189)\r\n	at org.apache.catalina.core.ApplicationFilterChain.doFilter(ApplicationFilterChain.java:162)\r\n	at org.apache.catalina.core.StandardWrapperValve.invoke(StandardWrapperValve.java:197)\r\n	at org.apache.catalina.core.StandardContextValve.invoke(StandardContextValve.java:97)\r\n	at org.apache.catalina.authenticator.AuthenticatorBase.invoke(AuthenticatorBase.java:540)\r\n	at org.apache.catalina.core.StandardHostValve.invoke(StandardHostValve.java:135)\r\n	at org.apache.catalina.valves.ErrorReportValve.invoke(ErrorReportValve.java:92)\r\n	at org.apache.catalina.core.StandardEngineValve.invoke(StandardEngineValve.java:78)\r\n	at org.apache.catalina.connector.CoyoteAdapter.service(CoyoteAdapter.java:357)\r\n	at org.apache.coyote.http11.Http11Processor.service(Http11Processor.java:382)\r\n	at org.apache.coyote.AbstractProcessorLight.process(AbstractProcessorLight.java:65)\r\n	at org.apache.coyote.AbstractProtocol$ConnectionHandler.process(AbstractProtocol.java:895)\r\n	at org.apache.tomcat.util.net.NioEndpoint$SocketProcessor.doRun(NioEndpoint.java:1722)\r\n	at org.apache.tomcat.util.net.SocketProcessorBase.run(SocketProcessorBase.java:49)\r\n	at org.apache.tomcat.util.threads.ThreadPoolExecutor.runWorker(ThreadPoolExecutor.java:1191)\r\n	at org.apache.tomcat.util.threads.ThreadPoolExecutor$Worker.run(ThreadPoolExecutor.java:659)\r\n	at org.apache.tomcat.util.threads.TaskThread$WrappingRunnable.run(TaskThread.java:61)\r\n	at java.lang.Thread.run(Thread.java:748)\r\n', '2022-02-02 20:02:45');
INSERT INTO `logs` VALUES (850, '支付宝PC网页支付测试', 'ERROR', 'com.bs.demo.controller.admin.AlipayController.toPayAsPc()', '{\"totalAmount\":\"123\",\"subject\":\"123\",\"body\":\"123\"}', '0:0:0:0:0:0:0:1', 2, 'admin', '吉林省辽源市 联通', 'Chrome 97.0.4692.99', 'java.lang.NullPointerException\r\n	at com.bs.demo.controller.admin.AlipayController.toPayAsPc(AlipayController.java:61)\r\n	at com.bs.demo.controller.admin.AlipayController$$FastClassBySpringCGLIB$$93a6afbc.invoke(<generated>)\r\n	at org.springframework.cglib.proxy.MethodProxy.invoke(MethodProxy.java:218)\r\n	at org.springframework.aop.framework.CglibAopProxy$CglibMethodInvocation.invokeJoinpoint(CglibAopProxy.java:783)\r\n	at org.springframework.aop.framework.ReflectiveMethodInvocation.proceed(ReflectiveMethodInvocation.java:163)\r\n	at org.springframework.aop.framework.CglibAopProxy$CglibMethodInvocation.proceed(CglibAopProxy.java:753)\r\n	at org.springframework.aop.aspectj.AspectJAfterThrowingAdvice.invoke(AspectJAfterThrowingAdvice.java:64)\r\n	at org.springframework.aop.framework.ReflectiveMethodInvocation.proceed(ReflectiveMethodInvocation.java:175)\r\n	at org.springframework.aop.framework.CglibAopProxy$CglibMethodInvocation.proceed(CglibAopProxy.java:753)\r\n	at org.springframework.aop.aspectj.MethodInvocationProceedingJoinPoint.proceed(MethodInvocationProceedingJoinPoint.java:89)\r\n	at com.bs.demo.common.LogAspect.logAround(LogAspect.java:67)\r\n	at sun.reflect.NativeMethodAccessorImpl.invoke0(Native Method)\r\n	at sun.reflect.NativeMethodAccessorImpl.invoke(NativeMethodAccessorImpl.java:62)\r\n	at sun.reflect.DelegatingMethodAccessorImpl.invoke(DelegatingMethodAccessorImpl.java:43)\r\n	at java.lang.reflect.Method.invoke(Method.java:498)\r\n	at org.springframework.aop.aspectj.AbstractAspectJAdvice.invokeAdviceMethodWithGivenArgs(AbstractAspectJAdvice.java:634)\r\n	at org.springframework.aop.aspectj.AbstractAspectJAdvice.invokeAdviceMethod(AbstractAspectJAdvice.java:624)\r\n	at org.springframework.aop.aspectj.AspectJAroundAdvice.invoke(AspectJAroundAdvice.java:72)\r\n	at org.springframework.aop.framework.ReflectiveMethodInvocation.proceed(ReflectiveMethodInvocation.java:175)\r\n	at org.springframework.aop.framework.CglibAopProxy$CglibMethodInvocation.proceed(CglibAopProxy.java:753)\r\n	at org.springframework.aop.interceptor.ExposeInvocationInterceptor.invoke(ExposeInvocationInterceptor.java:97)\r\n	at org.springframework.aop.framework.ReflectiveMethodInvocation.proceed(ReflectiveMethodInvocation.java:186)\r\n	at org.springframework.aop.framework.CglibAopProxy$CglibMethodInvocation.proceed(CglibAopProxy.java:753)\r\n	at org.springframework.aop.framework.CglibAopProxy$DynamicAdvisedInterceptor.intercept(CglibAopProxy.java:698)\r\n	at com.bs.demo.controller.admin.AlipayController$$EnhancerBySpringCGLIB$$a8fcb23d.toPayAsPc(<generated>)\r\n	at sun.reflect.NativeMethodAccessorImpl.invoke0(Native Method)\r\n	at sun.reflect.NativeMethodAccessorImpl.invoke(NativeMethodAccessorImpl.java:62)\r\n	at sun.reflect.DelegatingMethodAccessorImpl.invoke(DelegatingMethodAccessorImpl.java:43)\r\n	at java.lang.reflect.Method.invoke(Method.java:498)\r\n	at org.springframework.web.method.support.InvocableHandlerMethod.doInvoke(InvocableHandlerMethod.java:205)\r\n	at org.springframework.web.method.support.InvocableHandlerMethod.invokeForRequest(InvocableHandlerMethod.java:150)\r\n	at org.springframework.web.servlet.mvc.method.annotation.ServletInvocableHandlerMethod.invokeAndHandle(ServletInvocableHandlerMethod.java:117)\r\n	at org.springframework.web.servlet.mvc.method.annotation.RequestMappingHandlerAdapter.invokeHandlerMethod(RequestMappingHandlerAdapter.java:895)\r\n	at org.springframework.web.servlet.mvc.method.annotation.RequestMappingHandlerAdapter.handleInternal(RequestMappingHandlerAdapter.java:808)\r\n	at org.springframework.web.servlet.mvc.method.AbstractHandlerMethodAdapter.handle(AbstractHandlerMethodAdapter.java:87)\r\n	at org.springframework.web.servlet.DispatcherServlet.doDispatch(DispatcherServlet.java:1067)\r\n	at org.springframework.web.servlet.DispatcherServlet.doService(DispatcherServlet.java:963)\r\n	at org.springframework.web.servlet.FrameworkServlet.processRequest(FrameworkServlet.java:1006)\r\n	at org.springframework.web.servlet.FrameworkServlet.doPost(FrameworkServlet.java:909)\r\n	at javax.servlet.http.HttpServlet.service(HttpServlet.java:681)\r\n	at org.springframework.web.servlet.FrameworkServlet.service(FrameworkServlet.java:883)\r\n	at javax.servlet.http.HttpServlet.service(HttpServlet.java:764)\r\n	at org.apache.catalina.core.ApplicationFilterChain.internalDoFilter(ApplicationFilterChain.java:227)\r\n	at org.apache.catalina.core.ApplicationFilterChain.doFilter(ApplicationFilterChain.java:162)\r\n	at org.apache.tomcat.websocket.server.WsFilter.doFilter(WsFilter.java:53)\r\n	at org.apache.catalina.core.ApplicationFilterChain.internalDoFilter(ApplicationFilterChain.java:189)\r\n	at org.apache.catalina.core.ApplicationFilterChain.doFilter(ApplicationFilterChain.java:162)\r\n	at com.github.xiaoymin.swaggerbootstrapui.filter.SecurityBasicAuthFilter.doFilter(SecurityBasicAuthFilter.java:84)\r\n	at org.apache.catalina.core.ApplicationFilterChain.internalDoFilter(ApplicationFilterChain.java:189)\r\n	at org.apache.catalina.core.ApplicationFilterChain.doFilter(ApplicationFilterChain.java:162)\r\n	at com.github.xiaoymin.swaggerbootstrapui.filter.ProductionSecurityFilter.doFilter(ProductionSecurityFilter.java:53)\r\n	at org.apache.catalina.core.ApplicationFilterChain.internalDoFilter(ApplicationFilterChain.java:189)\r\n	at org.apache.catalina.core.ApplicationFilterChain.doFilter(ApplicationFilterChain.java:162)\r\n	at org.springframework.web.filter.OncePerRequestFilter.doFilter(OncePerRequestFilter.java:113)\r\n	at org.apache.catalina.core.ApplicationFilterChain.internalDoFilter(ApplicationFilterChain.java:189)\r\n	at org.apache.catalina.core.ApplicationFilterChain.doFilter(ApplicationFilterChain.java:162)\r\n	at com.alibaba.druid.support.http.WebStatFilter.doFilter(WebStatFilter.java:124)\r\n	at org.apache.catalina.core.ApplicationFilterChain.internalDoFilter(ApplicationFilterChain.java:189)\r\n	at org.apache.catalina.core.ApplicationFilterChain.doFilter(ApplicationFilterChain.java:162)\r\n	at org.springframework.security.web.FilterChainProxy$VirtualFilterChain.doFilter(FilterChainProxy.java:327)\r\n	at org.springframework.security.web.access.intercept.FilterSecurityInterceptor.invoke(FilterSecurityInterceptor.java:115)\r\n	at org.springframework.security.web.access.intercept.FilterSecurityInterceptor.doFilter(FilterSecurityInterceptor.java:81)\r\n	at org.springframework.security.web.FilterChainProxy$VirtualFilterChain.doFilter(FilterChainProxy.java:336)\r\n	at org.springframework.security.web.access.ExceptionTranslationFilter.doFilter(ExceptionTranslationFilter.java:121)\r\n	at org.springframework.security.web.access.ExceptionTranslationFilter.doFilter(ExceptionTranslationFilter.java:115)\r\n	at org.springframework.security.web.FilterChainProxy$VirtualFilterChain.doFilter(FilterChainProxy.java:336)\r\n	at org.springframework.security.web.session.SessionManagementFilter.doFilter(SessionManagementFilter.java:126)\r\n	at org.springframework.security.web.session.SessionManagementFilter.doFilter(SessionManagementFilter.java:81)\r\n	at org.springframework.security.web.FilterChainProxy$VirtualFilterChain.doFilter(FilterChainProxy.java:336)\r\n	at org.springframework.security.web.authentication.AnonymousAuthenticationFilter.doFilter(AnonymousAuthenticationFilter.java:105)\r\n	at org.springframework.security.web.FilterChainProxy$VirtualFilterChain.doFilter(FilterChainProxy.java:336)\r\n	at org.springframework.security.web.authentication.rememberme.RememberMeAuthenticationFilter.doFilter(RememberMeAuthenticationFilter.java:101)\r\n	at org.springframework.security.web.authentication.rememberme.RememberMeAuthenticationFilter.doFilter(RememberMeAuthenticationFilter.java:92)\r\n	at org.springframework.security.web.FilterChainProxy$VirtualFilterChain.doFilter(FilterChainProxy.java:336)\r\n	at org.springframework.security.web.servletapi.SecurityContextHolderAwareRequestFilter.doFilter(SecurityContextHolderAwareRequestFilter.java:149)\r\n	at org.springframework.security.web.FilterChainProxy$VirtualFilterChain.doFilter(FilterChainProxy.java:336)\r\n	at org.springframework.security.web.savedrequest.RequestCacheAwareFilter.doFilter(RequestCacheAwareFilter.java:63)\r\n	at org.springframework.security.web.FilterChainProxy$VirtualFilterChain.doFilter(FilterChainProxy.java:336)\r\n	at org.springframework.security.web.authentication.AbstractAuthenticationProcessingFilter.doFilter(AbstractAuthenticationProcessingFilter.java:218)\r\n	at org.springframework.security.web.authentication.AbstractAuthenticationProcessingFilter.doFilter(AbstractAuthenticationProcessingFilter.java:212)\r\n	at org.springframework.security.web.FilterChainProxy$VirtualFilterChain.doFilter(FilterChainProxy.java:336)\r\n	at com.bs.demo.security.VerifyCodeFilter.doFilterInternal(VerifyCodeFilter.java:58)\r\n	at org.springframework.web.filter.OncePerRequestFilter.doFilter(OncePerRequestFilter.java:119)\r\n	at org.springframework.security.web.FilterChainProxy$VirtualFilterChain.doFilter(FilterChainProxy.java:336)\r\n	at org.springframework.security.web.authentication.logout.LogoutFilter.doFilter(LogoutFilter.java:103)\r\n	at org.springframework.security.web.authentication.logout.LogoutFilter.doFilter(LogoutFilter.java:89)\r\n	at org.springframework.security.web.FilterChainProxy$VirtualFilterChain.doFilter(FilterChainProxy.java:336)\r\n	at org.springframework.web.filter.CorsFilter.doFilterInternal(CorsFilter.java:91)\r\n	at org.springframework.web.filter.OncePerRequestFilter.doFilter(OncePerRequestFilter.java:119)\r\n	at org.springframework.security.web.FilterChainProxy$VirtualFilterChain.doFilter(FilterChainProxy.java:336)\r\n	at org.springframework.security.web.header.HeaderWriterFilter.doHeadersAfter(HeaderWriterFilter.java:90)\r\n	at org.springframework.security.web.header.HeaderWriterFilter.doFilterInternal(HeaderWriterFilter.java:75)\r\n	at org.springframework.web.filter.OncePerRequestFilter.doFilter(OncePerRequestFilter.java:119)\r\n	at org.springframework.security.web.FilterChainProxy$VirtualFilterChain.doFilter(FilterChainProxy.java:336)\r\n	at org.springframework.security.web.context.SecurityContextPersistenceFilter.doFilter(SecurityContextPersistenceFilter.java:110)\r\n	at org.springframework.security.web.context.SecurityContextPersistenceFilter.doFilter(SecurityContextPersistenceFilter.java:80)\r\n	at org.springframework.security.web.FilterChainProxy$VirtualFilterChain.doFilter(FilterChainProxy.java:336)\r\n	at org.springframework.security.web.context.request.async.WebAsyncManagerIntegrationFilter.doFilterInternal(WebAsyncManagerIntegrationFilter.java:55)\r\n	at org.springframework.web.filter.OncePerRequestFilter.doFilter(OncePerRequestFilter.java:119)\r\n	at org.springframework.security.web.FilterChainProxy$VirtualFilterChain.doFilter(FilterChainProxy.java:336)\r\n	at org.springframework.security.web.FilterChainProxy.doFilterInternal(FilterChainProxy.java:211)\r\n	at org.springframework.security.web.FilterChainProxy.doFilter(FilterChainProxy.java:183)\r\n	at org.springframework.web.filter.DelegatingFilterProxy.invokeDelegate(DelegatingFilterProxy.java:358)\r\n	at org.springframework.web.filter.DelegatingFilterProxy.doFilter(DelegatingFilterProxy.java:271)\r\n	at org.apache.catalina.core.ApplicationFilterChain.internalDoFilter(ApplicationFilterChain.java:189)\r\n	at org.apache.catalina.core.ApplicationFilterChain.doFilter(ApplicationFilterChain.java:162)\r\n	at org.springframework.web.filter.RequestContextFilter.doFilterInternal(RequestContextFilter.java:100)\r\n	at org.springframework.web.filter.OncePerRequestFilter.doFilter(OncePerRequestFilter.java:119)\r\n	at org.apache.catalina.core.ApplicationFilterChain.internalDoFilter(ApplicationFilterChain.java:189)\r\n	at org.apache.catalina.core.ApplicationFilterChain.doFilter(ApplicationFilterChain.java:162)\r\n	at org.springframework.web.filter.FormContentFilter.doFilterInternal(FormContentFilter.java:93)\r\n	at org.springframework.web.filter.OncePerRequestFilter.doFilter(OncePerRequestFilter.java:119)\r\n	at org.apache.catalina.core.ApplicationFilterChain.internalDoFilter(ApplicationFilterChain.java:189)\r\n	at org.apache.catalina.core.ApplicationFilterChain.doFilter(ApplicationFilterChain.java:162)\r\n	at org.springframework.web.filter.CharacterEncodingFilter.doFilterInternal(CharacterEncodingFilter.java:201)\r\n	at org.springframework.web.filter.OncePerRequestFilter.doFilter(OncePerRequestFilter.java:119)\r\n	at org.apache.catalina.core.ApplicationFilterChain.internalDoFilter(ApplicationFilterChain.java:189)\r\n	at org.apache.catalina.core.ApplicationFilterChain.doFilter(ApplicationFilterChain.java:162)\r\n	at org.apache.catalina.core.StandardWrapperValve.invoke(StandardWrapperValve.java:197)\r\n	at org.apache.catalina.core.StandardContextValve.invoke(StandardContextValve.java:97)\r\n	at org.apache.catalina.authenticator.AuthenticatorBase.invoke(AuthenticatorBase.java:540)\r\n	at org.apache.catalina.core.StandardHostValve.invoke(StandardHostValve.java:135)\r\n	at org.apache.catalina.valves.ErrorReportValve.invoke(ErrorReportValve.java:92)\r\n	at org.apache.catalina.core.StandardEngineValve.invoke(StandardEngineValve.java:78)\r\n	at org.apache.catalina.connector.CoyoteAdapter.service(CoyoteAdapter.java:357)\r\n	at org.apache.coyote.http11.Http11Processor.service(Http11Processor.java:382)\r\n	at org.apache.coyote.AbstractProcessorLight.process(AbstractProcessorLight.java:65)\r\n	at org.apache.coyote.AbstractProtocol$ConnectionHandler.process(AbstractProtocol.java:895)\r\n	at org.apache.tomcat.util.net.NioEndpoint$SocketProcessor.doRun(NioEndpoint.java:1722)\r\n	at org.apache.tomcat.util.net.SocketProcessorBase.run(SocketProcessorBase.java:49)\r\n	at org.apache.tomcat.util.threads.ThreadPoolExecutor.runWorker(ThreadPoolExecutor.java:1191)\r\n	at org.apache.tomcat.util.threads.ThreadPoolExecutor$Worker.run(ThreadPoolExecutor.java:659)\r\n	at org.apache.tomcat.util.threads.TaskThread$WrappingRunnable.run(TaskThread.java:61)\r\n	at java.lang.Thread.run(Thread.java:748)\r\n', '2022-02-02 20:03:23');
INSERT INTO `logs` VALUES (851, '支付宝PC网页支付测试', 'ERROR', 'com.bs.demo.controller.admin.AlipayController.toPayAsPc()', '{\"totalAmount\":\"123\",\"subject\":\"123\",\"body\":\"123\"}', '0:0:0:0:0:0:0:1', 161, 'admin', '吉林省辽源市 联通', 'Chrome 97.0.4692.99', 'java.lang.NullPointerException\r\n	at com.bs.demo.controller.admin.AlipayController.toPayAsPc(AlipayController.java:61)\r\n	at com.bs.demo.controller.admin.AlipayController$$FastClassBySpringCGLIB$$93a6afbc.invoke(<generated>)\r\n	at org.springframework.cglib.proxy.MethodProxy.invoke(MethodProxy.java:218)\r\n	at org.springframework.aop.framework.CglibAopProxy$CglibMethodInvocation.invokeJoinpoint(CglibAopProxy.java:783)\r\n	at org.springframework.aop.framework.ReflectiveMethodInvocation.proceed(ReflectiveMethodInvocation.java:163)\r\n	at org.springframework.aop.framework.CglibAopProxy$CglibMethodInvocation.proceed(CglibAopProxy.java:753)\r\n	at org.springframework.aop.aspectj.AspectJAfterThrowingAdvice.invoke(AspectJAfterThrowingAdvice.java:64)\r\n	at org.springframework.aop.framework.ReflectiveMethodInvocation.proceed(ReflectiveMethodInvocation.java:175)\r\n	at org.springframework.aop.framework.CglibAopProxy$CglibMethodInvocation.proceed(CglibAopProxy.java:753)\r\n	at org.springframework.aop.aspectj.MethodInvocationProceedingJoinPoint.proceed(MethodInvocationProceedingJoinPoint.java:89)\r\n	at com.bs.demo.common.LogAspect.logAround(LogAspect.java:67)\r\n	at sun.reflect.NativeMethodAccessorImpl.invoke0(Native Method)\r\n	at sun.reflect.NativeMethodAccessorImpl.invoke(NativeMethodAccessorImpl.java:62)\r\n	at sun.reflect.DelegatingMethodAccessorImpl.invoke(DelegatingMethodAccessorImpl.java:43)\r\n	at java.lang.reflect.Method.invoke(Method.java:498)\r\n	at org.springframework.aop.aspectj.AbstractAspectJAdvice.invokeAdviceMethodWithGivenArgs(AbstractAspectJAdvice.java:634)\r\n	at org.springframework.aop.aspectj.AbstractAspectJAdvice.invokeAdviceMethod(AbstractAspectJAdvice.java:624)\r\n	at org.springframework.aop.aspectj.AspectJAroundAdvice.invoke(AspectJAroundAdvice.java:72)\r\n	at org.springframework.aop.framework.ReflectiveMethodInvocation.proceed(ReflectiveMethodInvocation.java:175)\r\n	at org.springframework.aop.framework.CglibAopProxy$CglibMethodInvocation.proceed(CglibAopProxy.java:753)\r\n	at org.springframework.aop.interceptor.ExposeInvocationInterceptor.invoke(ExposeInvocationInterceptor.java:97)\r\n	at org.springframework.aop.framework.ReflectiveMethodInvocation.proceed(ReflectiveMethodInvocation.java:186)\r\n	at org.springframework.aop.framework.CglibAopProxy$CglibMethodInvocation.proceed(CglibAopProxy.java:753)\r\n	at org.springframework.aop.framework.CglibAopProxy$DynamicAdvisedInterceptor.intercept(CglibAopProxy.java:698)\r\n	at com.bs.demo.controller.admin.AlipayController$$EnhancerBySpringCGLIB$$c23bceb.toPayAsPc(<generated>)\r\n	at sun.reflect.NativeMethodAccessorImpl.invoke0(Native Method)\r\n	at sun.reflect.NativeMethodAccessorImpl.invoke(NativeMethodAccessorImpl.java:62)\r\n	at sun.reflect.DelegatingMethodAccessorImpl.invoke(DelegatingMethodAccessorImpl.java:43)\r\n	at java.lang.reflect.Method.invoke(Method.java:498)\r\n	at org.springframework.web.method.support.InvocableHandlerMethod.doInvoke(InvocableHandlerMethod.java:205)\r\n	at org.springframework.web.method.support.InvocableHandlerMethod.invokeForRequest(InvocableHandlerMethod.java:150)\r\n	at org.springframework.web.servlet.mvc.method.annotation.ServletInvocableHandlerMethod.invokeAndHandle(ServletInvocableHandlerMethod.java:117)\r\n	at org.springframework.web.servlet.mvc.method.annotation.RequestMappingHandlerAdapter.invokeHandlerMethod(RequestMappingHandlerAdapter.java:895)\r\n	at org.springframework.web.servlet.mvc.method.annotation.RequestMappingHandlerAdapter.handleInternal(RequestMappingHandlerAdapter.java:808)\r\n	at org.springframework.web.servlet.mvc.method.AbstractHandlerMethodAdapter.handle(AbstractHandlerMethodAdapter.java:87)\r\n	at org.springframework.web.servlet.DispatcherServlet.doDispatch(DispatcherServlet.java:1067)\r\n	at org.springframework.web.servlet.DispatcherServlet.doService(DispatcherServlet.java:963)\r\n	at org.springframework.web.servlet.FrameworkServlet.processRequest(FrameworkServlet.java:1006)\r\n	at org.springframework.web.servlet.FrameworkServlet.doPost(FrameworkServlet.java:909)\r\n	at javax.servlet.http.HttpServlet.service(HttpServlet.java:681)\r\n	at org.springframework.web.servlet.FrameworkServlet.service(FrameworkServlet.java:883)\r\n	at javax.servlet.http.HttpServlet.service(HttpServlet.java:764)\r\n	at org.apache.catalina.core.ApplicationFilterChain.internalDoFilter(ApplicationFilterChain.java:227)\r\n	at org.apache.catalina.core.ApplicationFilterChain.doFilter(ApplicationFilterChain.java:162)\r\n	at org.apache.tomcat.websocket.server.WsFilter.doFilter(WsFilter.java:53)\r\n	at org.apache.catalina.core.ApplicationFilterChain.internalDoFilter(ApplicationFilterChain.java:189)\r\n	at org.apache.catalina.core.ApplicationFilterChain.doFilter(ApplicationFilterChain.java:162)\r\n	at com.github.xiaoymin.swaggerbootstrapui.filter.SecurityBasicAuthFilter.doFilter(SecurityBasicAuthFilter.java:84)\r\n	at org.apache.catalina.core.ApplicationFilterChain.internalDoFilter(ApplicationFilterChain.java:189)\r\n	at org.apache.catalina.core.ApplicationFilterChain.doFilter(ApplicationFilterChain.java:162)\r\n	at com.github.xiaoymin.swaggerbootstrapui.filter.ProductionSecurityFilter.doFilter(ProductionSecurityFilter.java:53)\r\n	at org.apache.catalina.core.ApplicationFilterChain.internalDoFilter(ApplicationFilterChain.java:189)\r\n	at org.apache.catalina.core.ApplicationFilterChain.doFilter(ApplicationFilterChain.java:162)\r\n	at org.springframework.web.filter.OncePerRequestFilter.doFilter(OncePerRequestFilter.java:113)\r\n	at org.apache.catalina.core.ApplicationFilterChain.internalDoFilter(ApplicationFilterChain.java:189)\r\n	at org.apache.catalina.core.ApplicationFilterChain.doFilter(ApplicationFilterChain.java:162)\r\n	at com.alibaba.druid.support.http.WebStatFilter.doFilter(WebStatFilter.java:124)\r\n	at org.apache.catalina.core.ApplicationFilterChain.internalDoFilter(ApplicationFilterChain.java:189)\r\n	at org.apache.catalina.core.ApplicationFilterChain.doFilter(ApplicationFilterChain.java:162)\r\n	at org.springframework.security.web.FilterChainProxy$VirtualFilterChain.doFilter(FilterChainProxy.java:327)\r\n	at org.springframework.security.web.access.intercept.FilterSecurityInterceptor.invoke(FilterSecurityInterceptor.java:115)\r\n	at org.springframework.security.web.access.intercept.FilterSecurityInterceptor.doFilter(FilterSecurityInterceptor.java:81)\r\n	at org.springframework.security.web.FilterChainProxy$VirtualFilterChain.doFilter(FilterChainProxy.java:336)\r\n	at org.springframework.security.web.access.ExceptionTranslationFilter.doFilter(ExceptionTranslationFilter.java:121)\r\n	at org.springframework.security.web.access.ExceptionTranslationFilter.doFilter(ExceptionTranslationFilter.java:115)\r\n	at org.springframework.security.web.FilterChainProxy$VirtualFilterChain.doFilter(FilterChainProxy.java:336)\r\n	at org.springframework.security.web.session.SessionManagementFilter.doFilter(SessionManagementFilter.java:126)\r\n	at org.springframework.security.web.session.SessionManagementFilter.doFilter(SessionManagementFilter.java:81)\r\n	at org.springframework.security.web.FilterChainProxy$VirtualFilterChain.doFilter(FilterChainProxy.java:336)\r\n	at org.springframework.security.web.authentication.AnonymousAuthenticationFilter.doFilter(AnonymousAuthenticationFilter.java:105)\r\n	at org.springframework.security.web.FilterChainProxy$VirtualFilterChain.doFilter(FilterChainProxy.java:336)\r\n	at org.springframework.security.web.authentication.rememberme.RememberMeAuthenticationFilter.doFilter(RememberMeAuthenticationFilter.java:101)\r\n	at org.springframework.security.web.authentication.rememberme.RememberMeAuthenticationFilter.doFilter(RememberMeAuthenticationFilter.java:92)\r\n	at org.springframework.security.web.FilterChainProxy$VirtualFilterChain.doFilter(FilterChainProxy.java:336)\r\n	at org.springframework.security.web.servletapi.SecurityContextHolderAwareRequestFilter.doFilter(SecurityContextHolderAwareRequestFilter.java:149)\r\n	at org.springframework.security.web.FilterChainProxy$VirtualFilterChain.doFilter(FilterChainProxy.java:336)\r\n	at org.springframework.security.web.savedrequest.RequestCacheAwareFilter.doFilter(RequestCacheAwareFilter.java:63)\r\n	at org.springframework.security.web.FilterChainProxy$VirtualFilterChain.doFilter(FilterChainProxy.java:336)\r\n	at org.springframework.security.web.authentication.AbstractAuthenticationProcessingFilter.doFilter(AbstractAuthenticationProcessingFilter.java:218)\r\n	at org.springframework.security.web.authentication.AbstractAuthenticationProcessingFilter.doFilter(AbstractAuthenticationProcessingFilter.java:212)\r\n	at org.springframework.security.web.FilterChainProxy$VirtualFilterChain.doFilter(FilterChainProxy.java:336)\r\n	at com.bs.demo.security.VerifyCodeFilter.doFilterInternal(VerifyCodeFilter.java:58)\r\n	at org.springframework.web.filter.OncePerRequestFilter.doFilter(OncePerRequestFilter.java:119)\r\n	at org.springframework.security.web.FilterChainProxy$VirtualFilterChain.doFilter(FilterChainProxy.java:336)\r\n	at org.springframework.security.web.authentication.logout.LogoutFilter.doFilter(LogoutFilter.java:103)\r\n	at org.springframework.security.web.authentication.logout.LogoutFilter.doFilter(LogoutFilter.java:89)\r\n	at org.springframework.security.web.FilterChainProxy$VirtualFilterChain.doFilter(FilterChainProxy.java:336)\r\n	at org.springframework.web.filter.CorsFilter.doFilterInternal(CorsFilter.java:91)\r\n	at org.springframework.web.filter.OncePerRequestFilter.doFilter(OncePerRequestFilter.java:119)\r\n	at org.springframework.security.web.FilterChainProxy$VirtualFilterChain.doFilter(FilterChainProxy.java:336)\r\n	at org.springframework.security.web.header.HeaderWriterFilter.doHeadersAfter(HeaderWriterFilter.java:90)\r\n	at org.springframework.security.web.header.HeaderWriterFilter.doFilterInternal(HeaderWriterFilter.java:75)\r\n	at org.springframework.web.filter.OncePerRequestFilter.doFilter(OncePerRequestFilter.java:119)\r\n	at org.springframework.security.web.FilterChainProxy$VirtualFilterChain.doFilter(FilterChainProxy.java:336)\r\n	at org.springframework.security.web.context.SecurityContextPersistenceFilter.doFilter(SecurityContextPersistenceFilter.java:110)\r\n	at org.springframework.security.web.context.SecurityContextPersistenceFilter.doFilter(SecurityContextPersistenceFilter.java:80)\r\n	at org.springframework.security.web.FilterChainProxy$VirtualFilterChain.doFilter(FilterChainProxy.java:336)\r\n	at org.springframework.security.web.context.request.async.WebAsyncManagerIntegrationFilter.doFilterInternal(WebAsyncManagerIntegrationFilter.java:55)\r\n	at org.springframework.web.filter.OncePerRequestFilter.doFilter(OncePerRequestFilter.java:119)\r\n	at org.springframework.security.web.FilterChainProxy$VirtualFilterChain.doFilter(FilterChainProxy.java:336)\r\n	at org.springframework.security.web.FilterChainProxy.doFilterInternal(FilterChainProxy.java:211)\r\n	at org.springframework.security.web.FilterChainProxy.doFilter(FilterChainProxy.java:183)\r\n	at org.springframework.web.filter.DelegatingFilterProxy.invokeDelegate(DelegatingFilterProxy.java:358)\r\n	at org.springframework.web.filter.DelegatingFilterProxy.doFilter(DelegatingFilterProxy.java:271)\r\n	at org.apache.catalina.core.ApplicationFilterChain.internalDoFilter(ApplicationFilterChain.java:189)\r\n	at org.apache.catalina.core.ApplicationFilterChain.doFilter(ApplicationFilterChain.java:162)\r\n	at org.springframework.web.filter.RequestContextFilter.doFilterInternal(RequestContextFilter.java:100)\r\n	at org.springframework.web.filter.OncePerRequestFilter.doFilter(OncePerRequestFilter.java:119)\r\n	at org.apache.catalina.core.ApplicationFilterChain.internalDoFilter(ApplicationFilterChain.java:189)\r\n	at org.apache.catalina.core.ApplicationFilterChain.doFilter(ApplicationFilterChain.java:162)\r\n	at org.springframework.web.filter.FormContentFilter.doFilterInternal(FormContentFilter.java:93)\r\n	at org.springframework.web.filter.OncePerRequestFilter.doFilter(OncePerRequestFilter.java:119)\r\n	at org.apache.catalina.core.ApplicationFilterChain.internalDoFilter(ApplicationFilterChain.java:189)\r\n	at org.apache.catalina.core.ApplicationFilterChain.doFilter(ApplicationFilterChain.java:162)\r\n	at org.springframework.web.filter.CharacterEncodingFilter.doFilterInternal(CharacterEncodingFilter.java:201)\r\n	at org.springframework.web.filter.OncePerRequestFilter.doFilter(OncePerRequestFilter.java:119)\r\n	at org.apache.catalina.core.ApplicationFilterChain.internalDoFilter(ApplicationFilterChain.java:189)\r\n	at org.apache.catalina.core.ApplicationFilterChain.doFilter(ApplicationFilterChain.java:162)\r\n	at org.apache.catalina.core.StandardWrapperValve.invoke(StandardWrapperValve.java:197)\r\n	at org.apache.catalina.core.StandardContextValve.invoke(StandardContextValve.java:97)\r\n	at org.apache.catalina.authenticator.AuthenticatorBase.invoke(AuthenticatorBase.java:540)\r\n	at org.apache.catalina.core.StandardHostValve.invoke(StandardHostValve.java:135)\r\n	at org.apache.catalina.valves.ErrorReportValve.invoke(ErrorReportValve.java:92)\r\n	at org.apache.catalina.core.StandardEngineValve.invoke(StandardEngineValve.java:78)\r\n	at org.apache.catalina.connector.CoyoteAdapter.service(CoyoteAdapter.java:357)\r\n	at org.apache.coyote.http11.Http11Processor.service(Http11Processor.java:382)\r\n	at org.apache.coyote.AbstractProcessorLight.process(AbstractProcessorLight.java:65)\r\n	at org.apache.coyote.AbstractProtocol$ConnectionHandler.process(AbstractProtocol.java:895)\r\n	at org.apache.tomcat.util.net.NioEndpoint$SocketProcessor.doRun(NioEndpoint.java:1722)\r\n	at org.apache.tomcat.util.net.SocketProcessorBase.run(SocketProcessorBase.java:49)\r\n	at org.apache.tomcat.util.threads.ThreadPoolExecutor.runWorker(ThreadPoolExecutor.java:1191)\r\n	at org.apache.tomcat.util.threads.ThreadPoolExecutor$Worker.run(ThreadPoolExecutor.java:659)\r\n	at org.apache.tomcat.util.threads.TaskThread$WrappingRunnable.run(TaskThread.java:61)\r\n	at java.lang.Thread.run(Thread.java:748)\r\n', '2022-02-02 20:03:55');
INSERT INTO `logs` VALUES (852, '支付宝PC网页支付测试', 'INFO', 'com.bs.demo.controller.admin.AlipayController.toPayAsPc()', '{\"totalAmount\":\"123\",\"subject\":\"123\",\"outTradeNo\":\"1\",\"body\":\"123\"}', '0:0:0:0:0:0:0:1', 412, 'admin', '吉林省辽源市 联通', 'Chrome 97.0.4692.99', NULL, '2022-02-02 20:04:33');
INSERT INTO `logs` VALUES (853, '支付宝PC网页支付测试', 'INFO', 'com.bs.demo.controller.admin.AlipayController.toPayAsPc()', '{\"totalAmount\":\"123\",\"subject\":\"123\",\"outTradeNo\":\"1\",\"body\":\"123\"}', '0:0:0:0:0:0:0:1', 10, 'admin', '吉林省辽源市 联通', 'Chrome 97.0.4692.99', NULL, '2022-02-02 20:04:42');
INSERT INTO `logs` VALUES (854, '支付宝PC网页支付测试', 'INFO', 'com.bs.demo.controller.admin.AlipayController.toPayAsPc()', '{\"totalAmount\":\"123\",\"subject\":\"123\",\"outTradeNo\":\"1\",\"body\":\"123\"}', '0:0:0:0:0:0:0:1', 10, 'admin', '吉林省辽源市 联通', 'Chrome 97.0.4692.99', NULL, '2022-02-02 20:04:43');
INSERT INTO `logs` VALUES (855, '支付宝PC网页支付测试', 'INFO', 'com.bs.demo.controller.admin.AlipayController.toPayAsPc()', '{\"totalAmount\":\"123\",\"subject\":\"123\",\"outTradeNo\":\"1\",\"body\":\"123\"}', '0:0:0:0:0:0:0:1', 9, 'admin', '吉林省辽源市 联通', 'Chrome 97.0.4692.99', NULL, '2022-02-02 20:04:43');
INSERT INTO `logs` VALUES (856, '支付宝PC网页支付测试', 'INFO', 'com.bs.demo.controller.admin.AlipayController.toPayAsPc()', '{\"totalAmount\":\"123\",\"subject\":\"123\",\"outTradeNo\":\"1\",\"body\":\"123\"}', '0:0:0:0:0:0:0:1', 9, 'admin', '吉林省辽源市 联通', 'Chrome 97.0.4692.99', NULL, '2022-02-02 20:04:44');
INSERT INTO `logs` VALUES (857, '支付宝PC网页支付测试', 'INFO', 'com.bs.demo.controller.admin.AlipayController.toPayAsPc()', '{\"totalAmount\":\"123\",\"subject\":\"123\",\"outTradeNo\":\"1\",\"body\":\"123\"}', '0:0:0:0:0:0:0:1', 10, 'admin', '吉林省辽源市 联通', 'Chrome 97.0.4692.99', NULL, '2022-02-02 20:04:44');
INSERT INTO `logs` VALUES (858, '支付宝PC网页支付测试', 'INFO', 'com.bs.demo.controller.admin.AlipayController.toPayAsPc()', '{\"totalAmount\":\"123\",\"subject\":\"123\",\"outTradeNo\":\"1\",\"body\":\"123\"}', '0:0:0:0:0:0:0:1', 31, 'admin', '吉林省辽源市 联通', 'Chrome 97.0.4692.99', NULL, '2022-02-02 20:15:40');
INSERT INTO `logs` VALUES (859, '支付宝PC网页支付测试', 'ERROR', 'com.bs.demo.controller.admin.AlipayController.toPayAsPc()', '{\"totalAmount\":\"123\",\"subject\":\"123\",\"body\":\"123\"}', '0:0:0:0:0:0:0:1', 294, 'admin', '吉林省辽源市 联通', 'Chrome 97.0.4692.99', 'java.lang.NullPointerException\r\n	at com.bs.demo.controller.admin.AlipayController.toPayAsPc(AlipayController.java:61)\r\n	at com.bs.demo.controller.admin.AlipayController$$FastClassBySpringCGLIB$$93a6afbc.invoke(<generated>)\r\n	at org.springframework.cglib.proxy.MethodProxy.invoke(MethodProxy.java:218)\r\n	at org.springframework.aop.framework.CglibAopProxy$CglibMethodInvocation.invokeJoinpoint(CglibAopProxy.java:783)\r\n	at org.springframework.aop.framework.ReflectiveMethodInvocation.proceed(ReflectiveMethodInvocation.java:163)\r\n	at org.springframework.aop.framework.CglibAopProxy$CglibMethodInvocation.proceed(CglibAopProxy.java:753)\r\n	at org.springframework.aop.aspectj.AspectJAfterThrowingAdvice.invoke(AspectJAfterThrowingAdvice.java:64)\r\n	at org.springframework.aop.framework.ReflectiveMethodInvocation.proceed(ReflectiveMethodInvocation.java:175)\r\n	at org.springframework.aop.framework.CglibAopProxy$CglibMethodInvocation.proceed(CglibAopProxy.java:753)\r\n	at org.springframework.aop.aspectj.MethodInvocationProceedingJoinPoint.proceed(MethodInvocationProceedingJoinPoint.java:89)\r\n	at com.bs.demo.common.LogAspect.logAround(LogAspect.java:67)\r\n	at sun.reflect.NativeMethodAccessorImpl.invoke0(Native Method)\r\n	at sun.reflect.NativeMethodAccessorImpl.invoke(NativeMethodAccessorImpl.java:62)\r\n	at sun.reflect.DelegatingMethodAccessorImpl.invoke(DelegatingMethodAccessorImpl.java:43)\r\n	at java.lang.reflect.Method.invoke(Method.java:498)\r\n	at org.springframework.aop.aspectj.AbstractAspectJAdvice.invokeAdviceMethodWithGivenArgs(AbstractAspectJAdvice.java:634)\r\n	at org.springframework.aop.aspectj.AbstractAspectJAdvice.invokeAdviceMethod(AbstractAspectJAdvice.java:624)\r\n	at org.springframework.aop.aspectj.AspectJAroundAdvice.invoke(AspectJAroundAdvice.java:72)\r\n	at org.springframework.aop.framework.ReflectiveMethodInvocation.proceed(ReflectiveMethodInvocation.java:175)\r\n	at org.springframework.aop.framework.CglibAopProxy$CglibMethodInvocation.proceed(CglibAopProxy.java:753)\r\n	at org.springframework.aop.interceptor.ExposeInvocationInterceptor.invoke(ExposeInvocationInterceptor.java:97)\r\n	at org.springframework.aop.framework.ReflectiveMethodInvocation.proceed(ReflectiveMethodInvocation.java:186)\r\n	at org.springframework.aop.framework.CglibAopProxy$CglibMethodInvocation.proceed(CglibAopProxy.java:753)\r\n	at org.springframework.aop.framework.CglibAopProxy$DynamicAdvisedInterceptor.intercept(CglibAopProxy.java:698)\r\n	at com.bs.demo.controller.admin.AlipayController$$EnhancerBySpringCGLIB$$e9463c2a.toPayAsPc(<generated>)\r\n	at sun.reflect.NativeMethodAccessorImpl.invoke0(Native Method)\r\n	at sun.reflect.NativeMethodAccessorImpl.invoke(NativeMethodAccessorImpl.java:62)\r\n	at sun.reflect.DelegatingMethodAccessorImpl.invoke(DelegatingMethodAccessorImpl.java:43)\r\n	at java.lang.reflect.Method.invoke(Method.java:498)\r\n	at org.springframework.web.method.support.InvocableHandlerMethod.doInvoke(InvocableHandlerMethod.java:205)\r\n	at org.springframework.web.method.support.InvocableHandlerMethod.invokeForRequest(InvocableHandlerMethod.java:150)\r\n	at org.springframework.web.servlet.mvc.method.annotation.ServletInvocableHandlerMethod.invokeAndHandle(ServletInvocableHandlerMethod.java:117)\r\n	at org.springframework.web.servlet.mvc.method.annotation.RequestMappingHandlerAdapter.invokeHandlerMethod(RequestMappingHandlerAdapter.java:895)\r\n	at org.springframework.web.servlet.mvc.method.annotation.RequestMappingHandlerAdapter.handleInternal(RequestMappingHandlerAdapter.java:808)\r\n	at org.springframework.web.servlet.mvc.method.AbstractHandlerMethodAdapter.handle(AbstractHandlerMethodAdapter.java:87)\r\n	at org.springframework.web.servlet.DispatcherServlet.doDispatch(DispatcherServlet.java:1067)\r\n	at org.springframework.web.servlet.DispatcherServlet.doService(DispatcherServlet.java:963)\r\n	at org.springframework.web.servlet.FrameworkServlet.processRequest(FrameworkServlet.java:1006)\r\n	at org.springframework.web.servlet.FrameworkServlet.doPost(FrameworkServlet.java:909)\r\n	at javax.servlet.http.HttpServlet.service(HttpServlet.java:681)\r\n	at org.springframework.web.servlet.FrameworkServlet.service(FrameworkServlet.java:883)\r\n	at javax.servlet.http.HttpServlet.service(HttpServlet.java:764)\r\n	at org.apache.catalina.core.ApplicationFilterChain.internalDoFilter(ApplicationFilterChain.java:227)\r\n	at org.apache.catalina.core.ApplicationFilterChain.doFilter(ApplicationFilterChain.java:162)\r\n	at org.apache.tomcat.websocket.server.WsFilter.doFilter(WsFilter.java:53)\r\n	at org.apache.catalina.core.ApplicationFilterChain.internalDoFilter(ApplicationFilterChain.java:189)\r\n	at org.apache.catalina.core.ApplicationFilterChain.doFilter(ApplicationFilterChain.java:162)\r\n	at com.github.xiaoymin.swaggerbootstrapui.filter.SecurityBasicAuthFilter.doFilter(SecurityBasicAuthFilter.java:84)\r\n	at org.apache.catalina.core.ApplicationFilterChain.internalDoFilter(ApplicationFilterChain.java:189)\r\n	at org.apache.catalina.core.ApplicationFilterChain.doFilter(ApplicationFilterChain.java:162)\r\n	at com.github.xiaoymin.swaggerbootstrapui.filter.ProductionSecurityFilter.doFilter(ProductionSecurityFilter.java:53)\r\n	at org.apache.catalina.core.ApplicationFilterChain.internalDoFilter(ApplicationFilterChain.java:189)\r\n	at org.apache.catalina.core.ApplicationFilterChain.doFilter(ApplicationFilterChain.java:162)\r\n	at org.springframework.web.filter.OncePerRequestFilter.doFilter(OncePerRequestFilter.java:113)\r\n	at org.apache.catalina.core.ApplicationFilterChain.internalDoFilter(ApplicationFilterChain.java:189)\r\n	at org.apache.catalina.core.ApplicationFilterChain.doFilter(ApplicationFilterChain.java:162)\r\n	at com.alibaba.druid.support.http.WebStatFilter.doFilter(WebStatFilter.java:124)\r\n	at org.apache.catalina.core.ApplicationFilterChain.internalDoFilter(ApplicationFilterChain.java:189)\r\n	at org.apache.catalina.core.ApplicationFilterChain.doFilter(ApplicationFilterChain.java:162)\r\n	at org.springframework.security.web.FilterChainProxy$VirtualFilterChain.doFilter(FilterChainProxy.java:327)\r\n	at org.springframework.security.web.access.intercept.FilterSecurityInterceptor.invoke(FilterSecurityInterceptor.java:115)\r\n	at org.springframework.security.web.access.intercept.FilterSecurityInterceptor.doFilter(FilterSecurityInterceptor.java:81)\r\n	at org.springframework.security.web.FilterChainProxy$VirtualFilterChain.doFilter(FilterChainProxy.java:336)\r\n	at org.springframework.security.web.access.ExceptionTranslationFilter.doFilter(ExceptionTranslationFilter.java:121)\r\n	at org.springframework.security.web.access.ExceptionTranslationFilter.doFilter(ExceptionTranslationFilter.java:115)\r\n	at org.springframework.security.web.FilterChainProxy$VirtualFilterChain.doFilter(FilterChainProxy.java:336)\r\n	at org.springframework.security.web.session.SessionManagementFilter.doFilter(SessionManagementFilter.java:126)\r\n	at org.springframework.security.web.session.SessionManagementFilter.doFilter(SessionManagementFilter.java:81)\r\n	at org.springframework.security.web.FilterChainProxy$VirtualFilterChain.doFilter(FilterChainProxy.java:336)\r\n	at org.springframework.security.web.authentication.AnonymousAuthenticationFilter.doFilter(AnonymousAuthenticationFilter.java:105)\r\n	at org.springframework.security.web.FilterChainProxy$VirtualFilterChain.doFilter(FilterChainProxy.java:336)\r\n	at org.springframework.security.web.authentication.rememberme.RememberMeAuthenticationFilter.doFilter(RememberMeAuthenticationFilter.java:101)\r\n	at org.springframework.security.web.authentication.rememberme.RememberMeAuthenticationFilter.doFilter(RememberMeAuthenticationFilter.java:92)\r\n	at org.springframework.security.web.FilterChainProxy$VirtualFilterChain.doFilter(FilterChainProxy.java:336)\r\n	at org.springframework.security.web.servletapi.SecurityContextHolderAwareRequestFilter.doFilter(SecurityContextHolderAwareRequestFilter.java:149)\r\n	at org.springframework.security.web.FilterChainProxy$VirtualFilterChain.doFilter(FilterChainProxy.java:336)\r\n	at org.springframework.security.web.savedrequest.RequestCacheAwareFilter.doFilter(RequestCacheAwareFilter.java:63)\r\n	at org.springframework.security.web.FilterChainProxy$VirtualFilterChain.doFilter(FilterChainProxy.java:336)\r\n	at org.springframework.security.web.authentication.AbstractAuthenticationProcessingFilter.doFilter(AbstractAuthenticationProcessingFilter.java:218)\r\n	at org.springframework.security.web.authentication.AbstractAuthenticationProcessingFilter.doFilter(AbstractAuthenticationProcessingFilter.java:212)\r\n	at org.springframework.security.web.FilterChainProxy$VirtualFilterChain.doFilter(FilterChainProxy.java:336)\r\n	at com.bs.demo.security.VerifyCodeFilter.doFilterInternal(VerifyCodeFilter.java:58)\r\n	at org.springframework.web.filter.OncePerRequestFilter.doFilter(OncePerRequestFilter.java:119)\r\n	at org.springframework.security.web.FilterChainProxy$VirtualFilterChain.doFilter(FilterChainProxy.java:336)\r\n	at org.springframework.security.web.authentication.logout.LogoutFilter.doFilter(LogoutFilter.java:103)\r\n	at org.springframework.security.web.authentication.logout.LogoutFilter.doFilter(LogoutFilter.java:89)\r\n	at org.springframework.security.web.FilterChainProxy$VirtualFilterChain.doFilter(FilterChainProxy.java:336)\r\n	at org.springframework.web.filter.CorsFilter.doFilterInternal(CorsFilter.java:91)\r\n	at org.springframework.web.filter.OncePerRequestFilter.doFilter(OncePerRequestFilter.java:119)\r\n	at org.springframework.security.web.FilterChainProxy$VirtualFilterChain.doFilter(FilterChainProxy.java:336)\r\n	at org.springframework.security.web.header.HeaderWriterFilter.doHeadersAfter(HeaderWriterFilter.java:90)\r\n	at org.springframework.security.web.header.HeaderWriterFilter.doFilterInternal(HeaderWriterFilter.java:75)\r\n	at org.springframework.web.filter.OncePerRequestFilter.doFilter(OncePerRequestFilter.java:119)\r\n	at org.springframework.security.web.FilterChainProxy$VirtualFilterChain.doFilter(FilterChainProxy.java:336)\r\n	at org.springframework.security.web.context.SecurityContextPersistenceFilter.doFilter(SecurityContextPersistenceFilter.java:110)\r\n	at org.springframework.security.web.context.SecurityContextPersistenceFilter.doFilter(SecurityContextPersistenceFilter.java:80)\r\n	at org.springframework.security.web.FilterChainProxy$VirtualFilterChain.doFilter(FilterChainProxy.java:336)\r\n	at org.springframework.security.web.context.request.async.WebAsyncManagerIntegrationFilter.doFilterInternal(WebAsyncManagerIntegrationFilter.java:55)\r\n	at org.springframework.web.filter.OncePerRequestFilter.doFilter(OncePerRequestFilter.java:119)\r\n	at org.springframework.security.web.FilterChainProxy$VirtualFilterChain.doFilter(FilterChainProxy.java:336)\r\n	at org.springframework.security.web.FilterChainProxy.doFilterInternal(FilterChainProxy.java:211)\r\n	at org.springframework.security.web.FilterChainProxy.doFilter(FilterChainProxy.java:183)\r\n	at org.springframework.web.filter.DelegatingFilterProxy.invokeDelegate(DelegatingFilterProxy.java:358)\r\n	at org.springframework.web.filter.DelegatingFilterProxy.doFilter(DelegatingFilterProxy.java:271)\r\n	at org.apache.catalina.core.ApplicationFilterChain.internalDoFilter(ApplicationFilterChain.java:189)\r\n	at org.apache.catalina.core.ApplicationFilterChain.doFilter(ApplicationFilterChain.java:162)\r\n	at org.springframework.web.filter.RequestContextFilter.doFilterInternal(RequestContextFilter.java:100)\r\n	at org.springframework.web.filter.OncePerRequestFilter.doFilter(OncePerRequestFilter.java:119)\r\n	at org.apache.catalina.core.ApplicationFilterChain.internalDoFilter(ApplicationFilterChain.java:189)\r\n	at org.apache.catalina.core.ApplicationFilterChain.doFilter(ApplicationFilterChain.java:162)\r\n	at org.springframework.web.filter.FormContentFilter.doFilterInternal(FormContentFilter.java:93)\r\n	at org.springframework.web.filter.OncePerRequestFilter.doFilter(OncePerRequestFilter.java:119)\r\n	at org.apache.catalina.core.ApplicationFilterChain.internalDoFilter(ApplicationFilterChain.java:189)\r\n	at org.apache.catalina.core.ApplicationFilterChain.doFilter(ApplicationFilterChain.java:162)\r\n	at org.springframework.web.filter.CharacterEncodingFilter.doFilterInternal(CharacterEncodingFilter.java:201)\r\n	at org.springframework.web.filter.OncePerRequestFilter.doFilter(OncePerRequestFilter.java:119)\r\n	at org.apache.catalina.core.ApplicationFilterChain.internalDoFilter(ApplicationFilterChain.java:189)\r\n	at org.apache.catalina.core.ApplicationFilterChain.doFilter(ApplicationFilterChain.java:162)\r\n	at org.apache.catalina.core.StandardWrapperValve.invoke(StandardWrapperValve.java:197)\r\n	at org.apache.catalina.core.StandardContextValve.invoke(StandardContextValve.java:97)\r\n	at org.apache.catalina.authenticator.AuthenticatorBase.invoke(AuthenticatorBase.java:540)\r\n	at org.apache.catalina.core.StandardHostValve.invoke(StandardHostValve.java:135)\r\n	at org.apache.catalina.valves.ErrorReportValve.invoke(ErrorReportValve.java:92)\r\n	at org.apache.catalina.core.StandardEngineValve.invoke(StandardEngineValve.java:78)\r\n	at org.apache.catalina.connector.CoyoteAdapter.service(CoyoteAdapter.java:357)\r\n	at org.apache.coyote.http11.Http11Processor.service(Http11Processor.java:382)\r\n	at org.apache.coyote.AbstractProcessorLight.process(AbstractProcessorLight.java:65)\r\n	at org.apache.coyote.AbstractProtocol$ConnectionHandler.process(AbstractProtocol.java:895)\r\n	at org.apache.tomcat.util.net.NioEndpoint$SocketProcessor.doRun(NioEndpoint.java:1722)\r\n	at org.apache.tomcat.util.net.SocketProcessorBase.run(SocketProcessorBase.java:49)\r\n	at org.apache.tomcat.util.threads.ThreadPoolExecutor.runWorker(ThreadPoolExecutor.java:1191)\r\n	at org.apache.tomcat.util.threads.ThreadPoolExecutor$Worker.run(ThreadPoolExecutor.java:659)\r\n	at org.apache.tomcat.util.threads.TaskThread$WrappingRunnable.run(TaskThread.java:61)\r\n	at java.lang.Thread.run(Thread.java:748)\r\n', '2022-02-02 20:17:02');
INSERT INTO `logs` VALUES (860, '支付宝PC网页支付测试', 'INFO', 'com.bs.demo.controller.admin.AlipayController.toPayAsPc()', '{\"totalAmount\":\"123\",\"subject\":\"123\",\"outTradeNo\":\"202202022017561659\",\"body\":\"123\"}', '0:0:0:0:0:0:0:1', 7641, 'admin', '吉林省辽源市 联通', 'Chrome 97.0.4692.99', NULL, '2022-02-02 20:18:01');
INSERT INTO `logs` VALUES (861, '支付宝PC网页支付测试', 'INFO', 'com.bs.demo.controller.admin.AlipayController.toPayAsPcTest()', '{\"totalAmount\":\"123\",\"subject\":\"123\",\"outTradeNo\":\"202202022025318738\",\"body\":\"123\"}', '0:0:0:0:0:0:0:1', 343, 'admin', '吉林省辽源市 联通', 'Chrome 97.0.4692.99', NULL, '2022-02-02 20:25:35');
INSERT INTO `logs` VALUES (862, '支付宝PC网页支付测试', 'INFO', 'com.bs.demo.controller.admin.AlipayController.toPayAsPcTest()', '{\"totalAmount\":\"123\",\"subject\":\"123\",\"outTradeNo\":\"202202022026209089\",\"body\":\"123\"}', '0:0:0:0:0:0:0:1', 346, 'admin', '吉林省辽源市 联通', 'Chrome 97.0.4692.99', NULL, '2022-02-02 20:26:22');
INSERT INTO `logs` VALUES (863, '支付宝PC网页支付测试', 'INFO', 'com.bs.demo.controller.admin.AlipayController.toPayAsPcTest()', '{\"totalAmount\":\"123\",\"subject\":\"123\",\"outTradeNo\":\"202202022026505396\",\"body\":\"123\"}', '0:0:0:0:0:0:0:1', 11, 'admin', '吉林省辽源市 联通', 'Chrome 97.0.4692.99', NULL, '2022-02-02 20:26:50');
INSERT INTO `logs` VALUES (864, '支付宝PC网页支付测试', 'INFO', 'com.bs.demo.controller.admin.AlipayController.toPayAsPcTest()', '{\"totalAmount\":\"123\",\"subject\":\"123\",\"outTradeNo\":\"202202022035385634\",\"body\":\"123\"}', '0:0:0:0:0:0:0:1', 349, 'admin', '吉林省辽源市 联通', 'Chrome 97.0.4692.99', NULL, '2022-02-02 20:35:40');
INSERT INTO `logs` VALUES (865, '支付宝PC网页支付测试', 'INFO', 'com.bs.demo.controller.admin.AlipayController.toPayAsPcTest()', '{\"totalAmount\":\"123\",\"subject\":\"123\",\"outTradeNo\":\"202202022040434349\",\"body\":\"123\"}', '0:0:0:0:0:0:0:1', 343, 'admin', '吉林省辽源市 联通', 'Chrome 97.0.4692.99', NULL, '2022-02-02 20:40:45');
INSERT INTO `logs` VALUES (866, '支付宝PC网页支付测试', 'INFO', 'com.bs.demo.controller.admin.AlipayController.toPayAsPcTest()', '{\"totalAmount\":\"123\",\"subject\":\"123\",\"outTradeNo\":\"202202022040549800\",\"body\":\"123\"}', '0:0:0:0:0:0:0:1', 11, 'admin', '吉林省辽源市 联通', 'Chrome 97.0.4692.99', NULL, '2022-02-02 20:40:55');
INSERT INTO `logs` VALUES (867, '支付宝PC网页支付测试', 'INFO', 'com.bs.demo.controller.admin.AlipayController.toPayAsPcTest()', '{\"totalAmount\":\"123\",\"subject\":\"123\",\"outTradeNo\":\"202202022042183001\",\"body\":\"123\"}', '0:0:0:0:0:0:0:1', 22, 'admin', '吉林省辽源市 联通', 'Chrome 97.0.4692.99', NULL, '2022-02-02 20:42:19');
INSERT INTO `logs` VALUES (868, '支付宝PC网页支付测试', 'INFO', 'com.bs.demo.controller.admin.AlipayController.toPayAsPcTest()', '{\"totalAmount\":\"123\",\"subject\":\"123\",\"outTradeNo\":\"202202022042487165\",\"body\":\"123\"}', '0:0:0:0:0:0:0:1', 44861, 'admin', '吉林省辽源市 联通', 'Chrome 97.0.4692.99', NULL, '2022-02-02 20:43:34');
INSERT INTO `logs` VALUES (869, '支付宝PC网页支付测试', 'INFO', 'com.bs.demo.controller.admin.AlipayController.toPayAsPcTest()', '{\"totalAmount\":\"123\",\"subject\":\"123\",\"outTradeNo\":\"202202022044149924\",\"body\":\"123\"}', '0:0:0:0:0:0:0:1', 3060, 'admin', '吉林省辽源市 联通', 'Chrome 97.0.4692.99', NULL, '2022-02-02 20:44:19');
INSERT INTO `logs` VALUES (870, '支付宝PC网页支付测试', 'INFO', 'com.bs.demo.controller.admin.AlipayController.toPayAsPcTest()', '{\"totalAmount\":\"123\",\"subject\":\"123\",\"outTradeNo\":\"202202022046095684\",\"body\":\"123\"}', '0:0:0:0:0:0:0:1', 359, 'admin', '吉林省辽源市 联通', 'Chrome 97.0.4692.99', NULL, '2022-02-02 20:46:12');
INSERT INTO `logs` VALUES (871, '支付宝PC网页支付测试', 'INFO', 'com.bs.demo.controller.admin.AlipayController.toPayAsPcTest()', '{\"totalAmount\":\"123\",\"subject\":\"123\",\"outTradeNo\":\"202202022047268200\",\"body\":\"123\"}', '0:0:0:0:0:0:0:1', 340, 'admin', '吉林省辽源市 联通', 'Chrome 97.0.4692.99', NULL, '2022-02-02 20:47:28');
INSERT INTO `logs` VALUES (872, '支付宝PC网页支付测试', 'INFO', 'com.bs.demo.controller.admin.AlipayController.toPayAsPcTest()', '{\"totalAmount\":\"123\",\"subject\":\"123\",\"outTradeNo\":\"202202022049195727\",\"body\":\"123\"}', '0:0:0:0:0:0:0:1', 348, 'admin', '吉林省辽源市 联通', 'Chrome 97.0.4692.99', NULL, '2022-02-02 20:49:21');
INSERT INTO `logs` VALUES (873, '支付宝PC网页支付测试', 'INFO', 'com.bs.demo.controller.admin.AlipayController.toPayAsPcTest()', '{\"totalAmount\":\"123\",\"subject\":\"123\",\"outTradeNo\":\"202202022055062641\",\"body\":\"123\"}', '0:0:0:0:0:0:0:1', 332, 'admin', '吉林省辽源市 联通', 'Chrome 97.0.4692.99', NULL, '2022-02-02 20:55:07');
INSERT INTO `logs` VALUES (874, '支付宝PC网页支付测试', 'INFO', 'com.bs.demo.controller.admin.AlipayController.toPayAsPcTest()', '{\"totalAmount\":\"123\",\"subject\":\"123\",\"outTradeNo\":\"202202022055099862\",\"body\":\"123\"}', '0:0:0:0:0:0:0:1', 11, 'admin', '吉林省辽源市 联通', 'Chrome 97.0.4692.99', NULL, '2022-02-02 20:55:09');
INSERT INTO `logs` VALUES (875, '支付宝PC网页支付测试', 'INFO', 'com.bs.demo.controller.admin.AlipayController.toPayAsPcTest()', '{\"totalAmount\":\"123\",\"subject\":\"123\",\"outTradeNo\":\"202202022056165557\",\"body\":\"123\"}', '0:0:0:0:0:0:0:1', 353, 'admin', '吉林省辽源市 联通', 'Chrome 97.0.4692.99', NULL, '2022-02-02 20:56:19');
INSERT INTO `logs` VALUES (876, '支付宝PC网页支付测试', 'INFO', 'com.bs.demo.controller.admin.AlipayController.toPayAsPcTest()', '{\"totalAmount\":\"123\",\"subject\":\"123\",\"outTradeNo\":\"202202022057073988\",\"body\":\"123\"}', '0:0:0:0:0:0:0:1', 337, 'admin', '吉林省辽源市 联通', 'Chrome 97.0.4692.99', NULL, '2022-02-02 20:57:09');
INSERT INTO `logs` VALUES (877, '支付宝PC网页支付测试', 'INFO', 'com.bs.demo.controller.admin.AlipayController.toPayAsPcTest()', '{\"totalAmount\":\"123\",\"subject\":\"123\",\"outTradeNo\":\"202202022057371792\",\"body\":\"123\"}', '0:0:0:0:0:0:0:1', 10, 'admin', '吉林省辽源市 联通', 'Chrome 97.0.4692.99', NULL, '2022-02-02 20:57:37');
INSERT INTO `logs` VALUES (878, '支付宝PC网页支付测试', 'INFO', 'com.bs.demo.controller.admin.AlipayController.toPayAsPcTest()', '{\"totalAmount\":\"123\",\"subject\":\"123\",\"outTradeNo\":\"202202022057449705\",\"body\":\"123\"}', '0:0:0:0:0:0:0:1', 2210, 'admin', '吉林省辽源市 联通', 'Chrome 97.0.4692.99', NULL, '2022-02-02 20:57:44');
INSERT INTO `logs` VALUES (879, '支付宝PC网页支付测试', 'INFO', 'com.bs.demo.controller.admin.AlipayController.toPayAsPcTest()', '{\"totalAmount\":\"123\",\"subject\":\"123\",\"outTradeNo\":\"202202022058478507\",\"body\":\"123\"}', '0:0:0:0:0:0:0:1', 4102, 'admin', '吉林省辽源市 联通', 'Chrome 97.0.4692.99', NULL, '2022-02-02 20:58:49');
INSERT INTO `logs` VALUES (880, '支付宝PC网页支付测试', 'INFO', 'com.bs.demo.controller.admin.AlipayController.toPayAsPcTest()', '{\"totalAmount\":\"123\",\"subject\":\"123\",\"outTradeNo\":\"202202022059274141\",\"body\":\"123\"}', '0:0:0:0:0:0:0:1', 338, 'admin', '吉林省辽源市 联通', 'Chrome 97.0.4692.99', NULL, '2022-02-02 20:59:29');
INSERT INTO `logs` VALUES (881, '支付宝PC网页支付测试', 'INFO', 'com.bs.demo.controller.admin.AlipayController.toPayAsPcTest()', '{\"totalAmount\":\"123\",\"subject\":\"123\",\"outTradeNo\":\"202202022133404367\",\"body\":\"123\"}', '0:0:0:0:0:0:0:1', 11, 'admin', '吉林省辽源市 联通', 'Chrome 97.0.4692.99', NULL, '2022-02-02 21:33:41');
INSERT INTO `logs` VALUES (882, '支付宝PC网页支付测试', 'INFO', 'com.bs.demo.controller.admin.AlipayController.toPayAsPcTest()', '{\"totalAmount\":\"123\",\"subject\":\"123\",\"outTradeNo\":\"202202022134191353\",\"body\":\"123\"}', '0:0:0:0:0:0:0:1', 9, 'admin', '吉林省辽源市 联通', 'Chrome 97.0.4692.99', NULL, '2022-02-02 21:34:19');
INSERT INTO `logs` VALUES (883, '支付宝PC网页支付测试', 'INFO', 'com.bs.demo.controller.admin.AlipayController.toPayAsPcTest()', '{\"totalAmount\":\"123\",\"subject\":\"123\",\"outTradeNo\":\"202202022134341176\",\"body\":\"123\"}', '0:0:0:0:0:0:0:1', 9, 'admin', '吉林省辽源市 联通', 'Chrome 97.0.4692.99', NULL, '2022-02-02 21:34:35');
INSERT INTO `logs` VALUES (884, '支付宝PC网页支付测试', 'INFO', 'com.bs.demo.controller.admin.AlipayController.toPayAsPcTest()', '{\"totalAmount\":\"123\",\"subject\":\"123\",\"outTradeNo\":\"202202022136143020\",\"body\":\"123\"}', '0:0:0:0:0:0:0:1', 353, 'admin', '吉林省辽源市 联通', 'Chrome 97.0.4692.99', NULL, '2022-02-02 21:36:15');
INSERT INTO `logs` VALUES (885, '支付宝PC网页支付测试', 'INFO', 'com.bs.demo.controller.admin.AlipayController.toPayAsPcTest()', '{\"totalAmount\":\"123\",\"subject\":\"123\",\"outTradeNo\":\"202202022136571014\",\"body\":\"123\"}', '0:0:0:0:0:0:0:1', 344, 'admin', '吉林省辽源市 联通', 'Chrome 97.0.4692.99', NULL, '2022-02-02 21:36:59');
INSERT INTO `logs` VALUES (886, '支付宝PC网页支付测试', 'INFO', 'com.bs.demo.controller.admin.AlipayController.toPayAsPcTest()', '{\"totalAmount\":\"123\",\"subject\":\"123\",\"outTradeNo\":\"202202022137034361\",\"body\":\"123\"}', '0:0:0:0:0:0:0:1', 10, 'admin', '吉林省辽源市 联通', 'Chrome 97.0.4692.99', NULL, '2022-02-02 21:37:04');
INSERT INTO `logs` VALUES (887, '支付宝PC网页支付测试', 'INFO', 'com.bs.demo.controller.admin.AlipayController.toPayAsPcTest()', '{\"totalAmount\":\"123\",\"subject\":\"123\",\"outTradeNo\":\"202202022137242940\",\"body\":\"123\"}', '0:0:0:0:0:0:0:1', 9, 'admin', '吉林省辽源市 联通', 'Chrome 97.0.4692.99', NULL, '2022-02-02 21:37:24');
INSERT INTO `logs` VALUES (888, '支付宝PC网页支付测试', 'INFO', 'com.bs.demo.controller.admin.AlipayController.toPayAsPcTest()', '{\"totalAmount\":\"123\",\"subject\":\"213\",\"outTradeNo\":\"202202022137461191\",\"body\":\"123\"}', '0:0:0:0:0:0:0:1', 10, 'admin', '吉林省辽源市 联通', 'Chrome 97.0.4692.99', NULL, '2022-02-02 21:37:47');
INSERT INTO `logs` VALUES (889, '支付宝PC网页支付测试', 'INFO', 'com.bs.demo.controller.admin.AlipayController.toPayAsPcTest()', '{\"totalAmount\":\"1230\",\"subject\":\"123\",\"outTradeNo\":\"202202022139499995\",\"body\":\"123\"}', '0:0:0:0:0:0:0:1', 9, 'admin', '吉林省辽源市 联通', 'Chrome 97.0.4692.99', NULL, '2022-02-02 21:39:50');
INSERT INTO `logs` VALUES (890, '支付宝PC网页支付测试', 'INFO', 'com.bs.demo.controller.admin.AlipayController.toPayAsPcTest()', '{\"totalAmount\":\"1230\",\"subject\":\"123\",\"outTradeNo\":\"202202022141256483\",\"body\":\"123\"}', '0:0:0:0:0:0:0:1', 9, 'admin', '吉林省辽源市 联通', 'Chrome 97.0.4692.99', NULL, '2022-02-02 21:41:26');
INSERT INTO `logs` VALUES (891, '支付宝PC网页支付测试', 'INFO', 'com.bs.demo.controller.admin.AlipayController.toPayAsPcTest()', '{\"totalAmount\":\"123\",\"subject\":\"123\",\"outTradeNo\":\"202202022142154616\",\"body\":\"123\"}', '0:0:0:0:0:0:0:1', 10, 'admin', '吉林省辽源市 联通', 'Chrome 97.0.4692.99', NULL, '2022-02-02 21:42:15');
INSERT INTO `logs` VALUES (892, '支付宝PC网页支付测试', 'INFO', 'com.bs.demo.controller.admin.AlipayController.toPayAsPcTest()', '{\"totalAmount\":\"123\",\"subject\":\"123\",\"outTradeNo\":\"202202022143296389\",\"body\":\"123\"}', '0:0:0:0:0:0:0:1', 9, 'admin', '吉林省辽源市 联通', 'Chrome 97.0.4692.99', NULL, '2022-02-02 21:43:29');
INSERT INTO `logs` VALUES (893, '支付宝PC网页支付测试', 'INFO', 'com.bs.demo.controller.admin.AlipayController.toPayAsPcTest()', '{\"totalAmount\":\"123\",\"subject\":\"123\",\"outTradeNo\":\"202202022143407481\",\"body\":\"123\"}', '0:0:0:0:0:0:0:1', 11, 'admin', '吉林省辽源市 联通', 'Chrome 97.0.4692.99', NULL, '2022-02-02 21:43:40');
INSERT INTO `logs` VALUES (894, '支付宝PC网页支付测试', 'INFO', 'com.bs.demo.controller.admin.AlipayController.toPayAsPcTest()', '{\"totalAmount\":\"5000\",\"subject\":\"132123\",\"outTradeNo\":\"202202022145585681\",\"body\":\"12312312\"}', '0:0:0:0:0:0:0:1', 13, 'admin', '吉林省辽源市 联通', 'Chrome 97.0.4692.99', NULL, '2022-02-02 21:45:59');
INSERT INTO `logs` VALUES (895, '支付宝PC网页支付测试', 'INFO', 'com.bs.demo.controller.admin.AlipayController.toPayAsPcTest()', '{\"totalAmount\":\"19.99\",\"subject\":\"1231\",\"outTradeNo\":\"202202022210081358\",\"body\":\"12312\"}', '0:0:0:0:0:0:0:1', 9, 'admin', '吉林省辽源市 联通', 'Chrome 97.0.4692.99', NULL, '2022-02-02 22:10:09');
INSERT INTO `logs` VALUES (906, '删除日志', 'INFO', 'com.bs.demo.controller.admin.LogsController.deleteRole()', '[{\"logType\":\"INFO\",\"address\":\"吉林省辽源市 联通\",\"method\":\"com.bs.demo.controller.admin.AlipayController.toPayAsPcTest()\",\"createTime\":1643814502000,\"browser\":\"Chrome 97.0.4692.99\",\"description\":\"支付宝PC网页支付测试\",\"logId\":905,\"requestIp\":\"0:0:0:0:0:0:0:1\",\"time\":16,\"userName\":\"admin\",\"params\":\"{\\\"totalAmount\\\":\\\"100\\\",\\\"subject\\\":\\\"测试\\\",\\\"outTradeNo\\\":\\\"202202022308215833\\\",\\\"body\\\":\\\"测试描述\\\"}\"},{\"logType\":\"INFO\",\"address\":\"吉林省辽源市 联通\",\"method\":\"com.bs.demo.controller.admin.AlipayController.toPayAsPcTest()\",\"createTime\":1643814353000,\"browser\":\"Chrome 97.0.4692.99\",\"description\":\"支付宝PC网页支付测试\",\"logId\":904,\"requestIp\":\"0:0:0:0:0:0:0:1\",\"time\":11,\"userName\":\"admin\",\"params\":\"{\\\"totalAmount\\\":\\\"100\\\",\\\"subject\\\":\\\"测试\\\",\\\"outTradeNo\\\":\\\"202202022305525574\\\",\\\"body\\\":\\\"测试描述\\\"}\"},{\"logType\":\"INFO\",\"address\":\"吉林省辽源市 联通\",\"method\":\"com.bs.demo.controller.admin.AlipayController.toPayAsPcTest()\",\"createTime\":1643813293000,\"browser\":\"Chrome 97.0.4692.99\",\"description\":\"支付宝PC网页支付测试\",\"logId\":903,\"requestIp\":\"0:0:0:0:0:0:0:1\",\"time\":216,\"userName\":\"admin\",\"params\":\"{\\\"totalAmount\\\":\\\"100\\\",\\\"subject\\\":\\\"测试\\\",\\\"outTradeNo\\\":\\\"202202022248119160\\\",\\\"body\\\":\\\"测试描述\\\"}\"},{\"logType\":\"INFO\",\"address\":\"吉林省辽源市 联通\",\"method\":\"com.bs.demo.controller.admin.AlipayController.toPayAsPcTest()\",\"createTime\":1643811353000,\"browser\":\"Chrome 97.0.4692.99\",\"description\":\"支付宝PC网页支付测试\",\"logId\":902,\"requestIp\":\"0:0:0:0:0:0:0:1\",\"time\":8,\"userName\":\"admin\",\"params\":\"{\\\"totalAmount\\\":\\\"100\\\",\\\"subject\\\":\\\"测试\\\",\\\"outTradeNo\\\":\\\"202202022215522873\\\",\\\"body\\\":\\\"测试描述\\\"}\"},{\"logType\":\"INFO\",\"address\":\"吉林省辽源市 联通\",\"method\":\"com.bs.demo.controller.admin.AlipayController.toPayAsPcTest()\",\"createTime\":1643811284000,\"browser\":\"Chrome 97.0.4692.99\",\"description\":\"支付宝PC网页支付测试\",\"logId\":901,\"requestIp\":\"0:0:0:0:0:0:0:1\",\"time\":9,\"userName\":\"admin\",\"params\":\"{\\\"totalAmount\\\":\\\"100\\\",\\\"subject\\\":\\\"测试\\\",\\\"outTradeNo\\\":\\\"202202022214431004\\\",\\\"body\\\":\\\"测试描述\\\"}\"},{\"logType\":\"INFO\",\"address\":\"吉林省辽源市 联通\",\"method\":\"com.bs.demo.controller.admin.AlipayController.toPayAsPcTest()\",\"createTime\":1643811162000,\"browser\":\"Chrome 97.0.4692.99\",\"description\":\"支付宝PC网页支付测试\",\"logId\":900,\"requestIp\":\"0:0:0:0:0:0:0:1\",\"time\":9,\"userName\":\"admin\",\"params\":\"{\\\"totalAmount\\\":\\\"123\\\",\\\"subject\\\":\\\"123\\\",\\\"outTradeNo\\\":\\\"202202022212418636\\\",\\\"body\\\":\\\"123\\\"}\"},{\"logType\":\"INFO\",\"address\":\"吉林省辽源市 联通\",\"method\":\"com.bs.demo.controller.admin.AlipayController.toPayAsPcTest()\",\"createTime\":1643811154000,\"browser\":\"Chrome 97.0.4692.99\",\"description\":\"支付宝PC网页支付测试\",\"logId\":899,\"requestIp\":\"0:0:0:0:0:0:0:1\",\"time\":8,\"userName\":\"admin\",\"params\":\"{\\\"totalAmount\\\":\\\"123\\\",\\\"subject\\\":\\\"123\\\",\\\"outTradeNo\\\":\\\"202202022212335215\\\",\\\"body\\\":\\\"123\\\"}\"},{\"logType\":\"INFO\",\"address\":\"吉林省辽源市 联通\",\"method\":\"com.bs.demo.controller.admin.AlipayController.toPayAsPcTest()\",\"createTime\":1643811144000,\"browser\":\"Chrome 97.0.4692.99\",\"description\":\"支付宝PC网页支付测试\",\"logId\":898,\"requestIp\":\"0:0:0:0:0:0:0:1\",\"time\":8,\"userName\":\"admin\",\"params\":\"{\\\"totalAmount\\\":\\\"123\\\",\\\"subject\\\":\\\"123\\\",\\\"outTradeNo\\\":\\\"202202022212243359\\\",\\\"body\\\":\\\"123\\\"}\"},{\"logType\":\"INFO\",\"address\":\"吉林省辽源市 联通\",\"method\":\"com.bs.demo.controller.admin.AlipayController.toPayAsPcTest()\",\"createTime\":1643811138000,\"browser\":\"Chrome 97.0.4692.99\",\"description\":\"支付宝PC网页支付测试\",\"logId\":897,\"requestIp\":\"0:0:0:0:0:0:0:1\",\"time\":9,\"userName\":\"admin\",\"params\":\"{\\\"totalAmount\\\":\\\"123\\\",\\\"subject\\\":\\\"123\\\",\\\"outTradeNo\\\":\\\"202202022212174805\\\",\\\"body\\\":\\\"123\\\"}\"},{\"logType\":\"INFO\",\"address\":\"吉林省辽源市 联通\",\"method\":\"com.bs.demo.controller.admin.AlipayController.toPayAsPcTest()\",\"createTime\":1643811119000,\"browser\":\"Chrome 97.0.4692.99\",\"description\":\"支付宝PC网页支付测试\",\"logId\":896,\"requestIp\":\"0:0:0:0:0:0:0:1\",\"time\":14,\"userName\":\"admin\",\"params\":\"{\\\"totalAmount\\\":\\\"123\\\",\\\"subject\\\":\\\"123\\\",\\\"outTradeNo\\\":\\\"202202022211598589\\\",\\\"body\\\":\\\"123\\\"}\"}]', '0:0:0:0:0:0:0:1', 9, 'admin', '吉林省辽源市 联通', 'Chrome 97.0.4692.99', NULL, '2022-02-02 23:09:17');
INSERT INTO `logs` VALUES (907, '修改用户', 'INFO', 'com.bs.demo.controller.admin.UserController.userEdit()', '{\"phone\":\"13940250784\",\"nickName\":\"aaa123\",\"roleId\":2,\"sex\":\"1\",\"roleName\":\"\",\"description\":\"\",\"userName\":\"aaa\",\"userId\":3,\"email\":\"123456789@qq.com\",\"status\":1}', '0:0:0:0:0:0:0:1', 15, 'admin', '吉林省辽源市 联通', 'Chrome 97.0.4692.99', NULL, '2022-02-02 23:10:00');
INSERT INTO `logs` VALUES (908, '支付宝PC网页支付测试', 'INFO', 'com.bs.demo.controller.admin.AlipayController.toPayAsPcTest()', '{\"totalAmount\":\"2000\",\"subject\":\"测试\",\"outTradeNo\":\"202202022319016997\",\"body\":\"测试描述\"}', '0:0:0:0:0:0:0:1', 22, 'admin', '吉林省辽源市 联通', 'Chrome 97.0.4692.99', NULL, '2022-02-02 23:19:03');
INSERT INTO `logs` VALUES (909, '支付宝PC网页支付测试', 'INFO', 'com.bs.demo.controller.admin.AlipayController.toPayAsPcTest()', '{\"totalAmount\":\"100\",\"subject\":\"测试\",\"outTradeNo\":\"202202030335459247\",\"body\":\"测试描述\"}', '0:0:0:0:0:0:0:1', 189, 'admin', '吉林省辽源市 联通', 'Chrome 96.0.4664.175', NULL, '2022-02-03 03:35:47');
INSERT INTO `logs` VALUES (910, '支付宝PC网页支付测试', 'INFO', 'com.bs.demo.controller.admin.AlipayController.toPayAsPcTest()', '{\"totalAmount\":\"100\",\"subject\":\"测试\",\"outTradeNo\":\"202202030340479788\",\"body\":\"测试描述\"}', '192.168.31.244', 181, 'admin', ' 局域网', 'Firefox 96.0', NULL, '2022-02-03 03:40:48');
INSERT INTO `logs` VALUES (911, '支付宝PC网页支付测试', 'INFO', 'com.bs.demo.controller.admin.AlipayController.toPayAsPcTest()', '{\"totalAmount\":\"100\",\"subject\":\"测试\",\"outTradeNo\":\"202202030340585205\",\"body\":\"测试描述\"}', '192.168.31.244', 9, 'admin', ' 局域网', 'Firefox 96.0', NULL, '2022-02-03 03:40:58');
INSERT INTO `logs` VALUES (912, '修改菜单', 'INFO', 'com.bs.demo.controller.admin.RoleController.userEdit()', '{\"roleId\":2,\"roleName\":\"MERCHANTS\",\"description\":\"管理员\"}', '0:0:0:0:0:0:0:1', 7, 'admin', '吉林省辽源市 联通', 'Chrome 97.0.4692.99', NULL, '2022-02-03 03:46:16');
INSERT INTO `logs` VALUES (913, '更改角色权限', 'INFO', 'com.bs.demo.controller.admin.RoleMenuController.roleMenuChange()', '{\"roleId\":2,\"menuId\":61}', '0:0:0:0:0:0:0:1', 4, 'admin', '吉林省辽源市 联通', 'Chrome 97.0.4692.99', NULL, '2022-02-03 03:46:27');
INSERT INTO `logs` VALUES (914, '更改角色权限', 'INFO', 'com.bs.demo.controller.admin.RoleMenuController.roleMenuChange()', '{\"roleId\":2,\"menuId\":61}', '0:0:0:0:0:0:0:1', 7, 'admin', '吉林省辽源市 联通', 'Chrome 97.0.4692.99', NULL, '2022-02-03 03:46:36');
INSERT INTO `logs` VALUES (915, '更改角色权限', 'INFO', 'com.bs.demo.controller.admin.RoleMenuController.roleMenuChange()', '{\"roleId\":2,\"menuId\":61}', '0:0:0:0:0:0:0:1', 3, 'admin', '吉林省辽源市 联通', 'Chrome 97.0.4692.99', NULL, '2022-02-03 03:46:40');
INSERT INTO `logs` VALUES (916, '更改角色权限', 'INFO', 'com.bs.demo.controller.admin.RoleMenuController.roleMenuChange()', '{\"roleId\":2,\"menuId\":4}', '0:0:0:0:0:0:0:1', 4, 'admin', '吉林省辽源市 联通', 'Chrome 97.0.4692.99', NULL, '2022-02-03 03:47:16');
INSERT INTO `logs` VALUES (917, '更改角色权限', 'INFO', 'com.bs.demo.controller.admin.RoleMenuController.roleMenuChange()', '{\"roleId\":2,\"menuId\":3}', '0:0:0:0:0:0:0:1', 4, 'admin', '吉林省辽源市 联通', 'Chrome 97.0.4692.99', NULL, '2022-02-03 03:47:16');
INSERT INTO `logs` VALUES (918, '更改角色权限', 'INFO', 'com.bs.demo.controller.admin.RoleMenuController.roleMenuChange()', '{\"roleId\":2,\"menuId\":5}', '0:0:0:0:0:0:0:1', 4, 'admin', '吉林省辽源市 联通', 'Chrome 97.0.4692.99', NULL, '2022-02-03 03:47:18');
INSERT INTO `logs` VALUES (919, '更改角色权限', 'INFO', 'com.bs.demo.controller.admin.RoleMenuController.roleMenuChange()', '{\"roleId\":2,\"menuId\":2}', '0:0:0:0:0:0:0:1', 4, 'admin', '吉林省辽源市 联通', 'Chrome 97.0.4692.99', NULL, '2022-02-03 03:47:27');
INSERT INTO `logs` VALUES (920, '支付宝PC网页支付测试', 'INFO', 'com.bs.demo.controller.admin.AlipayController.toPayAsPcTest()', '{\"totalAmount\":\"100\",\"subject\":\"测试\",\"outTradeNo\":\"202202031128523983\",\"body\":\"测试描述\"}', '0:0:0:0:0:0:0:1', 281, 'admin', '吉林省辽源市 联通', 'Chrome 97.0.4692.99', NULL, '2022-02-03 11:28:53');
INSERT INTO `logs` VALUES (921, '支付宝PC网页支付测试', 'INFO', 'com.bs.demo.controller.admin.AlipayController.toPayAsPcTest()', '{\"totalAmount\":\"100\",\"subject\":\"测试\",\"outTradeNo\":\"202202031129464835\",\"body\":\"测试描述\"}', '0:0:0:0:0:0:0:1', 10, 'admin', '吉林省辽源市 联通', 'Chrome 97.0.4692.99', NULL, '2022-02-03 11:29:47');
INSERT INTO `logs` VALUES (922, '支付宝PC网页支付测试', 'INFO', 'com.bs.demo.controller.admin.AlipayController.toPayAsPcTest()', '{\"totalAmount\":\"100\",\"subject\":\"测试\",\"outTradeNo\":\"202202031129509807\",\"body\":\"测试描述\"}', '0:0:0:0:0:0:0:1', 9, 'admin', '吉林省辽源市 联通', 'Chrome 97.0.4692.99', NULL, '2022-02-03 11:29:51');
INSERT INTO `logs` VALUES (923, '修改用户', 'INFO', 'com.bs.demo.controller.admin.UserController.userEdit()', '{\"nickName\":\"aaa123\",\"roleId\":2,\"sex\":\"1\",\"description\":\"管理员\",\"updateUser\":\"admin\",\"updateTime\":1643814600000,\"avatar\":\"avatar.gif\",\"userName\":\"aaa\",\"userId\":3,\"password\":\"$2a$10$sL9mO62VjZmvybFlXWWZ.uTBxZvtoEmf1AjUypA/ofYyZbDQMSX9q\",\"phone\":\"13940250784\",\"createTime\":1643651381000,\"roleName\":\"MERCHANTS\",\"createUser\":\"admin\",\"email\":\"123456789@qq.com\",\"status\":0}', '0:0:0:0:0:0:0:1', 13, 'admin', '吉林省辽源市 联通', 'Chrome 97.0.4692.99', NULL, '2022-02-03 11:40:42');
INSERT INTO `logs` VALUES (924, '修改用户', 'INFO', 'com.bs.demo.controller.admin.UserController.userEdit()', '{\"nickName\":\"aaa123\",\"roleId\":2,\"sex\":\"1\",\"description\":\"管理员\",\"updateUser\":\"admin\",\"updateTime\":1643859641000,\"avatar\":\"avatar.gif\",\"userName\":\"aaa\",\"userId\":3,\"password\":\"$2a$10$sL9mO62VjZmvybFlXWWZ.uTBxZvtoEmf1AjUypA/ofYyZbDQMSX9q\",\"phone\":\"13940250784\",\"createTime\":1643651381000,\"roleName\":\"MERCHANTS\",\"createUser\":\"admin\",\"email\":\"123456789@qq.com\",\"status\":1}', '0:0:0:0:0:0:0:1', 9, 'admin', '吉林省辽源市 联通', 'Chrome 97.0.4692.99', NULL, '2022-02-03 11:40:51');
INSERT INTO `logs` VALUES (925, '支付宝PC网页支付测试', 'INFO', 'com.bs.demo.controller.admin.AlipayController.toPayAsPcTest()', '{\"totalAmount\":\"100\",\"subject\":\"测试\",\"outTradeNo\":\"202202031141118451\",\"body\":\"测试描述\"}', '0:0:0:0:0:0:0:1', 11, 'admin', '吉林省辽源市 联通', 'Chrome 97.0.4692.99', NULL, '2022-02-03 11:41:11');
INSERT INTO `logs` VALUES (926, '支付宝PC网页支付测试', 'INFO', 'com.bs.demo.controller.admin.AlipayController.toPayAsPcTest()', '{\"totalAmount\":\"10\",\"subject\":\"测试\",\"outTradeNo\":\"202202031141368435\",\"body\":\"测试描述\"}', '0:0:0:0:0:0:0:1', 10, 'admin', '吉林省辽源市 联通', 'Chrome 97.0.4692.99', NULL, '2022-02-03 11:41:37');
INSERT INTO `logs` VALUES (927, '支付宝PC网页支付测试', 'INFO', 'com.bs.demo.controller.admin.AlipayController.toPayAsPcTest()', '{\"totalAmount\":\"5000\",\"subject\":\"测试\",\"outTradeNo\":\"202202031142034862\",\"body\":\"测试描述\"}', '0:0:0:0:0:0:0:1', 9, 'admin', '吉林省辽源市 联通', 'Chrome 97.0.4692.99', NULL, '2022-02-03 11:42:04');
INSERT INTO `logs` VALUES (928, '支付宝PC网页支付测试', 'INFO', 'com.bs.demo.controller.admin.AlipayController.toPayAsPcTest()', '{\"totalAmount\":\"5000\",\"subject\":\"测试\",\"outTradeNo\":\"202202031142405491\",\"body\":\"测试描述\"}', '0:0:0:0:0:0:0:1', 9, 'admin', '吉林省辽源市 联通', 'Chrome 97.0.4692.99', NULL, '2022-02-03 11:42:41');
INSERT INTO `logs` VALUES (929, '支付宝PC网页支付测试', 'INFO', 'com.bs.demo.controller.admin.AlipayController.toPayAsPcTest()', '{\"totalAmount\":\"100\",\"subject\":\"测试\",\"outTradeNo\":\"202202041123394681\",\"body\":\"测试描述\"}', '0:0:0:0:0:0:0:1', 441, 'admin', '吉林省辽源市 联通', 'Chrome 97.0.4692.99', NULL, '2022-02-04 11:23:40');
INSERT INTO `logs` VALUES (930, '支付宝PC网页支付测试', 'INFO', 'com.bs.demo.controller.admin.AlipayController.toPayAsPcTest()', '{\"totalAmount\":\"100\",\"subject\":\"测试\",\"outTradeNo\":\"202202041124195667\",\"body\":\"测试描述\"}', '0:0:0:0:0:0:0:1', 10, 'admin', '吉林省辽源市 联通', 'Chrome 97.0.4692.99', NULL, '2022-02-04 11:24:20');
INSERT INTO `logs` VALUES (931, '支付宝PC网页支付测试', 'INFO', 'com.bs.demo.controller.admin.AlipayController.toPayAsPcTest()', '{\"totalAmount\":\"100\",\"subject\":\"测试\",\"outTradeNo\":\"202202041126234276\",\"body\":\"测试描述\"}', '0:0:0:0:0:0:0:1', 10, 'admin', '吉林省辽源市 联通', 'Chrome 97.0.4692.99', NULL, '2022-02-04 11:26:23');
INSERT INTO `logs` VALUES (932, '支付宝PC网页支付测试', 'INFO', 'com.bs.demo.controller.admin.AlipayController.toPayAsPcTest()', '{\"totalAmount\":\"100\",\"subject\":\"测试\",\"outTradeNo\":\"202202041129096551\",\"body\":\"测试描述\"}', '0:0:0:0:0:0:0:1', 21, 'admin', '吉林省辽源市 联通', 'Chrome 97.0.4692.99', NULL, '2022-02-04 11:29:09');
INSERT INTO `logs` VALUES (933, '支付宝PC网页支付测试', 'INFO', 'com.bs.demo.controller.admin.AlipayController.toPayAsPcTest()', '{\"totalAmount\":\"100\",\"subject\":\"测试\",\"outTradeNo\":\"202202041134575516\",\"body\":\"测试描述\"}', '0:0:0:0:0:0:0:1', 27253, 'admin', '吉林省辽源市 联通', 'Chrome 97.0.4692.99', NULL, '2022-02-04 11:35:26');
INSERT INTO `logs` VALUES (934, '支付宝PC网页支付测试', 'INFO', 'com.bs.demo.controller.admin.AlipayController.toPayAsPcTest()', '{\"totalAmount\":\"100\",\"subject\":\"测试\",\"outTradeNo\":\"202202041135293479\",\"body\":\"测试描述\"}', '0:0:0:0:0:0:0:1', 6316, 'admin', '吉林省辽源市 联通', 'Chrome 97.0.4692.99', NULL, '2022-02-04 11:35:36');
INSERT INTO `logs` VALUES (935, '支付宝PC网页支付测试', 'INFO', 'com.bs.demo.controller.admin.AlipayController.toPayAsPcTest()', '{\"totalAmount\":\"100\",\"subject\":\"测试\",\"outTradeNo\":\"202202041135459728\",\"body\":\"测试描述\"}', '0:0:0:0:0:0:0:1', 9, 'admin', '吉林省辽源市 联通', 'Chrome 97.0.4692.99', NULL, '2022-02-04 11:35:45');
INSERT INTO `logs` VALUES (936, '支付宝PC网页支付测试', 'INFO', 'com.bs.demo.controller.admin.AlipayController.toPayAsPcTest()', '{\"totalAmount\":\"100\",\"subject\":\"测试\",\"outTradeNo\":\"202202041139004362\",\"body\":\"测试描述\"}', '0:0:0:0:0:0:0:1', 9, 'admin', '吉林省辽源市 联通', 'Chrome 97.0.4692.99', NULL, '2022-02-04 11:39:00');
INSERT INTO `logs` VALUES (937, '支付宝PC网页支付测试', 'INFO', 'com.bs.demo.controller.admin.AlipayController.toPayAsPcTest()', '{\"totalAmount\":\"100\",\"subject\":\"测试\",\"outTradeNo\":\"202202041139089542\",\"body\":\"测试描述\"}', '0:0:0:0:0:0:0:1', 10, 'admin', '吉林省辽源市 联通', 'Chrome 97.0.4692.99', NULL, '2022-02-04 11:39:08');
INSERT INTO `logs` VALUES (938, '支付宝PC网页支付测试', 'INFO', 'com.bs.demo.controller.admin.AlipayController.toPayAsPcTest()', '{\"totalAmount\":\"100\",\"subject\":\"测试\",\"outTradeNo\":\"202202041141529577\",\"body\":\"测试描述\"}', '0:0:0:0:0:0:0:1', 9, 'admin', '吉林省辽源市 联通', 'Chrome 97.0.4692.99', NULL, '2022-02-04 11:41:52');
INSERT INTO `logs` VALUES (939, '支付宝PC网页支付测试', 'INFO', 'com.bs.demo.controller.admin.AlipayController.toPayAsPcTest()', '{\"totalAmount\":\"100\",\"subject\":\"测试\",\"outTradeNo\":\"202202041142306863\",\"body\":\"测试描述\"}', '0:0:0:0:0:0:0:1', 8, 'admin', '吉林省辽源市 联通', 'Chrome 97.0.4692.99', NULL, '2022-02-04 11:42:30');
INSERT INTO `logs` VALUES (940, '支付宝PC网页支付测试', 'INFO', 'com.bs.demo.controller.admin.AlipayController.toPayAsPcTest()', '{\"totalAmount\":\"100\",\"subject\":\"测试\",\"outTradeNo\":\"202202041142344548\",\"body\":\"测试描述\"}', '0:0:0:0:0:0:0:1', 9, 'admin', '吉林省辽源市 联通', 'Chrome 97.0.4692.99', NULL, '2022-02-04 11:42:35');
INSERT INTO `logs` VALUES (941, '支付宝PC网页支付测试', 'INFO', 'com.bs.demo.controller.admin.AlipayController.toPayAsPcTest()', '{\"totalAmount\":\"100\",\"subject\":\"测试\",\"outTradeNo\":\"202202041200444015\",\"body\":\"测试描述\"}', '0:0:0:0:0:0:0:1', 10, 'admin', '吉林省辽源市 联通', 'Chrome 97.0.4692.99', NULL, '2022-02-04 12:00:44');
INSERT INTO `logs` VALUES (942, '支付宝PC网页支付测试', 'INFO', 'com.bs.demo.controller.admin.AlipayController.toPayAsPcTest()', '{\"totalAmount\":\"100\",\"subject\":\"测试\",\"outTradeNo\":\"202202041201073133\",\"body\":\"测试描述\"}', '0:0:0:0:0:0:0:1', 9, 'admin', '吉林省辽源市 联通', 'Chrome 97.0.4692.99', NULL, '2022-02-04 12:01:08');
INSERT INTO `logs` VALUES (943, '支付宝PC网页支付测试', 'INFO', 'com.bs.demo.controller.admin.AlipayController.toPayAsPcTest()', '{\"totalAmount\":\"100\",\"subject\":\"测试\",\"outTradeNo\":\"202202041205585300\",\"body\":\"测试描述\"}', '0:0:0:0:0:0:0:1', 9, 'admin', '吉林省辽源市 联通', 'Chrome 97.0.4692.99', NULL, '2022-02-04 12:05:58');
INSERT INTO `logs` VALUES (944, '支付宝PC网页支付测试', 'INFO', 'com.bs.demo.controller.admin.AlipayController.toPayAsPcTest()', '{\"totalAmount\":\"100\",\"subject\":\"测试\",\"outTradeNo\":\"202202041207532559\",\"body\":\"测试描述\"}', '0:0:0:0:0:0:0:1', 19, 'admin', '吉林省辽源市 联通', 'Chrome 97.0.4692.99', NULL, '2022-02-04 12:07:53');
INSERT INTO `logs` VALUES (945, '支付宝PC网页支付测试', 'INFO', 'com.bs.demo.controller.admin.AlipayController.toPayAsPcTest()', '{\"totalAmount\":\"100\",\"subject\":\"测试\",\"outTradeNo\":\"202202041208593853\",\"body\":\"测试描述\"}', '0:0:0:0:0:0:0:1', 9, 'admin', '吉林省辽源市 联通', 'Chrome 97.0.4692.99', NULL, '2022-02-04 12:08:59');
INSERT INTO `logs` VALUES (946, '支付宝PC网页支付测试', 'INFO', 'com.bs.demo.controller.admin.AlipayController.toPayAsPcTest()', '{\"totalAmount\":\"100\",\"subject\":\"测试\",\"outTradeNo\":\"202202041213352346\",\"body\":\"测试描述\"}', '0:0:0:0:0:0:0:1', 176, 'admin', '吉林省辽源市 联通', 'Chrome 97.0.4692.99', NULL, '2022-02-04 12:13:37');
INSERT INTO `logs` VALUES (947, '支付宝PC网页支付测试', 'INFO', 'com.bs.demo.controller.admin.AlipayController.toPayAsPcTest()', '{\"totalAmount\":\"100\",\"subject\":\"测试\",\"outTradeNo\":\"202202041213554626\",\"body\":\"测试描述\"}', '0:0:0:0:0:0:0:1', 10, 'admin', '吉林省辽源市 联通', 'Chrome 97.0.4692.99', NULL, '2022-02-04 12:13:55');
INSERT INTO `logs` VALUES (948, '支付宝PC网页支付测试', 'INFO', 'com.bs.demo.controller.admin.AlipayController.toPayAsPcTest()', '{\"totalAmount\":\"100\",\"subject\":\"测试\",\"outTradeNo\":\"202202041230165937\",\"body\":\"测试描述\"}', '0:0:0:0:0:0:0:1', 27, 'admin', '吉林省辽源市 联通', 'Chrome 97.0.4692.99', NULL, '2022-02-04 12:30:17');
INSERT INTO `logs` VALUES (949, '支付宝PC网页支付测试', 'INFO', 'com.bs.demo.controller.admin.AlipayController.toPayAsPcTest()', '{\"totalAmount\":\"100\",\"subject\":\"测试\",\"outTradeNo\":\"202202041230582951\",\"body\":\"测试描述\"}', '0:0:0:0:0:0:0:1', 10, 'admin', '吉林省辽源市 联通', 'Chrome 97.0.4692.99', NULL, '2022-02-04 12:30:59');
INSERT INTO `logs` VALUES (950, '支付宝PC网页支付测试', 'INFO', 'com.bs.demo.controller.admin.AlipayController.toPayAsPcTest()', '{\"totalAmount\":\"100\",\"subject\":\"测试\",\"outTradeNo\":\"202202041232034672\",\"body\":\"测试描述\"}', '0:0:0:0:0:0:0:1', 13, 'admin', '吉林省辽源市 联通', 'Chrome 97.0.4692.99', NULL, '2022-02-04 12:32:04');
INSERT INTO `logs` VALUES (951, '支付宝PC网页支付测试', 'INFO', 'com.bs.demo.controller.admin.AlipayController.toPayAsPcTest()', '{\"totalAmount\":\"100\",\"subject\":\"测试\",\"outTradeNo\":\"202202041232073721\",\"body\":\"测试描述\"}', '0:0:0:0:0:0:0:1', 9, 'admin', '吉林省辽源市 联通', 'Chrome 97.0.4692.99', NULL, '2022-02-04 12:32:08');
INSERT INTO `logs` VALUES (952, '支付宝PC网页支付测试', 'INFO', 'com.bs.demo.controller.admin.AlipayController.toPayAsPcTest()', '{\"totalAmount\":\"100\",\"subject\":\"测试\",\"outTradeNo\":\"202202041232496195\",\"body\":\"测试描述\"}', '0:0:0:0:0:0:0:1', 9, 'admin', '吉林省辽源市 联通', 'Chrome 97.0.4692.99', NULL, '2022-02-04 12:32:50');
INSERT INTO `logs` VALUES (953, '支付宝PC网页支付测试', 'INFO', 'com.bs.demo.controller.admin.AlipayController.toPayAsPcTest()', '{\"totalAmount\":\"100\",\"subject\":\"测试\",\"outTradeNo\":\"202202041245484596\",\"body\":\"测试描述\"}', '0:0:0:0:0:0:0:1', 10, 'admin', '吉林省辽源市 联通', 'Chrome 97.0.4692.99', NULL, '2022-02-04 12:45:48');
INSERT INTO `logs` VALUES (954, '支付宝PC网页支付测试', 'INFO', 'com.bs.demo.controller.admin.AlipayController.toPayAsPcTest()', '{\"totalAmount\":\"100\",\"subject\":\"测试\",\"outTradeNo\":\"202202041249034160\",\"body\":\"测试描述\"}', '0:0:0:0:0:0:0:1', 337, 'admin', '吉林省辽源市 联通', 'Chrome 97.0.4692.99', NULL, '2022-02-04 12:49:05');
INSERT INTO `logs` VALUES (955, '支付宝PC网页支付测试', 'INFO', 'com.bs.demo.controller.admin.AlipayController.toPayAsPcTest()', '{\"totalAmount\":\"100\",\"subject\":\"测试\",\"outTradeNo\":\"202202041249421677\",\"body\":\"测试描述\"}', '0:0:0:0:0:0:0:1', 10, 'admin', '吉林省辽源市 联通', 'Chrome 97.0.4692.99', NULL, '2022-02-04 12:49:43');
INSERT INTO `logs` VALUES (956, '支付宝PC网页支付测试', 'INFO', 'com.bs.demo.controller.admin.AlipayController.toPayAsPcTest()', '{\"totalAmount\":\"100\",\"subject\":\"测试\",\"outTradeNo\":\"202202041253109940\",\"body\":\"测试描述\"}', '0:0:0:0:0:0:0:1', 332, 'admin', '吉林省辽源市 联通', 'Chrome 97.0.4692.99', NULL, '2022-02-04 12:53:12');
INSERT INTO `logs` VALUES (957, '支付宝PC网页支付测试', 'INFO', 'com.bs.demo.controller.admin.AlipayController.toPayAsPcTest()', '{\"totalAmount\":\"100\",\"subject\":\"测试\",\"outTradeNo\":\"202202041301517808\",\"body\":\"测试描述\"}', '0:0:0:0:0:0:0:1', 10, 'admin', '吉林省辽源市 联通', 'Chrome 97.0.4692.99', NULL, '2022-02-04 13:01:52');
INSERT INTO `logs` VALUES (958, '支付宝PC网页支付测试', 'INFO', 'com.bs.demo.controller.admin.AlipayController.toPayAsPcTest()', '{\"totalAmount\":\"100\",\"subject\":\"测试\",\"outTradeNo\":\"202202041306113268\",\"body\":\"测试描述\"}', '0:0:0:0:0:0:0:1', 351, 'admin', '吉林省辽源市 联通', 'Chrome 97.0.4692.99', NULL, '2022-02-04 13:06:13');
INSERT INTO `logs` VALUES (959, '支付宝PC网页支付测试', 'INFO', 'com.bs.demo.controller.admin.AlipayController.toPayAsPcTest()', '{\"totalAmount\":\"100\",\"subject\":\"测试\",\"outTradeNo\":\"202202041310425225\",\"body\":\"测试描述\"}', '0:0:0:0:0:0:0:1', 177, 'admin', '吉林省辽源市 联通', 'Chrome 97.0.4692.99', NULL, '2022-02-04 13:10:44');
INSERT INTO `logs` VALUES (960, '支付宝PC网页支付测试', 'INFO', 'com.bs.demo.controller.admin.AlipayController.toPayAsPcTest()', '{\"totalAmount\":\"100\",\"subject\":\"测试\",\"outTradeNo\":\"202202041311427422\",\"body\":\"测试描述\"}', '0:0:0:0:0:0:0:1', 9, 'admin', '吉林省辽源市 联通', 'Chrome 97.0.4692.99', NULL, '2022-02-04 13:11:43');
INSERT INTO `logs` VALUES (961, '支付宝PC网页支付测试', 'INFO', 'com.bs.demo.controller.admin.AlipayController.toPayAsPcTest()', '{\"totalAmount\":\"100\",\"subject\":\"测试\",\"outTradeNo\":\"202202041312516228\",\"body\":\"测试描述\"}', '0:0:0:0:0:0:0:1', 8, 'admin', '吉林省辽源市 联通', 'Chrome 97.0.4692.99', NULL, '2022-02-04 13:12:52');
INSERT INTO `logs` VALUES (962, '支付宝PC网页支付测试', 'INFO', 'com.bs.demo.controller.admin.AlipayController.toPayAsPcTest()', '{\"totalAmount\":\"100\",\"subject\":\"测试\",\"outTradeNo\":\"202202041314173936\",\"body\":\"测试描述\"}', '0:0:0:0:0:0:0:1', 336, 'admin', '吉林省辽源市 联通', 'Chrome 97.0.4692.99', NULL, '2022-02-04 13:14:19');
INSERT INTO `logs` VALUES (963, '支付宝PC网页支付回调', 'INFO', 'com.bs.demo.controller.admin.AlipayController.alipayNotify()', '', '203.209.245.228', 0, '', '北京市 3721科技有限公司', 'Netscape 4.0', NULL, '2022-02-04 13:14:35');
INSERT INTO `logs` VALUES (964, '支付宝PC网页支付测试', 'INFO', 'com.bs.demo.controller.admin.AlipayController.toPayAsPcTest()', '{\"totalAmount\":\"100\",\"subject\":\"测试\",\"outTradeNo\":\"202202041314413505\",\"body\":\"测试描述\"}', '0:0:0:0:0:0:0:1', 10, 'admin', '吉林省辽源市 联通', 'Chrome 97.0.4692.99', NULL, '2022-02-04 13:14:42');
INSERT INTO `logs` VALUES (965, '支付宝PC网页支付测试', 'INFO', 'com.bs.demo.controller.admin.AlipayController.toPayAsPcTest()', '{\"totalAmount\":\"100\",\"subject\":\"测试\",\"outTradeNo\":\"202202041315272807\",\"body\":\"测试描述\"}', '0:0:0:0:0:0:0:1', 9, 'admin', '吉林省辽源市 联通', 'Chrome 97.0.4692.99', NULL, '2022-02-04 13:15:28');
INSERT INTO `logs` VALUES (966, '支付宝PC网页支付回调', 'INFO', 'com.bs.demo.controller.admin.AlipayController.alipayNotify()', '', '203.209.245.226', 0, '', '北京市 3721科技有限公司', 'Netscape 4.0', NULL, '2022-02-04 13:15:55');
INSERT INTO `logs` VALUES (967, '支付宝PC网页支付测试', 'INFO', 'com.bs.demo.controller.admin.AlipayController.toPayAsPcTest()', '{\"totalAmount\":\"100\",\"subject\":\"测试\",\"outTradeNo\":\"202202041317348547\",\"body\":\"测试描述\"}', '0:0:0:0:0:0:0:1', 335, 'admin', '吉林省辽源市 联通', 'Chrome 97.0.4692.99', NULL, '2022-02-04 13:17:36');
INSERT INTO `logs` VALUES (968, '支付宝PC网页支付回调', 'INFO', 'com.bs.demo.controller.admin.AlipayController.alipayNotify()', '', '203.209.245.222', 0, '', '北京市 3721科技有限公司', 'Netscape 4.0', NULL, '2022-02-04 13:18:09');
INSERT INTO `logs` VALUES (969, '支付宝PC网页支付测试', 'INFO', 'com.bs.demo.controller.admin.AlipayController.toPayAsPcTest()', '{\"totalAmount\":\"100\",\"subject\":\"测试\",\"outTradeNo\":\"202202041333393750\",\"body\":\"测试描述\"}', '0:0:0:0:0:0:0:1', 21266, 'admin', '吉林省辽源市 联通', 'Chrome 97.0.4692.99', NULL, '2022-02-04 13:34:01');
INSERT INTO `logs` VALUES (970, '支付宝PC网页支付测试', 'INFO', 'com.bs.demo.controller.admin.AlipayController.toPayAsPcTest()', '{\"totalAmount\":\"100\",\"subject\":\"测试\",\"outTradeNo\":\"202202041416518679\",\"body\":\"测试描述\"}', '0:0:0:0:0:0:0:1', 517191, 'admin', '吉林省辽源市 联通', 'Chrome 97.0.4692.99', NULL, '2022-02-04 14:25:28');
INSERT INTO `logs` VALUES (971, '支付宝PC网页支付测试', 'INFO', 'com.bs.demo.controller.admin.AlipayController.toPayAsPcTest()', '{\"totalAmount\":\"100\",\"subject\":\"测试\",\"outTradeNo\":\"202202041426434342\",\"body\":\"测试描述\"}', '0:0:0:0:0:0:0:1', 11974, 'admin', '吉林省辽源市 联通', 'Chrome 97.0.4692.99', NULL, '2022-02-04 14:26:56');
INSERT INTO `logs` VALUES (972, '支付宝PC网页支付测试', 'INFO', 'com.bs.demo.controller.admin.AlipayController.toPayAsPcTest()', '{\"totalAmount\":\"100\",\"subject\":\"测试\",\"outTradeNo\":\"202202041453075538\",\"body\":\"测试描述\"}', '0:0:0:0:0:0:0:1', 331, 'admin', '吉林省辽源市 联通', 'Chrome 97.0.4692.99', NULL, '2022-02-04 14:53:09');
INSERT INTO `logs` VALUES (973, '支付宝PC网页支付回调', 'INFO', 'com.bs.demo.controller.admin.AlipayController.alipayNotify()', '', '203.209.245.226', 23492, '', '北京市 3721科技有限公司', 'Netscape 4.0', NULL, '2022-02-04 14:53:50');
INSERT INTO `logs` VALUES (974, '支付宝PC网页支付测试', 'INFO', 'com.bs.demo.controller.admin.AlipayController.toPayAsPcTest()', '{\"totalAmount\":\"100\",\"subject\":\"测试\",\"outTradeNo\":\"202202041458135178\",\"body\":\"测试描述\"}', '0:0:0:0:0:0:0:1', 333, 'admin', '吉林省辽源市 联通', 'Chrome 97.0.4692.99', NULL, '2022-02-04 14:58:15');
INSERT INTO `logs` VALUES (975, '支付宝PC网页支付测试', 'INFO', 'com.bs.demo.controller.admin.AlipayController.toPayAsPcTest()', '{\"totalAmount\":\"100\",\"subject\":\"测试\",\"outTradeNo\":\"202202041458228306\",\"body\":\"测试描述\"}', '0:0:0:0:0:0:0:1', 10, 'admin', '吉林省辽源市 联通', 'Chrome 97.0.4692.99', NULL, '2022-02-04 14:58:23');
INSERT INTO `logs` VALUES (976, '支付宝PC网页支付测试', 'INFO', 'com.bs.demo.controller.admin.AlipayController.toPayAsPcTest()', '{\"totalAmount\":\"100\",\"subject\":\"测试\",\"outTradeNo\":\"202202041458303036\",\"body\":\"测试描述\"}', '0:0:0:0:0:0:0:1', 10, 'admin', '吉林省辽源市 联通', 'Chrome 97.0.4692.99', NULL, '2022-02-04 14:58:30');
INSERT INTO `logs` VALUES (977, '支付宝PC网页支付测试', 'INFO', 'com.bs.demo.controller.admin.AlipayController.toPayAsPcTest()', '{\"totalAmount\":\"100\",\"subject\":\"测试\",\"outTradeNo\":\"202202041458341708\",\"body\":\"测试描述\"}', '0:0:0:0:0:0:0:1', 9, 'admin', '吉林省辽源市 联通', 'Chrome 97.0.4692.99', NULL, '2022-02-04 14:58:35');
INSERT INTO `logs` VALUES (978, '支付宝PC网页支付测试', 'INFO', 'com.bs.demo.controller.admin.AlipayController.toPayAsPcTest()', '{\"totalAmount\":\"100\",\"subject\":\"测试\",\"outTradeNo\":\"202202041458418879\",\"body\":\"测试描述\"}', '0:0:0:0:0:0:0:1', 9, 'admin', '吉林省辽源市 联通', 'Chrome 97.0.4692.99', NULL, '2022-02-04 14:58:42');
INSERT INTO `logs` VALUES (979, '支付宝PC网页支付测试', 'INFO', 'com.bs.demo.controller.admin.AlipayController.toPayAsPcTest()', '{\"totalAmount\":\"100\",\"subject\":\"测试\",\"outTradeNo\":\"202202041459214301\",\"body\":\"测试描述\"}', '0:0:0:0:0:0:0:1', 9, 'admin', '吉林省辽源市 联通', 'Chrome 96.0.4664.175', NULL, '2022-02-04 14:59:22');
INSERT INTO `logs` VALUES (980, '支付宝PC网页支付测试', 'INFO', 'com.bs.demo.controller.admin.AlipayController.toPayAsPcTest()', '{\"totalAmount\":\"100\",\"subject\":\"测试\",\"outTradeNo\":\"202202041459276181\",\"body\":\"测试描述\"}', '0:0:0:0:0:0:0:1', 9, 'admin', '吉林省辽源市 联通', 'Chrome 96.0.4664.175', NULL, '2022-02-04 14:59:28');
INSERT INTO `logs` VALUES (981, '支付宝PC网页支付测试', 'INFO', 'com.bs.demo.controller.admin.AlipayController.toPayAsPcTest()', '{\"totalAmount\":\"100\",\"subject\":\"测试\",\"outTradeNo\":\"202202041459351859\",\"body\":\"测试描述\"}', '0:0:0:0:0:0:0:1', 9, 'admin', '吉林省辽源市 联通', 'Chrome 97.0.4692.99', NULL, '2022-02-04 14:59:35');
INSERT INTO `logs` VALUES (982, '支付宝PC网页支付测试', 'INFO', 'com.bs.demo.controller.admin.AlipayController.toPayAsPcTest()', '{\"totalAmount\":\"100\",\"subject\":\"测试\",\"outTradeNo\":\"202202041459391800\",\"body\":\"测试描述\"}', '0:0:0:0:0:0:0:1', 8, 'admin', '吉林省辽源市 联通', 'Chrome 97.0.4692.99', NULL, '2022-02-04 14:59:40');
INSERT INTO `logs` VALUES (983, '支付宝PC网页支付测试', 'INFO', 'com.bs.demo.controller.admin.AlipayController.toPayAsPcTest()', '{\"totalAmount\":\"100\",\"subject\":\"测试\",\"outTradeNo\":\"202202041500378614\",\"body\":\"测试描述\"}', '0:0:0:0:0:0:0:1', 328, 'admin', '吉林省辽源市 联通', 'Chrome 97.0.4692.99', NULL, '2022-02-04 15:00:38');
INSERT INTO `logs` VALUES (984, '支付宝PC网页支付测试', 'INFO', 'com.bs.demo.controller.admin.AlipayController.toPayAsPcTest()', '{\"totalAmount\":\"100\",\"subject\":\"测试\",\"outTradeNo\":\"202202041500466910\",\"body\":\"测试描述\"}', '0:0:0:0:0:0:0:1', 10, 'admin', '吉林省辽源市 联通', 'Chrome 97.0.4692.99', NULL, '2022-02-04 15:00:47');
INSERT INTO `logs` VALUES (985, '支付宝PC网页支付回调', 'INFO', 'com.bs.demo.controller.admin.AlipayController.alipayNotify()', '', '203.209.245.240', 12652060, '', '北京市 3721科技有限公司', 'Netscape 4.0', NULL, '2022-02-04 18:31:57');
INSERT INTO `logs` VALUES (986, '支付宝PC网页支付测试', 'INFO', 'com.bs.demo.controller.admin.AlipayController.toPayAsPcTest()', '{\"totalAmount\":\"100\",\"subject\":\"测试\",\"outTradeNo\":\"202202041832193396\",\"body\":\"测试描述\"}', '0:0:0:0:0:0:0:1', 10, 'admin', '吉林省辽源市 联通', 'Chrome 97.0.4692.99', NULL, '2022-02-04 18:32:19');
INSERT INTO `logs` VALUES (987, '支付宝PC网页支付测试', 'INFO', 'com.bs.demo.controller.admin.AlipayController.toPayAsPcTest()', '{\"totalAmount\":\"100\",\"subject\":\"测试\",\"outTradeNo\":\"202202041833538764\",\"body\":\"测试描述\"}', '0:0:0:0:0:0:0:1', 10, 'admin', '吉林省辽源市 联通', 'Chrome 97.0.4692.99', NULL, '2022-02-04 18:33:53');
INSERT INTO `logs` VALUES (988, '支付宝PC网页支付测试', 'INFO', 'com.bs.demo.controller.admin.AlipayController.toPayAsPcTest()', '{\"totalAmount\":\"100\",\"subject\":\"测试\",\"outTradeNo\":\"202202041835136676\",\"body\":\"测试描述\"}', '0:0:0:0:0:0:0:1', 17, 'admin', '吉林省辽源市 联通', 'Chrome 97.0.4692.99', NULL, '2022-02-04 18:35:14');
INSERT INTO `logs` VALUES (989, '支付宝PC网页支付测试', 'INFO', 'com.bs.demo.controller.admin.AlipayController.toPayAsPcTest()', '{\"totalAmount\":\"100\",\"subject\":\"测试\",\"outTradeNo\":\"202202041839498477\",\"body\":\"测试描述\"}', '0:0:0:0:0:0:0:1', 10, 'admin', '吉林省辽源市 联通', 'Chrome 97.0.4692.99', NULL, '2022-02-04 18:39:50');
INSERT INTO `logs` VALUES (990, '支付宝PC网页支付回调', 'INFO', 'com.bs.demo.controller.admin.AlipayController.alipayNotify()', '', '203.209.245.222', 951244, '', '北京市 3721科技有限公司', 'Netscape 4.0', NULL, '2022-02-04 18:56:11');
INSERT INTO `logs` VALUES (991, '支付宝PC网页支付测试', 'INFO', 'com.bs.demo.controller.admin.AlipayController.toPayAsPcTest()', '{\"totalAmount\":\"100\",\"subject\":\"测试\",\"outTradeNo\":\"202202041856293950\",\"body\":\"测试描述\"}', '0:0:0:0:0:0:0:1', 186, 'admin', '吉林省辽源市 联通', 'Chrome 97.0.4692.99', NULL, '2022-02-04 18:56:31');
INSERT INTO `logs` VALUES (992, '支付宝PC网页支付回调', 'INFO', 'com.bs.demo.controller.admin.AlipayController.alipayNotify()', '', '203.209.245.193', 2301006, '', '北京市 3721科技有限公司', 'Netscape 4.0', NULL, '2022-02-04 19:35:14');
INSERT INTO `logs` VALUES (993, '支付宝PC网页支付测试', 'INFO', 'com.bs.demo.controller.admin.AlipayController.toPayAsPcTest()', '{\"totalAmount\":\"100\",\"subject\":\"测试\",\"outTradeNo\":\"202202041937042534\",\"body\":\"测试描述\"}', '0:0:0:0:0:0:0:1', 14, 'admin', '吉林省辽源市 联通', 'Chrome 97.0.4692.99', NULL, '2022-02-04 19:37:05');
INSERT INTO `logs` VALUES (994, '支付宝PC网页支付回调', 'INFO', 'com.bs.demo.controller.admin.AlipayController.alipayNotify()', '', '203.209.245.251', 4, '', '北京市 3721科技有限公司', 'Netscape 4.0', NULL, '2022-02-04 19:37:31');
INSERT INTO `logs` VALUES (995, '支付宝PC网页支付测试', 'INFO', 'com.bs.demo.controller.admin.AlipayController.toPayAsPcTest()', '{\"totalAmount\":\"100\",\"subject\":\"测试\",\"outTradeNo\":\"202202041938112376\",\"body\":\"测试描述\"}', '0:0:0:0:0:0:0:1', 329, 'admin', '吉林省辽源市 联通', 'Chrome 97.0.4692.99', NULL, '2022-02-04 19:38:12');
INSERT INTO `logs` VALUES (996, '支付宝PC网页支付测试', 'INFO', 'com.bs.demo.controller.admin.AlipayController.toPayAsPcTest()', '{\"totalAmount\":\"100\",\"subject\":\"测试\",\"outTradeNo\":\"202202041938594172\",\"body\":\"测试描述\"}', '0:0:0:0:0:0:0:1', 10, 'admin', '吉林省辽源市 联通', 'Chrome 97.0.4692.99', NULL, '2022-02-04 19:38:59');
INSERT INTO `logs` VALUES (997, '支付宝PC网页支付回调', 'INFO', 'com.bs.demo.controller.admin.AlipayController.alipayNotify()', '', '203.209.245.246', 70744, '', '北京市 3721科技有限公司', 'Netscape 4.0', NULL, '2022-02-04 19:40:42');
INSERT INTO `logs` VALUES (998, '支付宝PC网页支付测试', 'INFO', 'com.bs.demo.controller.admin.AlipayController.toPayAsPcTest()', '{\"totalAmount\":\"100\",\"subject\":\"测试\",\"outTradeNo\":\"202202041940558821\",\"body\":\"测试描述\"}', '0:0:0:0:0:0:0:1', 340, 'admin', '吉林省辽源市 联通', 'Chrome 97.0.4692.99', NULL, '2022-02-04 19:40:57');
INSERT INTO `logs` VALUES (999, '支付宝PC网页支付回调', 'INFO', 'com.bs.demo.controller.admin.AlipayController.alipayNotify()', '', '203.209.245.222', 187434, '', '北京市 3721科技有限公司', 'Netscape 4.0', NULL, '2022-02-04 19:44:26');
INSERT INTO `logs` VALUES (1000, '支付宝PC网页支付测试', 'INFO', 'com.bs.demo.controller.admin.AlipayController.toPayAsPcTest()', '{\"totalAmount\":\"100\",\"subject\":\"测试\",\"outTradeNo\":\"202202041948163592\",\"body\":\"测试描述\"}', '0:0:0:0:0:0:0:1', 22, 'admin', '吉林省辽源市 联通', 'Chrome 97.0.4692.99', NULL, '2022-02-04 19:48:17');
INSERT INTO `logs` VALUES (1001, '支付宝PC网页支付回调', 'INFO', 'com.bs.demo.controller.admin.AlipayController.alipayNotify()', '', '203.209.245.193', 3893652, '', '北京市 3721科技有限公司', 'Netscape 4.0', NULL, '2022-02-04 20:53:33');
INSERT INTO `logs` VALUES (1002, '删除菜单', 'INFO', 'com.bs.demo.controller.admin.RoleController.deleteRole()', '[{\"createTime\":1643660011000,\"roleId\":4,\"roleName\":\"ASDASD\",\"description\":\"ASDASD\",\"updateTime\":1643708882000}]', '127.0.0.1', 26, 'admin', ' 本机地址', 'Chrome 99.0.4844.83', NULL, '2022-03-26 17:56:01');
INSERT INTO `logs` VALUES (1003, '修改菜单', 'INFO', 'com.bs.demo.controller.admin.RoleController.userEdit()', '{\"roleId\":2,\"roleName\":\"TEACHER\",\"description\":\"教师\"}', '127.0.0.1', 15, 'admin', ' 本机地址', 'Chrome 99.0.4844.83', NULL, '2022-03-26 17:56:27');
INSERT INTO `logs` VALUES (1004, '添加菜单', 'INFO', 'com.bs.demo.controller.admin.MenuController.userAdd()', '{\"hasChildren\":0,\"icon\":\"Steve-Jobs\",\"menuName\":\"教师管理\",\"permission\":\"\",\"sort\":20,\"type\":0,\"parentId\":0,\"url\":\"/teacher\"}', '127.0.0.1', 7, 'admin', ' 本机地址', 'Chrome 99.0.4844.83', NULL, '2022-03-26 18:07:49');
INSERT INTO `logs` VALUES (1005, '添加菜单', 'INFO', 'com.bs.demo.controller.admin.MenuController.userAdd()', '{\"hasChildren\":0,\"icon\":\"user\",\"menuName\":\"优秀教师管理\",\"permission\":\"teacher:list\",\"sort\":21,\"type\":1,\"parentId\":67,\"url\":\"/teacher/man\"}', '127.0.0.1', 3, 'admin', ' 本机地址', 'Chrome 99.0.4844.83', NULL, '2022-03-26 18:09:11');
INSERT INTO `logs` VALUES (1006, '添加菜单', 'INFO', 'com.bs.demo.controller.admin.MenuController.userAdd()', '{\"hasChildren\":0,\"icon\":\"\",\"menuName\":\"修改\",\"permission\":\"teacher:edit\",\"sort\":1,\"type\":2,\"parentId\":68,\"url\":\"\"}', '127.0.0.1', 3, 'admin', ' 本机地址', 'Chrome 99.0.4844.83', NULL, '2022-03-26 18:09:52');
INSERT INTO `logs` VALUES (1007, '添加菜单', 'INFO', 'com.bs.demo.controller.admin.MenuController.userAdd()', '{\"hasChildren\":0,\"icon\":\"peoples\",\"menuName\":\"教师管理\",\"permission\":\"teacher:list\",\"sort\":22,\"type\":1,\"parentId\":67,\"url\":\"/teacher/man_teacher\"}', '127.0.0.1', 3, 'admin', ' 本机地址', 'Chrome 99.0.4844.83', NULL, '2022-03-26 18:11:05');
INSERT INTO `logs` VALUES (1008, '删除菜单', 'INFO', 'com.bs.demo.controller.admin.MenuController.deleteRole()', '[{\"createTime\":1648289465000,\"hasChildren\":0,\"icon\":\"peoples\",\"menuId\":70,\"menuName\":\"教师管理\",\"permission\":\"teacher:list\",\"sort\":22,\"type\":1,\"parentId\":67,\"url\":\"/teacher/man_teacher\"}]', '127.0.0.1', 5, 'admin', ' 本机地址', 'Chrome 99.0.4844.83', NULL, '2022-03-26 18:11:22');
INSERT INTO `logs` VALUES (1009, '添加菜单', 'INFO', 'com.bs.demo.controller.admin.MenuController.userAdd()', '{\"hasChildren\":0,\"icon\":\"nested\",\"menuName\":\"平台管理\",\"permission\":\"\",\"sort\":25,\"type\":0,\"parentId\":0,\"url\":\"/platform\"}', '127.0.0.1', 2, 'admin', ' 本机地址', 'Chrome 99.0.4844.83', NULL, '2022-03-26 18:12:45');
INSERT INTO `logs` VALUES (1010, '添加菜单', 'INFO', 'com.bs.demo.controller.admin.MenuController.userAdd()', '{\"hasChildren\":0,\"icon\":\"international\",\"menuName\":\"题库分类管理\",\"permission\":\"library:list\",\"sort\":26,\"type\":1,\"parentId\":71,\"url\":\"/platform/man_library\"}', '127.0.0.1', 7, 'admin', ' 本机地址', 'Chrome 99.0.4844.83', NULL, '2022-03-26 18:14:27');
INSERT INTO `logs` VALUES (1011, '添加菜单', 'INFO', 'com.bs.demo.controller.admin.MenuController.userAdd()', '{\"hasChildren\":0,\"icon\":\"\",\"menuName\":\"添加\",\"permission\":\"library:add\",\"sort\":1,\"type\":2,\"parentId\":72,\"url\":\"\"}', '127.0.0.1', 2, 'admin', ' 本机地址', 'Chrome 99.0.4844.83', NULL, '2022-03-26 18:14:53');
INSERT INTO `logs` VALUES (1012, '添加菜单', 'INFO', 'com.bs.demo.controller.admin.MenuController.userAdd()', '{\"hasChildren\":0,\"icon\":\"\",\"menuName\":\"修改\",\"permission\":\"library:edit\",\"sort\":2,\"type\":2,\"parentId\":72,\"url\":\"\"}', '127.0.0.1', 2, 'admin', ' 本机地址', 'Chrome 99.0.4844.83', NULL, '2022-03-26 18:15:12');
INSERT INTO `logs` VALUES (1013, '添加菜单', 'INFO', 'com.bs.demo.controller.admin.MenuController.userAdd()', '{\"hasChildren\":0,\"icon\":\"\",\"menuName\":\"删除\",\"permission\":\"library:del\",\"sort\":3,\"type\":2,\"parentId\":72,\"url\":\"\"}', '127.0.0.1', 3, 'admin', ' 本机地址', 'Chrome 99.0.4844.83', NULL, '2022-03-26 18:15:32');
INSERT INTO `logs` VALUES (1014, '添加菜单', 'INFO', 'com.bs.demo.controller.admin.MenuController.userAdd()', '{\"hasChildren\":0,\"icon\":\"education\",\"menuName\":\"题库管理\",\"permission\":\"library:list\",\"sort\":30,\"type\":0,\"parentId\":0,\"url\":\"/library\"}', '127.0.0.1', 2, 'admin', ' 本机地址', 'Chrome 99.0.4844.83', NULL, '2022-03-26 18:18:09');
INSERT INTO `logs` VALUES (1015, '添加菜单', 'INFO', 'com.bs.demo.controller.admin.MenuController.userAdd()', '{\"hasChildren\":0,\"icon\":\"database\",\"menuName\":\"题库信息管理\",\"permission\":\"library:list\",\"sort\":31,\"type\":1,\"parentId\":76,\"url\":\"/library/man_library\"}', '127.0.0.1', 3, 'admin', ' 本机地址', 'Chrome 99.0.4844.83', NULL, '2022-03-26 18:19:33');
INSERT INTO `logs` VALUES (1016, '添加菜单', 'INFO', 'com.bs.demo.controller.admin.MenuController.userAdd()', '{\"hasChildren\":0,\"icon\":\"\",\"menuName\":\"题库添加\",\"permission\":\"library:add\",\"sort\":1,\"type\":2,\"parentId\":77,\"url\":\"\"}', '127.0.0.1', 2, 'admin', ' 本机地址', 'Chrome 99.0.4844.83', NULL, '2022-03-26 18:19:59');
INSERT INTO `logs` VALUES (1017, '添加菜单', 'INFO', 'com.bs.demo.controller.admin.MenuController.userAdd()', '{\"hasChildren\":0,\"icon\":\"\",\"menuName\":\"题库修改\",\"permission\":\"library:edit\",\"sort\":2,\"type\":2,\"parentId\":77,\"url\":\"\"}', '127.0.0.1', 3, 'admin', ' 本机地址', 'Chrome 99.0.4844.83', NULL, '2022-03-26 18:20:20');
INSERT INTO `logs` VALUES (1018, '添加菜单', 'INFO', 'com.bs.demo.controller.admin.MenuController.userAdd()', '{\"hasChildren\":0,\"icon\":\"\",\"menuName\":\"题库删除\",\"permission\":\"library:del\",\"sort\":3,\"type\":2,\"parentId\":77,\"url\":\"\"}', '127.0.0.1', 5, 'admin', ' 本机地址', 'Chrome 99.0.4844.83', NULL, '2022-03-26 18:20:38');
INSERT INTO `logs` VALUES (1019, '添加菜单', 'INFO', 'com.bs.demo.controller.admin.MenuController.userAdd()', '{\"hasChildren\":0,\"icon\":\"skill\",\"menuName\":\"题目信息管理\",\"permission\":\"topic:list\",\"sort\":32,\"type\":1,\"parentId\":76,\"url\":\"/library/man_topic\"}', '127.0.0.1', 3, 'admin', ' 本机地址', 'Chrome 99.0.4844.83', NULL, '2022-03-26 18:23:11');
INSERT INTO `logs` VALUES (1020, '添加菜单', 'INFO', 'com.bs.demo.controller.admin.MenuController.userAdd()', '{\"hasChildren\":0,\"icon\":\"\",\"menuName\":\"题目添加\",\"permission\":\"topic:add\",\"sort\":1,\"type\":2,\"parentId\":81,\"url\":\"\"}', '127.0.0.1', 3, 'admin', ' 本机地址', 'Chrome 99.0.4844.83', NULL, '2022-03-26 18:23:46');
INSERT INTO `logs` VALUES (1021, '添加菜单', 'INFO', 'com.bs.demo.controller.admin.MenuController.userAdd()', '{\"hasChildren\":0,\"icon\":\"\",\"menuName\":\"题目修改\",\"permission\":\"topic:edit\",\"sort\":2,\"type\":2,\"parentId\":81,\"url\":\"\"}', '127.0.0.1', 3, 'admin', ' 本机地址', 'Chrome 99.0.4844.83', NULL, '2022-03-26 18:24:08');
INSERT INTO `logs` VALUES (1022, '添加菜单', 'INFO', 'com.bs.demo.controller.admin.MenuController.userAdd()', '{\"hasChildren\":0,\"icon\":\"\",\"menuName\":\"题目删除\",\"permission\":\"topic:del\",\"sort\":3,\"type\":2,\"parentId\":81,\"url\":\"\"}', '127.0.0.1', 2, 'admin', ' 本机地址', 'Chrome 99.0.4844.83', NULL, '2022-03-26 18:25:22');
INSERT INTO `logs` VALUES (1023, '添加菜单', 'INFO', 'com.bs.demo.controller.admin.MenuController.userAdd()', '{\"hasChildren\":0,\"icon\":\"deploy\",\"menuName\":\"学习资源管理\",\"permission\":\"res:list\",\"sort\":27,\"type\":1,\"parentId\":71,\"url\":\"/platform/man-res\"}', '127.0.0.1', 3, 'admin', ' 本机地址', 'Chrome 99.0.4844.83', NULL, '2022-03-26 18:31:37');
INSERT INTO `logs` VALUES (1024, '添加菜单', 'INFO', 'com.bs.demo.controller.admin.MenuController.userAdd()', '{\"hasChildren\":0,\"icon\":\"\",\"menuName\":\"添加\",\"permission\":\"res:add\",\"sort\":1,\"type\":2,\"parentId\":85,\"url\":\"\"}', '127.0.0.1', 3, 'admin', ' 本机地址', 'Chrome 99.0.4844.83', NULL, '2022-03-26 18:32:05');
INSERT INTO `logs` VALUES (1025, '添加菜单', 'INFO', 'com.bs.demo.controller.admin.MenuController.userAdd()', '{\"hasChildren\":0,\"icon\":\"\",\"menuName\":\"删除\",\"permission\":\"res:del\",\"sort\":2,\"type\":2,\"parentId\":85,\"url\":\"\"}', '127.0.0.1', 2, 'admin', ' 本机地址', 'Chrome 99.0.4844.83', NULL, '2022-03-26 18:32:31');
INSERT INTO `logs` VALUES (1026, '添加菜单', 'INFO', 'com.bs.demo.controller.admin.MenuController.userAdd()', '{\"hasChildren\":0,\"icon\":\"edit\",\"menuName\":\"讨论帖子管理\",\"permission\":\"comment:list\",\"sort\":28,\"type\":1,\"parentId\":71,\"url\":\"/platform/man_comment\"}', '127.0.0.1', 4, 'admin', ' 本机地址', 'Chrome 99.0.4844.83', NULL, '2022-03-26 18:34:55');
INSERT INTO `logs` VALUES (1027, '添加菜单', 'INFO', 'com.bs.demo.controller.admin.MenuController.userAdd()', '{\"hasChildren\":0,\"icon\":\"\",\"menuName\":\"删除\",\"permission\":\"comment:del\",\"sort\":1,\"type\":2,\"parentId\":88,\"url\":\"\"}', '127.0.0.1', 4, 'admin', ' 本机地址', 'Chrome 99.0.4844.83', NULL, '2022-03-26 18:35:23');
INSERT INTO `logs` VALUES (1028, '更改角色权限', 'INFO', 'com.bs.demo.controller.admin.RoleMenuController.roleMenuChange()', '{\"roleId\":1,\"menuId\":67}', '127.0.0.1', 4, 'admin', ' 本机地址', 'Chrome 99.0.4844.83', NULL, '2022-03-26 18:36:29');
INSERT INTO `logs` VALUES (1029, '更改角色权限', 'INFO', 'com.bs.demo.controller.admin.RoleMenuController.roleMenuChange()', '{\"roleId\":1,\"menuId\":68}', '127.0.0.1', 4, 'admin', ' 本机地址', 'Chrome 99.0.4844.83', NULL, '2022-03-26 18:36:30');
INSERT INTO `logs` VALUES (1030, '更改角色权限', 'INFO', 'com.bs.demo.controller.admin.RoleMenuController.roleMenuChange()', '{\"roleId\":1,\"menuId\":71}', '127.0.0.1', 3, 'admin', ' 本机地址', 'Chrome 99.0.4844.83', NULL, '2022-03-26 18:36:32');
INSERT INTO `logs` VALUES (1031, '更改角色权限', 'INFO', 'com.bs.demo.controller.admin.RoleMenuController.roleMenuChange()', '{\"roleId\":1,\"menuId\":72}', '127.0.0.1', 2, 'admin', ' 本机地址', 'Chrome 99.0.4844.83', NULL, '2022-03-26 18:36:33');
INSERT INTO `logs` VALUES (1032, '更改角色权限', 'INFO', 'com.bs.demo.controller.admin.RoleMenuController.roleMenuChange()', '{\"roleId\":1,\"menuId\":85}', '127.0.0.1', 2, 'admin', ' 本机地址', 'Chrome 99.0.4844.83', NULL, '2022-03-26 18:36:35');
INSERT INTO `logs` VALUES (1033, '更改角色权限', 'INFO', 'com.bs.demo.controller.admin.RoleMenuController.roleMenuChange()', '{\"roleId\":1,\"menuId\":88}', '127.0.0.1', 3, 'admin', ' 本机地址', 'Chrome 99.0.4844.83', NULL, '2022-03-26 18:36:37');
INSERT INTO `logs` VALUES (1034, '更改角色权限', 'INFO', 'com.bs.demo.controller.admin.RoleMenuController.roleMenuChange()', '{\"roleId\":1,\"menuId\":73}', '127.0.0.1', 3, 'admin', ' 本机地址', 'Chrome 99.0.4844.83', NULL, '2022-03-26 18:36:38');
INSERT INTO `logs` VALUES (1035, '更改角色权限', 'INFO', 'com.bs.demo.controller.admin.RoleMenuController.roleMenuChange()', '{\"roleId\":1,\"menuId\":74}', '127.0.0.1', 4, 'admin', ' 本机地址', 'Chrome 99.0.4844.83', NULL, '2022-03-26 18:36:39');
INSERT INTO `logs` VALUES (1036, '更改角色权限', 'INFO', 'com.bs.demo.controller.admin.RoleMenuController.roleMenuChange()', '{\"roleId\":1,\"menuId\":75}', '127.0.0.1', 2, 'admin', ' 本机地址', 'Chrome 99.0.4844.83', NULL, '2022-03-26 18:36:40');
INSERT INTO `logs` VALUES (1037, '更改角色权限', 'INFO', 'com.bs.demo.controller.admin.RoleMenuController.roleMenuChange()', '{\"roleId\":1,\"menuId\":86}', '127.0.0.1', 2, 'admin', ' 本机地址', 'Chrome 99.0.4844.83', NULL, '2022-03-26 18:36:41');
INSERT INTO `logs` VALUES (1038, '更改角色权限', 'INFO', 'com.bs.demo.controller.admin.RoleMenuController.roleMenuChange()', '{\"roleId\":1,\"menuId\":87}', '127.0.0.1', 2, 'admin', ' 本机地址', 'Chrome 99.0.4844.83', NULL, '2022-03-26 18:36:43');
INSERT INTO `logs` VALUES (1039, '更改角色权限', 'INFO', 'com.bs.demo.controller.admin.RoleMenuController.roleMenuChange()', '{\"roleId\":1,\"menuId\":89}', '127.0.0.1', 2, 'admin', ' 本机地址', 'Chrome 99.0.4844.83', NULL, '2022-03-26 18:36:45');
INSERT INTO `logs` VALUES (1040, '更改角色权限', 'INFO', 'com.bs.demo.controller.admin.RoleMenuController.roleMenuChange()', '{\"roleId\":2,\"menuId\":78}', '127.0.0.1', 3, 'admin', ' 本机地址', 'Chrome 99.0.4844.83', NULL, '2022-03-26 18:38:05');
INSERT INTO `logs` VALUES (1041, '更改角色权限', 'INFO', 'com.bs.demo.controller.admin.RoleMenuController.roleMenuChange()', '{\"roleId\":2,\"menuId\":77}', '127.0.0.1', 3, 'admin', ' 本机地址', 'Chrome 99.0.4844.83', NULL, '2022-03-26 18:38:05');
INSERT INTO `logs` VALUES (1042, '更改角色权限', 'INFO', 'com.bs.demo.controller.admin.RoleMenuController.roleMenuChange()', '{\"roleId\":2,\"menuId\":76}', '127.0.0.1', 2, 'admin', ' 本机地址', 'Chrome 99.0.4844.83', NULL, '2022-03-26 18:38:06');
INSERT INTO `logs` VALUES (1043, '更改角色权限', 'INFO', 'com.bs.demo.controller.admin.RoleMenuController.roleMenuChange()', '{\"roleId\":2,\"menuId\":80}', '127.0.0.1', 2, 'admin', ' 本机地址', 'Chrome 99.0.4844.83', NULL, '2022-03-26 18:38:07');
INSERT INTO `logs` VALUES (1044, '更改角色权限', 'INFO', 'com.bs.demo.controller.admin.RoleMenuController.roleMenuChange()', '{\"roleId\":2,\"menuId\":79}', '127.0.0.1', 2, 'admin', ' 本机地址', 'Chrome 99.0.4844.83', NULL, '2022-03-26 18:38:08');
INSERT INTO `logs` VALUES (1045, '更改角色权限', 'INFO', 'com.bs.demo.controller.admin.RoleMenuController.roleMenuChange()', '{\"roleId\":2,\"menuId\":82}', '127.0.0.1', 5, 'admin', ' 本机地址', 'Chrome 99.0.4844.83', NULL, '2022-03-26 18:38:10');
INSERT INTO `logs` VALUES (1046, '更改角色权限', 'INFO', 'com.bs.demo.controller.admin.RoleMenuController.roleMenuChange()', '{\"roleId\":2,\"menuId\":83}', '127.0.0.1', 2, 'admin', ' 本机地址', 'Chrome 99.0.4844.83', NULL, '2022-03-26 18:38:11');
INSERT INTO `logs` VALUES (1047, '更改角色权限', 'INFO', 'com.bs.demo.controller.admin.RoleMenuController.roleMenuChange()', '{\"roleId\":2,\"menuId\":84}', '127.0.0.1', 3, 'admin', ' 本机地址', 'Chrome 99.0.4844.83', NULL, '2022-03-26 18:38:11');
INSERT INTO `logs` VALUES (1048, '更改角色权限', 'INFO', 'com.bs.demo.controller.admin.RoleMenuController.roleMenuChange()', '{\"roleId\":2,\"menuId\":81}', '127.0.0.1', 2, 'admin', ' 本机地址', 'Chrome 99.0.4844.83', NULL, '2022-03-26 18:38:12');
INSERT INTO `logs` VALUES (1049, '添加菜单', 'INFO', 'com.bs.demo.controller.admin.MenuController.userAdd()', '{\"hasChildren\":0,\"icon\":\"user1\",\"menuName\":\"学生管理\",\"permission\":\"\",\"sort\":40,\"type\":0,\"parentId\":0,\"url\":\"/student\"}', '127.0.0.1', 1, 'admin', ' 本机地址', 'Chrome 99.0.4844.83', NULL, '2022-03-26 18:40:03');
INSERT INTO `logs` VALUES (1050, '添加菜单', 'INFO', 'com.bs.demo.controller.admin.MenuController.userAdd()', '{\"hasChildren\":0,\"icon\":\"tree-table\",\"menuName\":\"学生班级管理\",\"permission\":\"userclass:list\",\"sort\":41,\"type\":1,\"parentId\":90,\"url\":\"/student/man_class\"}', '127.0.0.1', 3, 'admin', ' 本机地址', 'Chrome 99.0.4844.83', NULL, '2022-03-26 18:41:25');
INSERT INTO `logs` VALUES (1051, '添加菜单', 'INFO', 'com.bs.demo.controller.admin.MenuController.userAdd()', '{\"hasChildren\":0,\"icon\":\"people\",\"menuName\":\"学生信息管理\",\"permission\":\"student:list\",\"sort\":42,\"type\":1,\"parentId\":90,\"url\":\"/student/man_student\"}', '127.0.0.1', 3, 'admin', ' 本机地址', 'Chrome 99.0.4844.83', NULL, '2022-03-26 18:42:40');
INSERT INTO `logs` VALUES (1052, '添加菜单', 'INFO', 'com.bs.demo.controller.admin.MenuController.userAdd()', '{\"hasChildren\":0,\"icon\":\"\",\"menuName\":\"添加\",\"permission\":\"userclass:add\",\"sort\":1,\"type\":2,\"parentId\":91,\"url\":\"\"}', '127.0.0.1', 3, 'admin', ' 本机地址', 'Chrome 99.0.4844.83', NULL, '2022-03-26 18:43:12');
INSERT INTO `logs` VALUES (1053, '添加菜单', 'INFO', 'com.bs.demo.controller.admin.MenuController.userAdd()', '{\"hasChildren\":0,\"icon\":\"\",\"menuName\":\"删除\",\"permission\":\"userclass:del\",\"sort\":2,\"type\":2,\"parentId\":91,\"url\":\"\"}', '127.0.0.1', 1, 'admin', ' 本机地址', 'Chrome 99.0.4844.83', NULL, '2022-03-26 18:43:38');
INSERT INTO `logs` VALUES (1054, '添加菜单', 'INFO', 'com.bs.demo.controller.admin.MenuController.userAdd()', '{\"hasChildren\":0,\"icon\":\"\",\"menuName\":\"修改\",\"permission\":\"userclass:edit\",\"sort\":3,\"type\":2,\"parentId\":91,\"url\":\"\"}', '127.0.0.1', 1, 'admin', ' 本机地址', 'Chrome 99.0.4844.83', NULL, '2022-03-26 18:44:01');
INSERT INTO `logs` VALUES (1055, '添加菜单', 'INFO', 'com.bs.demo.controller.admin.MenuController.userAdd()', '{\"hasChildren\":0,\"icon\":\"\",\"menuName\":\"添加\",\"permission\":\"studet:add\",\"sort\":1,\"type\":2,\"parentId\":92,\"url\":\"\"}', '127.0.0.1', 2, 'admin', ' 本机地址', 'Chrome 99.0.4844.83', NULL, '2022-03-26 18:46:07');
INSERT INTO `logs` VALUES (1056, '添加菜单', 'INFO', 'com.bs.demo.controller.admin.MenuController.userAdd()', '{\"hasChildren\":0,\"icon\":\"\",\"menuName\":\"修改\",\"permission\":\"student:edit\",\"sort\":2,\"type\":2,\"parentId\":92,\"url\":\"\"}', '127.0.0.1', 1, 'admin', ' 本机地址', 'Chrome 99.0.4844.83', NULL, '2022-03-26 18:46:42');
INSERT INTO `logs` VALUES (1057, '添加菜单', 'INFO', 'com.bs.demo.controller.admin.MenuController.userAdd()', '{\"hasChildren\":0,\"icon\":\"\",\"menuName\":\"删除\",\"permission\":\"student:del\",\"sort\":3,\"type\":2,\"parentId\":92,\"url\":\"\"}', '127.0.0.1', 1, 'admin', ' 本机地址', 'Chrome 99.0.4844.83', NULL, '2022-03-26 18:47:00');
INSERT INTO `logs` VALUES (1058, '更改角色权限', 'INFO', 'com.bs.demo.controller.admin.RoleMenuController.roleMenuChange()', '{\"roleId\":2,\"menuId\":90}', '127.0.0.1', 3, 'admin', ' 本机地址', 'Chrome 99.0.4844.83', NULL, '2022-03-26 18:47:28');
INSERT INTO `logs` VALUES (1059, '更改角色权限', 'INFO', 'com.bs.demo.controller.admin.RoleMenuController.roleMenuChange()', '{\"roleId\":2,\"menuId\":91}', '127.0.0.1', 3, 'admin', ' 本机地址', 'Chrome 99.0.4844.83', NULL, '2022-03-26 18:47:30');
INSERT INTO `logs` VALUES (1060, '更改角色权限', 'INFO', 'com.bs.demo.controller.admin.RoleMenuController.roleMenuChange()', '{\"roleId\":2,\"menuId\":92}', '127.0.0.1', 2, 'admin', ' 本机地址', 'Chrome 99.0.4844.83', NULL, '2022-03-26 18:47:31');
INSERT INTO `logs` VALUES (1061, '更改角色权限', 'INFO', 'com.bs.demo.controller.admin.RoleMenuController.roleMenuChange()', '{\"roleId\":2,\"menuId\":93}', '127.0.0.1', 2, 'admin', ' 本机地址', 'Chrome 99.0.4844.83', NULL, '2022-03-26 18:47:33');
INSERT INTO `logs` VALUES (1062, '更改角色权限', 'INFO', 'com.bs.demo.controller.admin.RoleMenuController.roleMenuChange()', '{\"roleId\":2,\"menuId\":94}', '127.0.0.1', 2, 'admin', ' 本机地址', 'Chrome 99.0.4844.83', NULL, '2022-03-26 18:47:33');
INSERT INTO `logs` VALUES (1063, '更改角色权限', 'INFO', 'com.bs.demo.controller.admin.RoleMenuController.roleMenuChange()', '{\"roleId\":2,\"menuId\":95}', '127.0.0.1', 2, 'admin', ' 本机地址', 'Chrome 99.0.4844.83', NULL, '2022-03-26 18:47:34');
INSERT INTO `logs` VALUES (1064, '更改角色权限', 'INFO', 'com.bs.demo.controller.admin.RoleMenuController.roleMenuChange()', '{\"roleId\":2,\"menuId\":96}', '127.0.0.1', 2, 'admin', ' 本机地址', 'Chrome 99.0.4844.83', NULL, '2022-03-26 18:47:36');
INSERT INTO `logs` VALUES (1065, '更改角色权限', 'INFO', 'com.bs.demo.controller.admin.RoleMenuController.roleMenuChange()', '{\"roleId\":2,\"menuId\":97}', '127.0.0.1', 4, 'admin', ' 本机地址', 'Chrome 99.0.4844.83', NULL, '2022-03-26 18:47:36');
INSERT INTO `logs` VALUES (1066, '更改角色权限', 'INFO', 'com.bs.demo.controller.admin.RoleMenuController.roleMenuChange()', '{\"roleId\":2,\"menuId\":98}', '127.0.0.1', 3, 'admin', ' 本机地址', 'Chrome 99.0.4844.83', NULL, '2022-03-26 18:47:37');
INSERT INTO `logs` VALUES (1067, '添加菜单', 'INFO', 'com.bs.demo.controller.admin.MenuController.userAdd()', '{\"hasChildren\":0,\"icon\":\"edit\",\"menuName\":\"公告发布\",\"permission\":\"notice:add\",\"sort\":101,\"type\":1,\"parentId\":2,\"url\":\"/notice_add\"}', '127.0.0.1', 4, 'admin', ' 本机地址', 'Chrome 99.0.4844.83', NULL, '2022-03-26 18:54:09');
INSERT INTO `logs` VALUES (1068, '更改角色权限', 'INFO', 'com.bs.demo.controller.admin.RoleMenuController.roleMenuChange()', '{\"roleId\":1,\"menuId\":99}', '127.0.0.1', 3, 'admin', ' 本机地址', 'Chrome 99.0.4844.83', NULL, '2022-03-26 18:54:18');
INSERT INTO `logs` VALUES (1069, '更改角色权限', 'INFO', 'com.bs.demo.controller.admin.RoleMenuController.roleMenuChange()', '{\"roleId\":2,\"menuId\":60}', '127.0.0.1', 4, 'admin', ' 本机地址', 'Chrome 99.0.4844.83', NULL, '2022-03-26 18:56:12');
INSERT INTO `logs` VALUES (1070, '更改角色权限', 'INFO', 'com.bs.demo.controller.admin.RoleMenuController.roleMenuChange()', '{\"roleId\":2,\"menuId\":71}', '127.0.0.1', 3, 'admin', ' 本机地址', 'Chrome 99.0.4844.83', NULL, '2022-03-26 18:56:35');
INSERT INTO `logs` VALUES (1071, '更改角色权限', 'INFO', 'com.bs.demo.controller.admin.RoleMenuController.roleMenuChange()', '{\"roleId\":2,\"menuId\":85}', '127.0.0.1', 3, 'admin', ' 本机地址', 'Chrome 99.0.4844.83', NULL, '2022-03-26 18:56:35');
INSERT INTO `logs` VALUES (1072, '更改角色权限', 'INFO', 'com.bs.demo.controller.admin.RoleMenuController.roleMenuChange()', '{\"roleId\":2,\"menuId\":86}', '127.0.0.1', 3, 'admin', ' 本机地址', 'Chrome 99.0.4844.83', NULL, '2022-03-26 18:56:37');
INSERT INTO `logs` VALUES (1073, '添加用户', 'INFO', 'com.bs.demo.controller.admin.UserController.userAdd()', '{\"phone\":\"18958455555\",\"nickName\":\"学生02\",\"roleId\":3,\"sex\":\"1\",\"roleName\":\"\",\"description\":\"\",\"userName\":\"bbb\",\"email\":\"111@163.com\",\"status\":1}', '127.0.0.1', 116, 'admin', ' 本机地址', 'Chrome 99.0.4844.83', NULL, '2022-03-27 17:51:05');
INSERT INTO `logs` VALUES (1074, '添加用户', 'INFO', 'com.bs.demo.controller.admin.UserController.userAdd()', '{\"phone\":\"18958455555\",\"nickName\":\"学生用户02\",\"roleId\":3,\"sex\":\"1\",\"roleName\":\"\",\"description\":\"\",\"userName\":\"ccc\",\"email\":\"163@163.com\",\"status\":1}', '127.0.0.1', 97, 'admin', ' 本机地址', 'Chrome 99.0.4844.83', NULL, '2022-03-27 17:51:30');
INSERT INTO `logs` VALUES (1075, '添加用户', 'INFO', 'com.bs.demo.controller.admin.UserController.userAdd()', '{\"phone\":\"18958455555\",\"nickName\":\"学生用户03\",\"roleId\":3,\"sex\":\"1\",\"roleName\":\"\",\"description\":\"\",\"userName\":\"ddd\",\"email\":\"189584556@163.com\",\"status\":1}', '127.0.0.1', 93, 'admin', ' 本机地址', 'Chrome 99.0.4844.83', NULL, '2022-03-27 17:51:50');
INSERT INTO `logs` VALUES (1076, '添加用户', 'INFO', 'com.bs.demo.controller.admin.UserController.userAdd()', '{\"phone\":\"18958455555\",\"nickName\":\"学生用户04\",\"roleId\":3,\"sex\":\"1\",\"roleName\":\"\",\"description\":\"\",\"userName\":\"eee\",\"email\":\"gao@163.com\",\"status\":1}', '127.0.0.1', 94, 'admin', ' 本机地址', 'Chrome 99.0.4844.83', NULL, '2022-03-27 17:52:14');
INSERT INTO `logs` VALUES (1077, '添加用户', 'INFO', 'com.bs.demo.controller.admin.UserController.userAdd()', '{\"phone\":\"18958455555\",\"nickName\":\"学生用户05\",\"roleId\":3,\"sex\":\"1\",\"roleName\":\"\",\"description\":\"\",\"userName\":\"fff\",\"email\":\"gao@163.com\",\"status\":1}', '127.0.0.1', 95, 'admin', ' 本机地址', 'Chrome 99.0.4844.83', NULL, '2022-03-27 17:52:35');
INSERT INTO `logs` VALUES (1078, '修改', 'INFO', 'com.bs.demo.controller.LibraryClassController.libraryClassEdit()', '{\"classInfo\":\"JAVAa\",\"classId\":1}', '127.0.0.1', 1, 'admin', ' 本机地址', 'Chrome 99.0.4844.83', NULL, '2022-03-28 20:55:06');
INSERT INTO `logs` VALUES (1079, '修改', 'INFO', 'com.bs.demo.controller.LibraryClassController.libraryClassEdit()', '{\"classInfo\":\"JAVAa\",\"classId\":1}', '127.0.0.1', 0, 'admin', ' 本机地址', 'Chrome 99.0.4844.83', NULL, '2022-03-28 20:55:19');
INSERT INTO `logs` VALUES (1080, '修改', 'INFO', 'com.bs.demo.controller.LibraryClassController.libraryClassEdit()', '{\"classInfo\":\"JAVAa\",\"classId\":1}', '127.0.0.1', 9807, 'admin', ' 本机地址', 'Chrome 99.0.4844.83', NULL, '2022-03-28 20:56:03');
INSERT INTO `logs` VALUES (1081, '添加', 'INFO', 'com.bs.demo.controller.LibraryClassController.libraryClassAdd()', '{\"classInfo\":\"ceshi\"}', '127.0.0.1', 0, 'admin', ' 本机地址', 'Chrome 99.0.4844.83', NULL, '2022-03-28 20:56:11');
INSERT INTO `logs` VALUES (1082, '添加', 'INFO', 'com.bs.demo.controller.LibraryClassController.libraryClassAdd()', '{\"classInfo\":\"aaaa\",\"classId\":4}', '127.0.0.1', 14302, 'admin', ' 本机地址', 'Chrome 99.0.4844.83', NULL, '2022-03-28 20:57:22');
INSERT INTO `logs` VALUES (1083, '修改', 'INFO', 'com.bs.demo.controller.LibraryClassController.libraryClassEdit()', '{\"classInfo\":\"aaaafff\",\"classId\":4}', '127.0.0.1', 7, 'admin', ' 本机地址', 'Chrome 99.0.4844.83', NULL, '2022-03-28 20:57:28');
INSERT INTO `logs` VALUES (1084, '更改角色权限', 'INFO', 'com.bs.demo.controller.admin.RoleMenuController.roleMenuChange()', '{\"roleId\":1,\"menuId\":69}', '127.0.0.1', 16, 'admin', ' 本机地址', 'Chrome 99.0.4844.83', NULL, '2022-03-28 21:11:09');
INSERT INTO `logs` VALUES (1085, '修改', 'INFO', 'com.bs.demo.controller.TeacherController.teacherEdit()', '{\"teacherId\":1,\"teacherName\":\"高老师\",\"teacherInfo\":\"这是高老师的信息描述：他得了好多的奖项ya\",\"teacherImage\":\"/tm1.jpg\"}', '127.0.0.1', 12, 'admin', ' 本机地址', 'Chrome 99.0.4844.83', NULL, '2022-03-28 21:11:31');
INSERT INTO `logs` VALUES (1088, '删除', 'INFO', 'com.bs.demo.controller.LearnResController.deleteLearnRes()', '{\"resId\":7}', '127.0.0.1', 319, 'admin', ' 本机地址', 'Chrome 99.0.4844.83', NULL, '2022-03-28 22:03:56');
INSERT INTO `logs` VALUES (1089, '修改', 'INFO', 'com.bs.demo.controller.TeacherController.teacherEdit()', '{\"teacherId\":1,\"teacherName\":\"高老师\",\"teacherInfo\":\"这是高老师的信息描述：他得了好多的奖项\\n\",\"teacherImage\":\"/tm1.jpg\"}', '127.0.0.1', 7, 'admin', ' 本机地址', 'Chrome 99.0.4844.83', NULL, '2022-03-28 22:13:21');
INSERT INTO `logs` VALUES (1090, '修改', 'INFO', 'com.bs.demo.controller.TeacherController.teacherEdit()', '{\"teacherId\":1,\"teacherName\":\"高老师\",\"teacherInfo\":\"这是高老师的信息描述：他得了好多的奖项啊啊啊\\n\",\"teacherImage\":\"/tm1.jpg\"}', '127.0.0.1', 2, 'admin', ' 本机地址', 'Chrome 99.0.4844.83', NULL, '2022-03-28 22:13:27');
INSERT INTO `logs` VALUES (1091, '删除', 'INFO', 'com.bs.demo.controller.LibraryClassController.deleteLibraryClass()', '[{\"classInfo\":\"aaaafff\",\"classId\":4}]', '127.0.0.1', 8, 'admin', ' 本机地址', 'Chrome 99.0.4844.83', NULL, '2022-03-28 22:13:33');
INSERT INTO `logs` VALUES (1094, '修改', 'INFO', 'com.bs.demo.controller.LearnLibraryController.learnLibraryEdit()', '{\"libraryClass\":\"3\",\"libraryId\":4,\"libraryCode\":1,\"userId\":\"2\",\"libraryInfo\":\"第四个测试的题库\"}', '127.0.0.1', 4080, 'test', ' 本机地址', 'Chrome 99.0.4844.83', NULL, '2022-03-29 12:01:43');
INSERT INTO `logs` VALUES (1095, '修改', 'INFO', 'com.bs.demo.controller.LearnLibraryController.learnLibraryEdit()', '{\"libraryClass\":\"3\",\"libraryId\":4,\"libraryCode\":0,\"userId\":\"2\",\"libraryInfo\":\"第四个测试的题库\"}', '127.0.0.1', 6, 'test', ' 本机地址', 'Chrome 99.0.4844.83', NULL, '2022-03-29 12:02:30');
INSERT INTO `logs` VALUES (1096, '修改', 'INFO', 'com.bs.demo.controller.LearnLibraryController.learnLibraryEdit()', '{\"libraryClass\":\"3\",\"libraryId\":4,\"libraryCode\":1,\"userId\":\"2\",\"libraryInfo\":\"第四个测试的题库\"}', '127.0.0.1', 14, 'test', ' 本机地址', 'Chrome 99.0.4844.83', NULL, '2022-03-29 12:02:35');
INSERT INTO `logs` VALUES (1097, '添加', 'INFO', 'com.bs.demo.controller.LearnLibraryController.learnLibraryAdd()', '{\"libraryClass\":\"1\",\"libraryCode\":1,\"userId\":\"2\",\"libraryInfo\":\"asf\"}', '127.0.0.1', 20, 'test', ' 本机地址', 'Chrome 99.0.4844.83', NULL, '2022-03-29 12:30:19');
INSERT INTO `logs` VALUES (1098, '修改', 'INFO', 'com.bs.demo.controller.LearnLibraryController.learnLibraryEdit()', '{\"libraryClass\":\"1\",\"libraryId\":5,\"libraryCode\":1,\"userId\":\"2\",\"libraryInfo\":\"asfaaa\"}', '127.0.0.1', 6, 'test', ' 本机地址', 'Chrome 99.0.4844.83', NULL, '2022-03-29 12:30:27');
INSERT INTO `logs` VALUES (1100, '删除', 'INFO', 'com.bs.demo.controller.LearnLibraryController.deleteLearnLibrary()', '[{\"libraryClass\":\"JAVA\",\"libraryId\":5,\"libraryCode\":1,\"userId\":\"2\",\"libraryInfo\":\"asfaaa\"}]', '127.0.0.1', 11, 'test', ' 本机地址', 'Chrome 99.0.4844.83', NULL, '2022-03-29 12:36:22');
INSERT INTO `logs` VALUES (1101, '添加', 'INFO', 'com.bs.demo.controller.TopicController.topicAdd()', '{\"topicAnswer\":\"B\",\"topicOption\":\"safzxv|option|a|option|zvxzx|option|afafa\"}', '127.0.0.1', 4, 'test', ' 本机地址', 'Chrome 99.0.4844.83', NULL, '2022-03-29 14:27:26');
INSERT INTO `logs` VALUES (1102, '添加', 'INFO', 'com.bs.demo.controller.TopicController.topicAdd()', '{\"topicAnswer\":\"C\",\"topicOption\":\"safzxv|option|a|option|zvxzx|option|afafa\",\"topicTitle\":\"afafa\"}', '127.0.0.1', 21991, 'test', ' 本机地址', 'Chrome 99.0.4844.83', NULL, '2022-03-29 14:28:37');
INSERT INTO `logs` VALUES (1103, '添加', 'INFO', 'com.bs.demo.controller.TopicController.topicAdd()', '{\"topicAnswer\":\"zvzbz\",\"topicOption\":\"zvzbz|option|zvzv|option|agfaf|option|zvbzg\",\"topicTitle\":\"asfgag\"}', '127.0.0.1', 13467, 'test', ' 本机地址', 'Chrome 99.0.4844.83', NULL, '2022-03-29 14:36:44');
INSERT INTO `logs` VALUES (1104, '添加', 'INFO', 'com.bs.demo.controller.TopicController.topicAdd()', '{\"topicAnswer\":\"zvafaf\",\"libraryId\":\"1\",\"topicOption\":\"zvafaf|option|zxvzfg|option||option|\",\"topicTitle\":\"farwqr\"}', '127.0.0.1', 9840, 'test', ' 本机地址', 'Chrome 99.0.4844.83', NULL, '2022-03-29 14:38:14');
INSERT INTO `logs` VALUES (1105, '添加', 'INFO', 'com.bs.demo.controller.TopicController.topicAdd()', '{\"topicAnswer\":\"aaa\",\"libraryId\":\"1\",\"topicOption\":\"aaa|option|\",\"topicTitle\":\"asdad\"}', '127.0.0.1', 7510, 'test', ' 本机地址', 'Chrome 99.0.4844.83', NULL, '2022-03-29 14:40:25');
INSERT INTO `logs` VALUES (1106, '修改', 'INFO', 'com.bs.demo.controller.TopicController.topicEdit()', '{\"topicAnswer\":\"A. 在工具栏中点击“workflow”标签\",\"topicId\":1,\"libraryId\":\"1\",\"topicOption\":\"A. 在工具栏中点击“workflow”标签|option|B. 在工具栏中点击“workflow”标签|option|C. 在工具栏中点击“workflow”标签|option|D. 在工具栏中点击“workflow”标签\",\"topicInfo\":\"\",\"topicTitle\":\"在生产管理信息系统中，下列操作步骤能正确将工单推进流程的是（ ）\"}', '127.0.0.1', 17660, 'test', ' 本机地址', 'Chrome 99.0.4844.83', NULL, '2022-03-29 14:52:48');
INSERT INTO `logs` VALUES (1107, '修改', 'INFO', 'com.bs.demo.controller.TopicController.topicEdit()', '{\"topicAnswer\":\"B. 在工具栏中点击“workflow”标签\",\"topicId\":1,\"libraryId\":\"1\",\"topicOption\":\"A. 在工具栏中点击“workflow”标签|option|B. 在工具栏中点击“workflow”标签|option|C. 在工具栏中点击“workflow”标签|option|D. 在工具栏中点击“workflow”标签\",\"topicInfo\":\"\",\"topicTitle\":\"在生产管理信息系统中，下列操作步骤能正确将工单推进流程的是（ ）\"}', '127.0.0.1', 6384, 'test', ' 本机地址', 'Chrome 99.0.4844.83', NULL, '2022-03-29 14:52:58');
INSERT INTO `logs` VALUES (1108, '修改', 'INFO', 'com.bs.demo.controller.TopicController.topicEdit()', '{\"topicAnswer\":\"B. 在工具栏中点击“workflow”标签aaa\",\"topicId\":1,\"libraryId\":\"1\",\"topicOption\":\"A. 在工具栏中点击“workflow”标签|option|B. 在工具栏中点击“workflow”标签aaa|option|C. 在工具栏中点击“workflow”标签|option|D. 在工具栏中点击“workflow”标签\",\"topicInfo\":\"\",\"topicTitle\":\"在生产管理信息系统中，下列操作步骤能正确将工单推进流程的是（ ）\"}', '127.0.0.1', 5065, 'test', ' 本机地址', 'Chrome 99.0.4844.83', NULL, '2022-03-29 14:53:58');
INSERT INTO `logs` VALUES (1109, '修改', 'INFO', 'com.bs.demo.controller.TopicController.topicEdit()', '{\"topicAnswer\":\"B. 在工具栏中点击“workflow”标签aaaaa\",\"topicId\":1,\"libraryId\":\"1\",\"topicOption\":\"A. 在工具栏中点击“workflow”标签|option|B. 在工具栏中点击“workflow”标签aaaaa|option|C. 在工具栏中点击“workflow”标签|option|D. 在工具栏中点击“workflow”标签\",\"topicInfo\":\"\",\"topicTitle\":\"在生产管理信息系统中，下列操作步骤能正确将工单推进流程的是（ ）\"}', '127.0.0.1', 9220, 'test', ' 本机地址', 'Chrome 99.0.4844.83', NULL, '2022-03-29 14:54:50');
INSERT INTO `logs` VALUES (1110, '添加', 'INFO', 'com.bs.demo.controller.TopicController.topicAdd()', '{\"topicAnswer\":\"正确选项\",\"topicId\":10,\"libraryId\":\"1\",\"topicOption\":\"正确选项|option|错误|option|错误|option|错误\",\"topicTitle\":\"测试的题目\"}', '127.0.0.1', 6572, 'test', ' 本机地址', 'Chrome 99.0.4844.83', NULL, '2022-03-29 14:55:26');
INSERT INTO `logs` VALUES (1111, '删除', 'INFO', 'com.bs.demo.controller.TopicController.deleteTopic()', '[{\"topicAnswer\":\"B. 在工具栏中点击“workflow”标签aaaaa\",\"topicId\":1,\"libraryId\":\"1\",\"topicOption\":\"A. 在工具栏中点击“workflow”标签|option|B. 在工具栏中点击“workflow”标签aaaaa|option|C. 在工具栏中点击“workflow”标签|option|D. 在工具栏中点击“workflow”标签\",\"topicInfo\":\"\",\"topicTitle\":\"在生产管理信息系统中，下列操作步骤能正确将工单推进流程的是（ ）\"}]', '127.0.0.1', 6, 'test', ' 本机地址', 'Chrome 99.0.4844.83', NULL, '2022-03-29 14:56:06');
INSERT INTO `logs` VALUES (1112, '修改', 'INFO', 'com.bs.demo.controller.UserClassController.userClassEdit()', '{\"classInfo\":\"软件201a\",\"classId\":1}', '127.0.0.1', 13141, 'test', ' 本机地址', 'Chrome 99.0.4844.83', NULL, '2022-03-29 15:06:11');
INSERT INTO `logs` VALUES (1113, '添加', 'INFO', 'com.bs.demo.controller.UserClassController.userClassAdd()', '{\"classInfo\":\"aaa\"}', '127.0.0.1', 5404, 'test', ' 本机地址', 'Chrome 99.0.4844.83', NULL, '2022-03-29 15:06:21');
COMMIT;

-- ----------------------------
-- Table structure for menu
-- ----------------------------
DROP TABLE IF EXISTS `menu`;
CREATE TABLE `menu` (
  `menu_id` int NOT NULL AUTO_INCREMENT COMMENT 'id值',
  `parent_id` int NOT NULL COMMENT '父级菜单id',
  `menu_name` varchar(255) CHARACTER SET utf8 COLLATE utf8_general_ci NOT NULL COMMENT '菜单名称',
  `icon` varchar(255) CHARACTER SET utf8 COLLATE utf8_general_ci DEFAULT NULL COMMENT '菜单图标',
  `url` varchar(255) CHARACTER SET utf8 COLLATE utf8_general_ci DEFAULT NULL COMMENT 'url',
  `permission` varchar(255) CHARACTER SET utf8 COLLATE utf8_general_ci DEFAULT NULL COMMENT '权限',
  `sort` int DEFAULT NULL COMMENT '排序',
  `type` int NOT NULL COMMENT '类型（0为主菜单，1为子菜单，2为按钮）',
  `create_time` datetime DEFAULT NULL COMMENT '创建时间',
  `update_time` datetime DEFAULT NULL ON UPDATE CURRENT_TIMESTAMP COMMENT '更新时间',
  PRIMARY KEY (`menu_id`) USING BTREE
) ENGINE=InnoDB AUTO_INCREMENT=100 DEFAULT CHARSET=utf8mb3 ROW_FORMAT=DYNAMIC;

-- ----------------------------
-- Records of menu
-- ----------------------------
BEGIN;
INSERT INTO `menu` VALUES (1, 0, '首页', 'dashboard', '/', '', 0, 0, '2020-07-13 20:14:26', '2022-03-10 21:44:23');
INSERT INTO `menu` VALUES (2, 0, '系统管理', 'system', '/system', '', 1, 0, '2020-07-13 20:19:02', '2020-07-13 20:19:08');
INSERT INTO `menu` VALUES (3, 2, '用户管理', 'peoples', '/system/user', 'user:list', 2, 1, '2020-07-10 09:34:17', '2020-07-10 09:34:20');
INSERT INTO `menu` VALUES (4, 2, '角色管理', 'role', '/system/role', 'role:list', 3, 1, '2020-07-10 09:34:50', '2020-07-10 09:34:53');
INSERT INTO `menu` VALUES (5, 2, '菜单管理', 'menu', '/system/menu', 'menu:list', 4, 1, '2020-07-10 09:34:50', '2020-07-10 09:34:53');
INSERT INTO `menu` VALUES (6, 3, '用户新增', NULL, NULL, 'user:add', 1, 2, '2022-01-22 01:43:16', '2022-01-22 01:43:19');
INSERT INTO `menu` VALUES (7, 3, '用户修改', NULL, NULL, 'user:edit', 2, 2, '2022-01-22 01:43:16', '2022-01-22 01:43:19');
INSERT INTO `menu` VALUES (8, 3, '用户删除', NULL, NULL, 'user:del', 3, 2, '2022-01-22 01:43:16', '2022-01-22 01:43:19');
INSERT INTO `menu` VALUES (9, 4, '角色添加', NULL, NULL, 'role:add', 1, 2, '2022-01-22 01:43:16', '2022-01-22 01:43:19');
INSERT INTO `menu` VALUES (10, 4, '角色修改', NULL, NULL, 'role:edit', 2, 2, '2022-01-22 01:43:16', '2022-01-22 01:43:19');
INSERT INTO `menu` VALUES (11, 4, '角色权限配置', NULL, NULL, 'role:menu:change', 3, 2, '2022-01-22 01:43:16', '2022-01-22 01:43:19');
INSERT INTO `menu` VALUES (12, 4, '角色删除', NULL, NULL, 'role:del', 3, 2, '2022-01-22 01:43:16', '2022-01-22 01:43:19');
INSERT INTO `menu` VALUES (13, 5, '菜单添加', NULL, NULL, 'menu:add', 1, 2, '2022-01-22 01:43:16', '2022-01-22 01:43:19');
INSERT INTO `menu` VALUES (14, 5, '菜单修改', NULL, NULL, 'menu:edit', 2, 2, '2022-01-22 01:43:16', '2022-01-22 01:43:19');
INSERT INTO `menu` VALUES (15, 5, '菜单删除', NULL, NULL, 'menu:del', 3, 2, '2022-01-22 01:43:16', '2022-01-22 01:43:19');
INSERT INTO `menu` VALUES (50, 0, '系统监控', 'monitor', '/monitor', '', 50, 0, '2022-01-27 08:33:35', '2022-01-27 08:33:41');
INSERT INTO `menu` VALUES (51, 50, '日志监控', 'log', '/monitor/logs', 'log:monitor', 51, 1, '2022-02-01 08:06:00', '2022-02-01 10:08:13');
INSERT INTO `menu` VALUES (52, 50, '服务监控', 'codeConsole', '/monitor/server', 'server:monitor', 52, 1, '2022-01-27 08:33:35', '2022-02-01 08:08:58');
INSERT INTO `menu` VALUES (54, 51, '日志删除', '', '', 'logs:del', 1, 2, '2022-02-01 10:45:42', '2022-02-01 14:29:05');
INSERT INTO `menu` VALUES (60, 0, '系统工具', 'sys-tools', '/utils', '', 60, 0, '2022-01-31 09:38:31', '2022-01-31 22:57:35');
INSERT INTO `menu` VALUES (61, 60, '公告管理', 'gonggao', '/utils/notice', 'notice:list', 61, 1, '2022-02-01 03:14:35', '2022-02-02 17:44:19');
INSERT INTO `menu` VALUES (62, 60, '接口文档', 'swagger', '/utils/swagger', 'swagger:list', 62, 1, '2022-01-31 09:34:33', '2022-02-02 13:36:16');
INSERT INTO `menu` VALUES (63, 61, '公告添加', '', '', 'notice:add', 1, 2, '2022-02-01 15:16:59', '2022-02-01 15:19:16');
INSERT INTO `menu` VALUES (64, 61, '公告修改', '', '', 'notice:edit', 2, 2, '2022-02-01 15:17:31', '2022-02-01 15:19:19');
INSERT INTO `menu` VALUES (65, 61, '公告删除', '', '', 'notice:del', 3, 2, '2022-02-01 15:18:25', '2022-02-01 17:31:33');
INSERT INTO `menu` VALUES (66, 60, '支付宝工具', 'alipay', '/utils/alipay', 'ali:config', 63, 1, '2022-02-02 12:56:24', '2022-02-02 14:47:42');
INSERT INTO `menu` VALUES (67, 0, '教师管理', 'Steve-Jobs', '/teacher', '', 20, 0, '2022-03-26 18:07:49', NULL);
INSERT INTO `menu` VALUES (68, 67, '优秀教师管理', 'user', '/teacher/man', 'teacher:list', 21, 1, '2022-03-26 18:09:11', NULL);
INSERT INTO `menu` VALUES (69, 68, '修改', '', '', 'teacher:edit', 1, 2, '2022-03-26 18:09:52', NULL);
INSERT INTO `menu` VALUES (71, 0, '平台管理', 'nested', '/platform', '', 25, 0, '2022-03-26 18:12:45', NULL);
INSERT INTO `menu` VALUES (72, 71, '题库分类管理', 'international', '/platform/man_library', 'libraryclass:list', 26, 1, '2022-03-26 18:14:27', '2022-03-26 18:16:54');
INSERT INTO `menu` VALUES (73, 72, '添加', '', '', 'libraryclass:add', 1, 2, '2022-03-26 18:14:52', '2022-03-26 18:17:06');
INSERT INTO `menu` VALUES (74, 72, '修改', '', '', 'libraryclass:edit', 2, 2, '2022-03-26 18:15:12', '2022-03-26 18:17:14');
INSERT INTO `menu` VALUES (75, 72, '删除', '', '', 'libraryclass:del', 3, 2, '2022-03-26 18:15:32', '2022-03-26 18:17:20');
INSERT INTO `menu` VALUES (76, 0, '题库管理', 'education', '/library', '', 30, 0, '2022-03-26 18:18:09', '2022-03-26 18:21:04');
INSERT INTO `menu` VALUES (77, 76, '题库信息管理', 'database', '/library/man_library', 'library:list', 31, 1, '2022-03-26 18:19:33', NULL);
INSERT INTO `menu` VALUES (78, 77, '题库添加', '', '', 'library:add', 1, 2, '2022-03-26 18:19:59', NULL);
INSERT INTO `menu` VALUES (79, 77, '题库修改', '', '', 'library:edit', 2, 2, '2022-03-26 18:20:20', NULL);
INSERT INTO `menu` VALUES (80, 77, '题库删除', '', '', 'library:del', 3, 2, '2022-03-26 18:20:38', NULL);
INSERT INTO `menu` VALUES (81, 76, '题目信息管理', 'skill', '/library/man_topic', 'topic:list', 32, 1, '2022-03-26 18:23:11', NULL);
INSERT INTO `menu` VALUES (82, 81, '题目添加', '', '', 'topic:add', 1, 2, '2022-03-26 18:23:46', NULL);
INSERT INTO `menu` VALUES (83, 81, '题目修改', '', '', 'topic:edit', 2, 2, '2022-03-26 18:24:08', NULL);
INSERT INTO `menu` VALUES (84, 81, '题目删除', '', '', 'topic:del', 3, 2, '2022-03-26 18:25:21', NULL);
INSERT INTO `menu` VALUES (85, 71, '学习资源管理', 'deploy', '/platform/man_res', 'res:list', 27, 1, '2022-03-26 18:31:36', '2022-03-26 21:29:27');
INSERT INTO `menu` VALUES (86, 85, '添加', '', '', 'res:add', 1, 2, '2022-03-26 18:32:05', NULL);
INSERT INTO `menu` VALUES (87, 85, '删除', '', '', 'res:del', 2, 2, '2022-03-26 18:32:30', NULL);
INSERT INTO `menu` VALUES (88, 71, '讨论帖子管理', 'edit', '/platform/man_comment', 'comment:list', 28, 1, '2022-03-26 18:34:55', NULL);
INSERT INTO `menu` VALUES (89, 88, '删除', '', '', 'comment:del', 1, 2, '2022-03-26 18:35:23', NULL);
INSERT INTO `menu` VALUES (90, 0, '班级管理', 'user1', '/student', '', 40, 0, '2022-03-26 18:40:03', '2022-03-27 13:00:41');
INSERT INTO `menu` VALUES (91, 90, '班级管理', 'tree-table', '/student/man_class', 'userclass:list', 41, 1, '2022-03-26 18:41:25', '2022-03-27 13:00:43');
INSERT INTO `menu` VALUES (93, 91, '添加', '', '', 'userclass:add', 1, 2, '2022-03-26 18:43:12', NULL);
INSERT INTO `menu` VALUES (94, 91, '删除', '', '', 'userclass:del', 2, 2, '2022-03-26 18:43:38', NULL);
INSERT INTO `menu` VALUES (95, 91, '修改', '', '', 'userclass:edit', 3, 2, '2022-03-26 18:44:01', NULL);
INSERT INTO `menu` VALUES (99, 2, '公告发布', 'edit', '/notice_add', 'notice:add', 101, 1, '2022-03-26 18:54:09', NULL);
COMMIT;

-- ----------------------------
-- Table structure for notice
-- ----------------------------
DROP TABLE IF EXISTS `notice`;
CREATE TABLE `notice` (
  `notice_id` int NOT NULL AUTO_INCREMENT,
  `notice_title` varchar(255) CHARACTER SET utf8 COLLATE utf8_general_ci DEFAULT NULL,
  `notice_content` longtext CHARACTER SET utf8 COLLATE utf8_general_ci,
  `notice_img` longtext CHARACTER SET utf8 COLLATE utf8_general_ci,
  `create_user` varchar(255) CHARACTER SET utf8 COLLATE utf8_general_ci DEFAULT NULL,
  `update_user` varchar(255) CHARACTER SET utf8 COLLATE utf8_general_ci DEFAULT NULL,
  `create_time` datetime DEFAULT NULL,
  `update_time` datetime DEFAULT NULL ON UPDATE CURRENT_TIMESTAMP,
  PRIMARY KEY (`notice_id`) USING BTREE
) ENGINE=InnoDB AUTO_INCREMENT=18 DEFAULT CHARSET=utf8mb3 ROW_FORMAT=DYNAMIC;

-- ----------------------------
-- Records of notice
-- ----------------------------
BEGIN;
INSERT INTO `notice` VALUES (16, '测试', '<h1 id=\"6qeuq\">公告的样式内容展示</h1><p><b>内容</b></p>', NULL, 'admin', NULL, '2022-02-23 22:01:01', '2022-03-10 21:38:23');
INSERT INTO `notice` VALUES (17, '测试的标题', '<h1 id=\"wjyhg\">一级标题</h1><h2 id=\"x71y5\">二级标题</h2><h3 id=\"ko20l\">三级标题</h3><p><b>加粗字体</b></p><p data-we-empty-p=\"\" style=\"line-height:3;\"><b>调整间距</b></p><p data-we-empty-p=\"\" style=\"line-height:3;\"><b>调整间距</b></p><p data-we-empty-p=\"\" style=\"\"><b><u><i>下划线与斜体</i></u></b></p><p data-we-empty-p=\"\" style=\"\"><font face=\"华文楷体\">华文楷体字体</font></p><p data-we-empty-p=\"\" style=\"\"><font face=\"华文楷体\" color=\"#c24f4a\">带颜色字体</font></p><p data-we-empty-p=\"\" style=\"line-height:3;\"><b><br/></b></p><p data-we-empty-p=\"\" style=\"line-height:3;\"><b><br/></b></p>', NULL, 'admin', NULL, '2022-02-23 22:03:00', '2022-03-10 21:38:51');
COMMIT;

-- ----------------------------
-- Table structure for posts
-- ----------------------------
DROP TABLE IF EXISTS `posts`;
CREATE TABLE `posts` (
  `posts_id` int NOT NULL AUTO_INCREMENT COMMENT '帖子编号',
  `user_id` varchar(255) DEFAULT NULL COMMENT '用户编号',
  `posts_title` varchar(255) DEFAULT NULL COMMENT '帖子标题',
  `posts_info` text COMMENT '帖子内容',
  `create_time` datetime DEFAULT NULL COMMENT '发帖时间',
  PRIMARY KEY (`posts_id`)
) ENGINE=InnoDB AUTO_INCREMENT=9 DEFAULT CHARSET=utf8mb3;

-- ----------------------------
-- Records of posts
-- ----------------------------
BEGIN;
INSERT INTO `posts` VALUES (1, '1', 'JAVA学习', 'Java是半编译半解释性语言，它将.java的源程序文件编译成拓展名为.class的字节码文件，字节码文件可以在任何一台装有JVM虚拟机的操作系统上运行，从而达到“一次编译，随处运行”的目的。 Java 特点：简单的 面向对象的 分布式的 解释执行的 健壮的 安全的 结构中立的 可移植的 高效率的 多线程的 动态的和跨平台的编程语言。 Java的三个平台标准：Java SE4（标准版：用于开发桌面应用程序） Java EE（企业版：用于开发和部署服务端的应用程序） Java ME（移动端：已被安卓、IOS、鸿蒙OS所淘汰）。', '2022-03-27 17:40:08');
INSERT INTO `posts` VALUES (2, '1', 'TypeScript学习', 'TypeScript 是微软推出的一门语言TypeScript 是JavaScript 的超集，包含 ES新增了类型系统和完整的面向对象语法使用 TS 编写的项目更加健硕，更加便于扩展和维护', '2022-03-27 17:40:08');
INSERT INTO `posts` VALUES (3, '2', 'MySQL学习', '在学习MySQL的时候，我选择的是mysql命令行实用程序，因为它对于快速测试和执行脚本非常有价值，并且便于传播与存储。我们首先输入命令来连接到MySQL，连接的时候需要输入我们安装时候设置的root密码。在这里使用了root用户登录到mysql服务器，我们也可以使用其他mysql用户登录。', '2022-03-27 17:40:08');
INSERT INTO `posts` VALUES (4, '2', 'Spring Boot学习路线', '  Spring Boot 学习路线，本文计划根据作者近几年的工作、学习经验，来分析和制定一个学习使用 Spring Boot技术的步骤路线图。\n\n SpringBoot是伴随着Spring4.0诞生的； SpringBoot的目标是简化Spring的开发过程、让开发者快速搭建框架和web容器。并为微服务提供更好的支持，提供服务监控能力。Spring为开发者带来了简单和能力：\n\n Spring Boot使编码变简单\n\nSpring Boot使配置变简单\n\nSpring Boot使监控变简单\n\nSpring Boot使部署变简单', '2022-03-27 17:40:08');
INSERT INTO `posts` VALUES (6, '1', 'Typescript 3.1', '<h1>元组和数组上的映射类型</h1><p>TypeScript 3.1，在元组和数组上的映射对象类型现在会生成新的元组/数组，而非创建一个新的类型并且这个类型上具有如<code>push()</code>，<code>pop()</code>和<code>length</code>这样的成员。 例子：</p><pre><br/><code>type MapToPromise&lt;T&gt; = { [K in keyof T]: Promise&lt;T[K]&gt; };\n\ntype Coordinate = [number, number]\n\ntype PromiseCoordinate = MapToPromise&lt;Coordinate&gt;; // [Promise&lt;number&gt;, Promise&lt;number&gt;]\n</code></pre><p><code>MapToPromise</code>接收参数<code>T</code>，当它是个像<code>Coordinate</code>这样的元组时，只有数值型属性会被转换。&nbsp;<code>[number, number]</code>具有两个数值型属性：<code>0</code>和<code>1</code>。 针对这样的数组，<code>MapToPromise</code>会创建一个新的元组，<code>0</code>和<code>1</code>属性是原类型的一个<code>Promise</code>。 因此<code>PromiseCoordinate</code>的类型为<code>[Promise&lt;number&gt;, Promise&lt;number&gt;]</code>。</p>', '2022-03-28 19:38:25');
INSERT INTO `posts` VALUES (8, '1', '这是一个测试的帖子', '<h1 id=\"nfrrg\">啊啊啊啊</h1><p><br/></p><p><br/></p><h2 id=\"vp6dm\">萨达达</h2>', '2022-03-28 22:14:20');
COMMIT;

-- ----------------------------
-- Table structure for role
-- ----------------------------
DROP TABLE IF EXISTS `role`;
CREATE TABLE `role` (
  `role_id` int NOT NULL AUTO_INCREMENT COMMENT 'roleID',
  `role_name` varchar(255) CHARACTER SET utf8 COLLATE utf8_general_ci NOT NULL COMMENT '名称',
  `description` varchar(255) CHARACTER SET utf8 COLLATE utf8_general_ci DEFAULT NULL COMMENT '描述',
  `create_time` datetime DEFAULT NULL COMMENT '创建时间',
  `update_time` datetime DEFAULT NULL ON UPDATE CURRENT_TIMESTAMP COMMENT '更新时间',
  PRIMARY KEY (`role_id`) USING BTREE
) ENGINE=InnoDB AUTO_INCREMENT=5 DEFAULT CHARSET=utf8mb3 ROW_FORMAT=DYNAMIC;

-- ----------------------------
-- Records of role
-- ----------------------------
BEGIN;
INSERT INTO `role` VALUES (1, 'ADMIN', '超级管理员', '2021-12-27 00:00:00', '2021-12-27 00:00:00');
INSERT INTO `role` VALUES (2, 'TEACHER', '教师', '2022-01-29 14:07:42', '2022-03-26 17:56:27');
INSERT INTO `role` VALUES (3, 'USER', '用户', '2022-01-29 15:41:53', '2022-01-29 15:42:09');
COMMIT;

-- ----------------------------
-- Table structure for role_menu
-- ----------------------------
DROP TABLE IF EXISTS `role_menu`;
CREATE TABLE `role_menu` (
  `role_id` int NOT NULL COMMENT '规则ID',
  `menu_id` int NOT NULL COMMENT '菜单ID',
  PRIMARY KEY (`role_id`,`menu_id`) USING BTREE
) ENGINE=InnoDB DEFAULT CHARSET=utf8mb3 ROW_FORMAT=DYNAMIC;

-- ----------------------------
-- Records of role_menu
-- ----------------------------
BEGIN;
INSERT INTO `role_menu` VALUES (1, 1);
INSERT INTO `role_menu` VALUES (1, 2);
INSERT INTO `role_menu` VALUES (1, 3);
INSERT INTO `role_menu` VALUES (1, 4);
INSERT INTO `role_menu` VALUES (1, 5);
INSERT INTO `role_menu` VALUES (1, 6);
INSERT INTO `role_menu` VALUES (1, 7);
INSERT INTO `role_menu` VALUES (1, 8);
INSERT INTO `role_menu` VALUES (1, 9);
INSERT INTO `role_menu` VALUES (1, 10);
INSERT INTO `role_menu` VALUES (1, 11);
INSERT INTO `role_menu` VALUES (1, 12);
INSERT INTO `role_menu` VALUES (1, 13);
INSERT INTO `role_menu` VALUES (1, 14);
INSERT INTO `role_menu` VALUES (1, 15);
INSERT INTO `role_menu` VALUES (1, 50);
INSERT INTO `role_menu` VALUES (1, 51);
INSERT INTO `role_menu` VALUES (1, 52);
INSERT INTO `role_menu` VALUES (1, 54);
INSERT INTO `role_menu` VALUES (1, 60);
INSERT INTO `role_menu` VALUES (1, 61);
INSERT INTO `role_menu` VALUES (1, 62);
INSERT INTO `role_menu` VALUES (1, 63);
INSERT INTO `role_menu` VALUES (1, 64);
INSERT INTO `role_menu` VALUES (1, 65);
INSERT INTO `role_menu` VALUES (1, 66);
INSERT INTO `role_menu` VALUES (1, 67);
INSERT INTO `role_menu` VALUES (1, 68);
INSERT INTO `role_menu` VALUES (1, 69);
INSERT INTO `role_menu` VALUES (1, 71);
INSERT INTO `role_menu` VALUES (1, 72);
INSERT INTO `role_menu` VALUES (1, 73);
INSERT INTO `role_menu` VALUES (1, 74);
INSERT INTO `role_menu` VALUES (1, 75);
INSERT INTO `role_menu` VALUES (1, 85);
INSERT INTO `role_menu` VALUES (1, 86);
INSERT INTO `role_menu` VALUES (1, 87);
INSERT INTO `role_menu` VALUES (1, 88);
INSERT INTO `role_menu` VALUES (1, 89);
INSERT INTO `role_menu` VALUES (1, 99);
INSERT INTO `role_menu` VALUES (2, 1);
INSERT INTO `role_menu` VALUES (2, 61);
INSERT INTO `role_menu` VALUES (2, 66);
INSERT INTO `role_menu` VALUES (2, 71);
INSERT INTO `role_menu` VALUES (2, 76);
INSERT INTO `role_menu` VALUES (2, 77);
INSERT INTO `role_menu` VALUES (2, 78);
INSERT INTO `role_menu` VALUES (2, 79);
INSERT INTO `role_menu` VALUES (2, 80);
INSERT INTO `role_menu` VALUES (2, 81);
INSERT INTO `role_menu` VALUES (2, 82);
INSERT INTO `role_menu` VALUES (2, 83);
INSERT INTO `role_menu` VALUES (2, 84);
INSERT INTO `role_menu` VALUES (2, 85);
INSERT INTO `role_menu` VALUES (2, 86);
INSERT INTO `role_menu` VALUES (2, 90);
INSERT INTO `role_menu` VALUES (2, 91);
INSERT INTO `role_menu` VALUES (2, 93);
INSERT INTO `role_menu` VALUES (2, 94);
INSERT INTO `role_menu` VALUES (2, 95);
INSERT INTO `role_menu` VALUES (3, 1);
COMMIT;

-- ----------------------------
-- Table structure for role_user
-- ----------------------------
DROP TABLE IF EXISTS `role_user`;
CREATE TABLE `role_user` (
  `user_id` int NOT NULL COMMENT '用户ID',
  `role_id` int NOT NULL COMMENT '规则ID',
  PRIMARY KEY (`user_id`) USING BTREE
) ENGINE=InnoDB DEFAULT CHARSET=utf8mb3 ROW_FORMAT=DYNAMIC;

-- ----------------------------
-- Records of role_user
-- ----------------------------
BEGIN;
INSERT INTO `role_user` VALUES (1, 1);
INSERT INTO `role_user` VALUES (2, 2);
INSERT INTO `role_user` VALUES (3, 3);
INSERT INTO `role_user` VALUES (4, 3);
INSERT INTO `role_user` VALUES (5, 3);
INSERT INTO `role_user` VALUES (6, 3);
INSERT INTO `role_user` VALUES (7, 3);
INSERT INTO `role_user` VALUES (8, 3);
COMMIT;

-- ----------------------------
-- Table structure for student
-- ----------------------------
DROP TABLE IF EXISTS `student`;
CREATE TABLE `student` (
  `class_id` int DEFAULT NULL COMMENT '班级编号',
  `user_id` varchar(255) DEFAULT NULL COMMENT '学生编号'
) ENGINE=InnoDB DEFAULT CHARSET=utf8mb3;

-- ----------------------------
-- Records of student
-- ----------------------------
BEGIN;
INSERT INTO `student` VALUES (1, '3');
INSERT INTO `student` VALUES (2, '4');
INSERT INTO `student` VALUES (3, '5');
INSERT INTO `student` VALUES (4, '6');
INSERT INTO `student` VALUES (5, '7');
INSERT INTO `student` VALUES (5, '8');
COMMIT;

-- ----------------------------
-- Table structure for teacher
-- ----------------------------
DROP TABLE IF EXISTS `teacher`;
CREATE TABLE `teacher` (
  `teacher_name` varchar(255) CHARACTER SET utf8 COLLATE utf8_general_ci DEFAULT NULL COMMENT '优秀教师名',
  `teacher_info` varchar(255) CHARACTER SET utf8 COLLATE utf8_general_ci DEFAULT NULL COMMENT '优秀教师描述',
  `teacher_image` varchar(255) CHARACTER SET utf8 COLLATE utf8_general_ci DEFAULT NULL COMMENT '优秀教师图片',
  `teacher_id` int NOT NULL AUTO_INCREMENT COMMENT '优秀教师id',
  PRIMARY KEY (`teacher_id`)
) ENGINE=InnoDB AUTO_INCREMENT=5 DEFAULT CHARSET=utf8mb3;

-- ----------------------------
-- Records of teacher
-- ----------------------------
BEGIN;
INSERT INTO `teacher` VALUES ('高老师', '这是高老师的信息描述：他得了好多的奖项啊啊啊\n', '/tm1.jpg', 1);
INSERT INTO `teacher` VALUES ('张老师', '这是张老师的信息描述：他得了好多的奖项', '/tm2.jpg', 2);
INSERT INTO `teacher` VALUES ('耿老师', '这是耿老师的信息描述：他得了好多的奖项', '/tm3.jpg', 3);
INSERT INTO `teacher` VALUES ('杜老师', '这是杜老师的信息描述：他得了好多的奖项', '/tm4.jpg', 4);
COMMIT;

-- ----------------------------
-- Table structure for topic
-- ----------------------------
DROP TABLE IF EXISTS `topic`;
CREATE TABLE `topic` (
  `topic_id` int NOT NULL AUTO_INCREMENT COMMENT '赛题编号uuid',
  `library_id` varchar(255) CHARACTER SET utf8 COLLATE utf8_general_ci DEFAULT NULL COMMENT '题库id',
  `topic_title` varchar(255) DEFAULT NULL COMMENT '赛题标题',
  `topic_answer` varchar(255) DEFAULT NULL COMMENT '赛题答案',
  `topic_info` varchar(255) CHARACTER SET utf8 COLLATE utf8_general_ci DEFAULT NULL COMMENT '用户选项',
  `topic_option` text COMMENT '选项信息',
  PRIMARY KEY (`topic_id`)
) ENGINE=InnoDB AUTO_INCREMENT=11 DEFAULT CHARSET=utf8mb3;

-- ----------------------------
-- Records of topic
-- ----------------------------
BEGIN;
INSERT INTO `topic` VALUES (2, '1', '在营销系统中查询客户有无欠费、余额及抄表数据接待客户时应做到哪些最基本的礼仪？', 'A. 起身、微笑、示坐、问候客户', NULL, 'A. 起身、微笑、示坐、问候客户|option|B. 坐着，问候客户|option|C. 坐着，问候客户|option|D. 请问需要办理什么业务');
INSERT INTO `topic` VALUES (3, '2', '二号题库：在生产管理信息系统中，下列操作步骤能正确将工单推进流程的是（ ）', 'A. 在工具栏中点击“workflow”标签', NULL, 'A. 在工具栏中点击“workflow”标签|option|B. 在工具栏中点击“workflow”标签|option|C. 在工具栏中点击“workflow”标签|option|D. 在工具栏中点击“workflow”标签');
INSERT INTO `topic` VALUES (4, '2', '二号题库：在营销系统中查询客户有无欠费、余额及抄表数据接待客户时应做到哪些最基本的礼仪？', 'A. 起身、微笑、示坐、问候客户', NULL, 'A. 起身、微笑、示坐、问候客户|option|B. 坐着，问候客户|option|C. 坐着，问候客户|option|D. 请问需要办理什么业务');
INSERT INTO `topic` VALUES (5, '3', '三号题库：在生产管理信息系统中，下列操作步骤能正确将工单推进流程的是（ ）', 'A. 在工具栏中点击“workflow”标签', NULL, 'A. 在工具栏中点击“workflow”标签|option|B. 在工具栏中点击“workflow”标签|option|C. 在工具栏中点击“workflow”标签|option|D. 在工具栏中点击“workflow”标签');
INSERT INTO `topic` VALUES (6, '3', '三号题库：在营销系统中查询客户有无欠费、余额及抄表数据接待客户时应做到哪些最基本的礼仪？', 'A. 起身、微笑、示坐、问候客户', NULL, 'A. 起身、微笑、示坐、问候客户|option|B. 坐着，问候客户|option|C. 坐着，问候客户|option|D. 请问需要办理什么业务');
INSERT INTO `topic` VALUES (7, '4', '四号题库：在生产管理信息系统中，下列操作步骤能正确将工单推进流程的是（ ）', 'A. 在工具栏中点击“workflow”标签', NULL, 'A. 在工具栏中点击“workflow”标签|option|B. 在工具栏中点击“workflow”标签|option|C. 在工具栏中点击“workflow”标签|option|D. 在工具栏中点击“workflow”标签');
INSERT INTO `topic` VALUES (8, '4', '四号题库：在营销系统中查询客户有无欠费、余额及抄表数据接待客户时应做到哪些最基本的礼仪？', 'A. 起身、微笑、示坐、问候客户', NULL, 'A. 起身、微笑、示坐、问候客户|option|B. 坐着，问候客户|option|C. 坐着，问候客户|option|D. 请问需要办理什么业务');
INSERT INTO `topic` VALUES (10, '1', '测试的题目', '正确选项', NULL, '正确选项|option|错误|option|错误|option|错误');
COMMIT;

-- ----------------------------
-- Table structure for user
-- ----------------------------
DROP TABLE IF EXISTS `user`;
CREATE TABLE `user` (
  `user_id` int NOT NULL AUTO_INCREMENT COMMENT '用户ID',
  `user_name` varchar(255) CHARACTER SET latin1 COLLATE latin1_swedish_ci NOT NULL COMMENT '用户名',
  `password` varchar(255) CHARACTER SET latin1 COLLATE latin1_swedish_ci NOT NULL COMMENT '密码',
  `nick_name` varchar(255) CHARACTER SET utf8 COLLATE utf8_general_ci NOT NULL COMMENT '昵称',
  `sex` varchar(1) CHARACTER SET latin1 COLLATE latin1_swedish_ci DEFAULT NULL COMMENT '性别',
  `phone` varchar(255) CHARACTER SET latin1 COLLATE latin1_swedish_ci DEFAULT NULL COMMENT '电话',
  `email` varchar(255) CHARACTER SET latin1 COLLATE latin1_swedish_ci DEFAULT NULL COMMENT '邮箱',
  `avatar` varchar(255) CHARACTER SET latin1 COLLATE latin1_swedish_ci DEFAULT NULL COMMENT '头像',
  `status` int DEFAULT NULL COMMENT '状态',
  `create_user` varchar(255) CHARACTER SET latin1 COLLATE latin1_swedish_ci DEFAULT NULL COMMENT '创建人',
  `update_user` varchar(255) CHARACTER SET latin1 COLLATE latin1_swedish_ci DEFAULT NULL COMMENT '更新人',
  `create_time` datetime DEFAULT NULL COMMENT '创建时间',
  `update_time` datetime DEFAULT NULL ON UPDATE CURRENT_TIMESTAMP COMMENT '更新时间',
  PRIMARY KEY (`user_id`) USING BTREE
) ENGINE=InnoDB AUTO_INCREMENT=9 DEFAULT CHARSET=latin1 ROW_FORMAT=DYNAMIC;

-- ----------------------------
-- Records of user
-- ----------------------------
BEGIN;
INSERT INTO `user` VALUES (1, 'admin', '$2a$10$hWB2BGZnd9eSRwCLlGjt2e71Tb6DNn2IegHlHO4VQIjAIkupwPVeu', '超级管理员', '0', '18888888888', '123456@qq.com', '297bd065-60c6-439a-afdd-190f3d72a32b.JPG', 1, 'admin', 'admin', '2022-01-01 02:39:40', '2022-03-10 17:59:24');
INSERT INTO `user` VALUES (2, 'test', '$2a$10$2fUxxn89LdzugrEJIMBLm.gHqLu92iutIr4jeCJF1dQ/lGSVACL26', '测试教师', '0', '13740250781', '123456@qq.com', '507a2aa7-344a-41eb-beec-62c045ad78d2.jpeg', 1, 'admin', 'admin', '2022-01-29 08:55:48', '2022-03-29 15:08:53');
INSERT INTO `user` VALUES (3, 'aaa', '$2a$10$sL9mO62VjZmvybFlXWWZ.uTBxZvtoEmf1AjUypA/ofYyZbDQMSX9q', '学生用户01', '1', '13940250784', '123456789@qq.com', '739e3ac7-3500-4720-a9f0-fe4790ef9206.JPG', 1, 'admin', 'admin', '2022-02-01 01:49:41', '2022-03-29 15:09:19');
INSERT INTO `user` VALUES (4, 'bbb', '$2a$10$zhB/zcN9li7P//qEgTKX8uyGA4dEf7z5g.j9CPHrOI9S91YUkQw82', '学生用户02', '1', '18958455555', '111@163.com', 'fc402d04-4ec5-4388-8c39-1e5a52c27173.jpeg', 1, 'admin', NULL, '2022-03-27 17:51:03', '2022-03-29 15:09:41');
INSERT INTO `user` VALUES (5, 'ccc', '$2a$10$2HcHDsbtu64THaGk9kfVSu/LFsCAQCXX9bNrbgPmBoq5By432FId6', '学生用户02', '1', '18958455555', '163@163.com', '/assets/admin/avatar.gif', 1, 'admin', NULL, '2022-03-27 17:51:30', NULL);
INSERT INTO `user` VALUES (6, 'ddd', '$2a$10$WG29bF5h3anRC1shrO3cLuYG1.MIbgCZ3p0HPXfOsoEKv.RrF7Z0.', '学生用户03', '1', '18958455555', '189584556@163.com', '87237fab-3b21-4bb4-97c4-8bf0d6c6294e.JPG', 1, 'admin', NULL, '2022-03-27 17:51:50', '2022-03-29 15:10:47');
INSERT INTO `user` VALUES (7, 'eee', '$2a$10$Y4X8UvCpyynckBGKo5PSuu56Su9fvK2dPqOwPzJuGWLVUgasoXy6G', '学生用户04', '1', '18958455555', 'gao@163.com', '/assets/admin/avatar.gif', 1, 'admin', NULL, '2022-03-27 17:52:14', NULL);
INSERT INTO `user` VALUES (8, 'fff', '$2a$10$8f.A1KrUc9qAs/zLv42LouGO0v83E25VCfHcqfHuEqVSIk3R0GdsS', '学生用户05', '1', '18958455555', 'gao@163.com', '/assets/admin/avatar.gif', 1, 'admin', NULL, '2022-03-27 17:52:35', NULL);
COMMIT;

-- ----------------------------
-- Table structure for user_class
-- ----------------------------
DROP TABLE IF EXISTS `user_class`;
CREATE TABLE `user_class` (
  `class_id` int NOT NULL AUTO_INCREMENT COMMENT '班级编号',
  `class_info` varchar(255) DEFAULT NULL COMMENT '班级信息',
  `user_id` varchar(255) DEFAULT NULL COMMENT '教师编号',
  PRIMARY KEY (`class_id`)
) ENGINE=InnoDB AUTO_INCREMENT=6 DEFAULT CHARSET=utf8mb3;

-- ----------------------------
-- Records of user_class
-- ----------------------------
BEGIN;
INSERT INTO `user_class` VALUES (1, '软件201', '2');
INSERT INTO `user_class` VALUES (2, '软件202', '2');
INSERT INTO `user_class` VALUES (3, '软件203', '2');
INSERT INTO `user_class` VALUES (4, '软件204', '2');
INSERT INTO `user_class` VALUES (5, '软件205', '2');
COMMIT;

SET FOREIGN_KEY_CHECKS = 1;
